/* Auto-generated: DXT5 font atlas captured from xemu VRAM.
 * 256x256 DXT5, 65536 bytes from VRAM offset 0x021C4100
 * Used for menu text rendering in Burnout 3.
 */

#define FONT_ATLAS_WIDTH 256
#define FONT_ATLAS_HEIGHT 256
#define FONT_ATLAS_SIZE 65536
#define FONT_ATLAS_DWORDS 16384

static const unsigned char font_atlas_dxt5[] = {
    0x00, 0x01, 0x00, 0x00, 0x00, 0x00, 0x00, 0x00, 0x00, 0x00, 0xFF, 0xFF, 0x55, 0x55, 0x55, 0x55,
    0x0A, 0xC6, 0xB6, 0x6D, 0x30, 0xC8, 0xCF, 0xFF, 0x00, 0x00, 0xFF, 0xFF, 0x55, 0x55, 0x55, 0x55,
    0xFF, 0x03, 0x49, 0x22, 0x80, 0x00, 0x08, 0xA8, 0x00, 0x00, 0xFF, 0xFF, 0x55, 0x55, 0x55, 0x55,
    0xFC, 0x00, 0x49, 0x92, 0x01, 0x19, 0x10, 0x0A, 0x00, 0x00, 0xFF, 0xFF, 0x55, 0x55, 0x55, 0x55,
    0x0F, 0xEF, 0xB6, 0x9D, 0x0E, 0xFF, 0xFB, 0xFF, 0x00, 0x00, 0xFF, 0xFF, 0x55, 0x55, 0x55, 0x55,
    0x0B, 0x74, 0xB6, 0x6D, 0xDB, 0xB0, 0x1D, 0xDB, 0x00, 0x00, 0xFF, 0xFF, 0x55, 0x55, 0x55, 0x55,
    0xFF, 0x00, 0x09, 0x90, 0x00, 0x09, 0x90, 0x00, 0x00, 0x00, 0xFF, 0xFF, 0x55, 0x55, 0x55, 0x55,
    0x00, 0x01, 0x00, 0x00, 0x00, 0x00, 0x00, 0x00, 0x00, 0x00, 0xFF, 0xFF, 0x55, 0x55, 0x55, 0x55,
    0x5B, 0xF9, 0xB6, 0x61, 0xE3, 0x76, 0x6F, 0xE7, 0x00, 0x00, 0xFF, 0xFF, 0x55, 0x55, 0x55, 0x55,
    0xFE, 0x0C, 0x82, 0x0C, 0x00, 0x4D, 0x91, 0x04, 0x00, 0x00, 0xFF, 0xFF, 0x55, 0x55, 0x55, 0x55,
    0x5A, 0xF8, 0xB6, 0x0D, 0xDB, 0xB5, 0x1D, 0xDB, 0x00, 0x00, 0xFF, 0xFF, 0x55, 0x55, 0x55, 0x55,
    0x13, 0xEB, 0xB6, 0x61, 0x2B, 0x46, 0xEE, 0xFD, 0x00, 0x00, 0xFF, 0xFF, 0x55, 0x55, 0x55, 0x55,
    0xFF, 0x17, 0x9D, 0x00, 0x00, 0x00, 0x00, 0x3D, 0x00, 0x00, 0xFF, 0xFF, 0x55, 0x55, 0x55, 0x55,
    0xFD, 0x26, 0x10, 0x03, 0x00, 0x00, 0x70, 0x01, 0x00, 0x00, 0xFF, 0xFF, 0x55, 0x55, 0x55, 0x55,
    0x01, 0xFF, 0x00, 0x30, 0x00, 0x11, 0x10, 0x02, 0x00, 0x00, 0xFF, 0xFF, 0x55, 0x55, 0x55, 0x55,
    0xFF, 0x00, 0x09, 0x90, 0x00, 0x09, 0x90, 0x00, 0x00, 0x00, 0xFF, 0xFF, 0x55, 0x55, 0x55, 0x55,
    0xFF, 0x00, 0x40, 0x02, 0x24, 0x40, 0x02, 0x24, 0x00, 0x00, 0xFF, 0xFF, 0x55, 0x55, 0x55, 0x55,
    0xFE, 0xFF, 0x49, 0x92, 0x24, 0x49, 0x92, 0x24, 0x00, 0x00, 0xFF, 0xFF, 0x55, 0x55, 0x55, 0x55,
    0x00, 0x01, 0x00, 0x00, 0x00, 0x00, 0x00, 0x00, 0x00, 0x00, 0xFF, 0xFF, 0x55, 0x55, 0x55, 0x55,
    0x00, 0x01, 0x00, 0x00, 0x00, 0x00, 0x00, 0x00, 0x00, 0x00, 0xFF, 0xFF, 0x55, 0x55, 0x55, 0x55,
    0x12, 0xE2, 0x76, 0xEF, 0xFD, 0xC8, 0xDF, 0x9F, 0x00, 0x00, 0xFF, 0xFF, 0x55, 0x55, 0x55, 0x55,
    0x80, 0x91, 0xBF, 0x7C, 0xDA, 0xB1, 0x6D, 0xDB, 0x00, 0x00, 0xFF, 0xFF, 0x55, 0x55, 0x55, 0x55,
    0xFF, 0x00, 0x49, 0x90, 0x04, 0x49, 0x90, 0x04, 0x00, 0x00, 0xFF, 0xFF, 0x55, 0x55, 0x55, 0x55,
    0xFF, 0x00, 0x00, 0x02, 0x20, 0x00, 0x02, 0x20, 0x00, 0x00, 0xFF, 0xFF, 0x55, 0x55, 0x55, 0x55,
    0xFF, 0x00, 0x01, 0x10, 0x00, 0x01, 0x10, 0x00, 0x00, 0x00, 0xFF, 0xFF, 0x55, 0x55, 0x55, 0x55,
    0xFF, 0x00, 0x48, 0x82, 0x24, 0x48, 0x82, 0x24, 0x00, 0x00, 0xFF, 0xFF, 0x55, 0x55, 0x55, 0x55,
    0xFF, 0x00, 0x49, 0x90, 0x04, 0x49, 0x90, 0x04, 0x00, 0x00, 0xFF, 0xFF, 0x55, 0x55, 0x55, 0x55,
    0xFF, 0x00, 0x00, 0x02, 0x20, 0x00, 0x02, 0x20, 0x00, 0x00, 0xFF, 0xFF, 0x55, 0x55, 0x55, 0x55,
    0xFF, 0x00, 0x01, 0x10, 0x00, 0x01, 0x10, 0x00, 0x00, 0x00, 0xFF, 0xFF, 0x55, 0x55, 0x55, 0x55,
    0xFF, 0x00, 0x48, 0x82, 0x24, 0x48, 0x82, 0x24, 0x00, 0x00, 0xFF, 0xFF, 0x55, 0x55, 0x55, 0x55,
    0x12, 0xE2, 0x76, 0xEF, 0xFD, 0xC8, 0xDF, 0x9F, 0x00, 0x00, 0xFF, 0xFF, 0x55, 0x55, 0x55, 0x55,
    0x80, 0x91, 0xBF, 0x7C, 0xDA, 0xB1, 0x6D, 0xDB, 0x00, 0x00, 0xFF, 0xFF, 0x55, 0x55, 0x55, 0x55,
    0xCE, 0xDA, 0xC6, 0xEF, 0xFD, 0xE6, 0xEF, 0xFC, 0x00, 0x00, 0xFF, 0xFF, 0x55, 0x55, 0x55, 0x55,
    0x21, 0xFF, 0x49, 0x92, 0x24, 0x49, 0x02, 0xDB, 0x00, 0x00, 0xFF, 0xFF, 0x55, 0x55, 0x55, 0x55,
    0xFF, 0x00, 0x00, 0x00, 0x00, 0x00, 0x90, 0x24, 0x00, 0x00, 0xFF, 0xFF, 0x55, 0x55, 0x55, 0x55,
    0x2E, 0xA8, 0xB6, 0x6D, 0xBB, 0xB6, 0x6E, 0xE7, 0x00, 0x00, 0xFF, 0xFF, 0x55, 0x55, 0x55, 0x55,
    0x16, 0xFF, 0x62, 0x93, 0x24, 0x49, 0x92, 0x10, 0x00, 0x00, 0xFF, 0xFF, 0x55, 0x55, 0x55, 0x55,
    0x0B, 0xF3, 0x49, 0xF7, 0xFF, 0xFF, 0x0F, 0xFE, 0x00, 0x00, 0xFF, 0xFF, 0x55, 0x55, 0x55, 0x55,
    0x06, 0xC7, 0xB0, 0x1D, 0xD8, 0xA7, 0xFD, 0xD8, 0x00, 0x00, 0xFF, 0xFF, 0x55, 0x55, 0x55, 0x55,
    0xFF, 0x00, 0x00, 0x00, 0x00, 0x00, 0x90, 0x24, 0x00, 0x00, 0xFF, 0xFF, 0x55, 0x55, 0x55, 0x55,
    0x20, 0xFF, 0x49, 0x92, 0x24, 0x49, 0x62, 0x1B, 0x00, 0x00, 0xFF, 0xFF, 0x55, 0x55, 0x55, 0x55,
    0xFF, 0xF2, 0x00, 0x00, 0x00, 0x00, 0x00, 0x20, 0x00, 0x00, 0xFF, 0xFF, 0x55, 0x55, 0x55, 0x55,
    0x08, 0xCE, 0xB6, 0x61, 0x23, 0x36, 0x6F, 0xE7, 0x00, 0x00, 0xFF, 0xFF, 0x55, 0x55, 0x55, 0x55,
    0x13, 0xF2, 0x6B, 0xF2, 0xFF, 0x3F, 0xF1, 0xC3, 0x00, 0x00, 0xFF, 0xFF, 0x55, 0x55, 0x55, 0x55,
    0x0E, 0xFA, 0xE9, 0xF0, 0xBF, 0xFB, 0x8F, 0xFF, 0x00, 0x00, 0xFF, 0xFF, 0x55, 0x55, 0x55, 0x55,
    0x13, 0xE0, 0xB6, 0x0D, 0xDB, 0xB4, 0x1D, 0xDB, 0x00, 0x00, 0xFF, 0xFF, 0x55, 0x55, 0x55, 0x55,
    0xFF, 0x00, 0x89, 0x91, 0x0C, 0x39, 0x90, 0x02, 0x00, 0x00, 0xFF, 0xFF, 0x55, 0x55, 0x55, 0x55,
    0xFF, 0x3D, 0x00, 0x0E, 0x80, 0x00, 0xB0, 0x01, 0x00, 0x00, 0xFF, 0xFF, 0x55, 0x55, 0x55, 0x55,
    0xA0, 0x00, 0x49, 0x92, 0x24, 0x4F, 0xB2, 0x24, 0x00, 0x00, 0xFF, 0xFF, 0x55, 0x55, 0x55, 0x55,
    0xFF, 0x00, 0x01, 0x10, 0x00, 0x01, 0x10, 0x00, 0x00, 0x00, 0xFF, 0xFF, 0x55, 0x55, 0x55, 0x55,
    0xFF, 0x00, 0x48, 0x80, 0x04, 0x48, 0x80, 0x04, 0x00, 0x00, 0xFF, 0xFF, 0x55, 0x55, 0x55, 0x55,
    0xFF, 0x00, 0x00, 0x02, 0x20, 0x00, 0x02, 0x20, 0x00, 0x00, 0xFF, 0xFF, 0x55, 0x55, 0x55, 0x55,
    0xFF, 0x04, 0x03, 0x70, 0x00, 0x21, 0x90, 0x08, 0x00, 0x00, 0xFF, 0xFF, 0x55, 0x55, 0x55, 0x55,
    0x1F, 0xFD, 0xB5, 0x1D, 0xD8, 0x99, 0x9D, 0xDA, 0x00, 0x00, 0xFF, 0xFF, 0x55, 0x55, 0x55, 0x55,
    0x1A, 0xF4, 0xDE, 0xEF, 0xFE, 0xC8, 0xBF, 0x3F, 0x00, 0x00, 0xFF, 0xFF, 0x55, 0x55, 0x55, 0x55,
    0xFF, 0x00, 0x58, 0x82, 0x27, 0x4C, 0xF2, 0x24, 0x00, 0x00, 0xFF, 0xFF, 0x55, 0x55, 0x55, 0x55,
    0xFF, 0x02, 0x19, 0x90, 0x03, 0x09, 0x91, 0x44, 0x00, 0x00, 0xFF, 0xFF, 0x55, 0x55, 0x55, 0x55,
    0x1F, 0xFE, 0xA9, 0x9D, 0xC0, 0xC9, 0x9C, 0xD4, 0x00, 0x00, 0xFF, 0xFF, 0x55, 0x55, 0x55, 0x55,
    0x00, 0x01, 0x00, 0x00, 0x00, 0x00, 0x00, 0x00, 0x00, 0x00, 0xFF, 0xFF, 0x55, 0x55, 0x55, 0x55,
    0x00, 0x95, 0x00, 0x00, 0x00, 0x00, 0x04, 0xA0, 0x00, 0x00, 0xFF, 0xFF, 0x55, 0x55, 0x55, 0x55,
    0x10, 0xF6, 0xFB, 0xDF, 0x3F, 0xF9, 0xF9, 0x07, 0x00, 0x00, 0xFF, 0xFF, 0x55, 0x55, 0x55, 0x55,
    0x2B, 0xB8, 0xB1, 0x0F, 0xFB, 0xB6, 0x6F, 0xDB, 0x00, 0x00, 0xFF, 0xFF, 0x55, 0x55, 0x55, 0x55,
    0xFF, 0x00, 0x00, 0x02, 0x20, 0x00, 0x92, 0x24, 0x00, 0x00, 0xFF, 0xFF, 0x55, 0x55, 0x55, 0x55,
    0x00, 0x01, 0x00, 0x00, 0x00, 0x00, 0x00, 0x00, 0x00, 0x00, 0xFF, 0xFF, 0x55, 0x55, 0x55, 0x55,
    0x00, 0x01, 0x00, 0x00, 0x00, 0x00, 0x00, 0x00, 0x00, 0x00, 0xFF, 0xFF, 0x55, 0x55, 0x55, 0x55,
    0x18, 0xF3, 0xFD, 0x9B, 0x5F, 0xF9, 0xF1, 0x1F, 0x00, 0x00, 0xFF, 0xFF, 0x55, 0x55, 0x55, 0x55,
    0x26, 0x00, 0x48, 0x92, 0x24, 0x49, 0x92, 0x24, 0x00, 0x00, 0xFF, 0xFF, 0x55, 0x55, 0x55, 0x55,
    0x01, 0x00, 0x49, 0x90, 0x24, 0x49, 0x92, 0x24, 0x00, 0x00, 0xFF, 0xFF, 0x55, 0x55, 0x55, 0x55,
    0x35, 0xFF, 0x68, 0x62, 0x25, 0x46, 0x62, 0x24, 0x00, 0x00, 0xFF, 0xFF, 0x55, 0x55, 0x55, 0x55,
    0xB4, 0xFB, 0xB2, 0x5D, 0xDB, 0xB1, 0x7D, 0xDB, 0x00, 0x00, 0xFF, 0xFF, 0x55, 0x55, 0x55, 0x55,
    0xFF, 0x00, 0x09, 0x90, 0x00, 0x09, 0x90, 0x00, 0x00, 0x00, 0xFF, 0xFF, 0x55, 0x55, 0x55, 0x55,
    0x00, 0x01, 0x00, 0x00, 0x00, 0x00, 0x00, 0x00, 0x00, 0x00, 0xFF, 0xFF, 0x55, 0x55, 0x55, 0x55,
    0x5B, 0xD8, 0x76, 0x6E, 0xE3, 0xB6, 0x61, 0xDB, 0x00, 0x00, 0xFF, 0xFF, 0x55, 0x55, 0x55, 0x55,
    0xFF, 0x06, 0x4D, 0x01, 0x00, 0x82, 0x9C, 0x24, 0x00, 0x00, 0xFF, 0xFF, 0x55, 0x55, 0x55, 0x55,
    0x5B, 0xD7, 0xB1, 0x0D, 0xDB, 0xB6, 0x6D, 0xDB, 0x00, 0x00, 0xFF, 0xFF, 0x55, 0x55, 0x55, 0x55,
    0xAF, 0xFF, 0x46, 0x62, 0x26, 0x6E, 0xE2, 0x24, 0x00, 0x00, 0xFF, 0xFF, 0x55, 0x55, 0x55, 0x55,
    0x06, 0x6E, 0xAF, 0x7D, 0xD9, 0x87, 0x7D, 0xDB, 0x00, 0x00, 0xFF, 0xFF, 0x55, 0x55, 0x55, 0x55,
    0x01, 0x66, 0xEE, 0x6F, 0xFD, 0xC6, 0x6F, 0xDB, 0x00, 0x00, 0xFF, 0xFF, 0x55, 0x55, 0x55, 0x55,
    0xE0, 0xF8, 0x87, 0xFD, 0xD8, 0xBF, 0x6D, 0xDB, 0x00, 0x00, 0xFF, 0xFF, 0x55, 0x55, 0x55, 0x55,
    0x1A, 0xF0, 0xB6, 0x6D, 0xDB, 0x36, 0x66, 0xE5, 0x00, 0x00, 0xFF, 0xFF, 0x55, 0x55, 0x55, 0x55,
    0xAE, 0xF7, 0xB6, 0x6D, 0xDB, 0x6A, 0xF2, 0xFF, 0x00, 0x00, 0xFF, 0xFF, 0x55, 0x55, 0x55, 0x55,
    0x17, 0xE9, 0xB6, 0x6D, 0xDB, 0xE9, 0xF0, 0x3F, 0x00, 0x00, 0xFF, 0xFF, 0x55, 0x55, 0x55, 0x55,
    0x45, 0xFF, 0xB6, 0x6D, 0xDB, 0xB6, 0x03, 0x3B, 0x00, 0x00, 0xFF, 0xFF, 0x55, 0x55, 0x55, 0x55,
    0xFF, 0x00, 0x49, 0x92, 0x24, 0x00, 0x02, 0x20, 0x00, 0x00, 0xFF, 0xFF, 0x55, 0x55, 0x55, 0x55,
    0x00, 0x01, 0x00, 0x00, 0x00, 0x00, 0x00, 0x00, 0x00, 0x00, 0xFF, 0xFF, 0x55, 0x55, 0x55, 0x55,
    0xFF, 0x00, 0x49, 0x92, 0x24, 0x01, 0x10, 0x00, 0x00, 0x00, 0xFF, 0xFF, 0x55, 0x55, 0x55, 0x55,
    0xFF, 0x00, 0x49, 0x92, 0x24, 0x48, 0x82, 0x08, 0x00, 0x00, 0xFF, 0xFF, 0x55, 0x55, 0x55, 0x55,
    0x41, 0xFF, 0xB6, 0x6D, 0xDB, 0xB6, 0x9D, 0xC0, 0x00, 0x00, 0xFF, 0xFF, 0x55, 0x55, 0x55, 0x55,
    0x00, 0xFF, 0x00, 0x00, 0x00, 0x00, 0x00, 0x30, 0x00, 0x00, 0xFF, 0xFF, 0x55, 0x55, 0x55, 0x55,
    0x76, 0xFF, 0xB6, 0x6D, 0xDB, 0xB6, 0x9D, 0xC0, 0x00, 0x00, 0xFF, 0xFF, 0x55, 0x55, 0x55, 0x55,
    0x00, 0x01, 0x00, 0x00, 0x00, 0x00, 0x00, 0x00, 0x00, 0x00, 0xFF, 0xFF, 0x55, 0x55, 0x55, 0x55,
    0x1D, 0x58, 0xB6, 0x6D, 0xDB, 0xF8, 0x9F, 0xFF, 0x00, 0x00, 0xFF, 0xFF, 0x55, 0x55, 0x55, 0x55,
    0x1D, 0x57, 0xB6, 0x6D, 0xDB, 0x3F, 0xFC, 0xC7, 0x00, 0x00, 0xFF, 0xFF, 0x55, 0x55, 0x55, 0x55,
    0x00, 0x01, 0x00, 0x00, 0x00, 0x00, 0x00, 0x00, 0x00, 0x00, 0xFF, 0xFF, 0x55, 0x55, 0x55, 0x55,
    0xFF, 0x00, 0x49, 0x92, 0x24, 0x00, 0x00, 0x00, 0x00, 0x00, 0xFF, 0xFF, 0x55, 0x55, 0x55, 0x55,
    0x00, 0x01, 0x00, 0x00, 0x00, 0x00, 0x00, 0x00, 0x00, 0x00, 0xFF, 0xFF, 0x55, 0x55, 0x55, 0x55,
    0xDE, 0xEA, 0xC6, 0xEF, 0xFD, 0xE6, 0xEF, 0xFC, 0x00, 0x00, 0xFF, 0xFF, 0x55, 0x55, 0x55, 0x55,
    0x1A, 0xF0, 0xB0, 0x0D, 0xDB, 0xB0, 0x0D, 0x35, 0x00, 0x00, 0xFF, 0xFF, 0x55, 0x55, 0x55, 0x55,
    0xFF, 0x00, 0x49, 0x92, 0x24, 0x49, 0x02, 0xF1, 0x00, 0x00, 0xFF, 0xFF, 0x55, 0x55, 0x55, 0x55,
    0xD5, 0xFF, 0xB6, 0x62, 0x37, 0x76, 0x62, 0x27, 0x00, 0x00, 0xFF, 0xFF, 0x55, 0x55, 0x55, 0x55,
    0x03, 0x1F, 0x7F, 0xFC, 0xC3, 0xBF, 0xFD, 0xDB, 0x00, 0x00, 0xFF, 0xFF, 0x55, 0x55, 0x55, 0x55,
    0x12, 0xFF, 0x46, 0x62, 0x27, 0xB6, 0x6D, 0xDB, 0x00, 0x00, 0xFF, 0xFF, 0x55, 0x55, 0x55, 0x55,
    0xF2, 0xFE, 0x87, 0xFD, 0xD8, 0xB6, 0x6D, 0xDB, 0x00, 0x00, 0xFF, 0xFF, 0x55, 0x55, 0x55, 0x55,
    0x00, 0x01, 0x00, 0x00, 0x00, 0x00, 0x00, 0x00, 0x00, 0x00, 0xFF, 0xFF, 0x55, 0x55, 0x55, 0x55,
    0x05, 0xE5, 0xB6, 0x67, 0xBB, 0x36, 0x62, 0xEB, 0x00, 0x00, 0xFF, 0xFF, 0x55, 0x55, 0x55, 0x55,
    0x26, 0xDD, 0xFF, 0xFB, 0x7F, 0xFF, 0xF1, 0xC7, 0x00, 0x00, 0xFF, 0xFF, 0x55, 0x55, 0x55, 0x55,
    0xF7, 0xFF, 0x36, 0x62, 0x27, 0xB6, 0x6D, 0xDB, 0x00, 0x00, 0xFF, 0xFF, 0x55, 0x55, 0x55, 0x55,
    0x00, 0x05, 0x7F, 0xF1, 0x03, 0x00, 0x00, 0x20, 0x00, 0x00, 0xFF, 0xFF, 0x55, 0x55, 0x55, 0x55,
    0xFF, 0x03, 0x01, 0x70, 0x00, 0x05, 0x20, 0x00, 0x00, 0x00, 0xFF, 0xFF, 0x55, 0x55, 0x55, 0x55,
    0x52, 0xF7, 0xB1, 0x1D, 0xDB, 0xB4, 0x0D, 0xDB, 0x00, 0x00, 0xFF, 0xFF, 0x55, 0x55, 0x55, 0x55,
    0x2D, 0xF3, 0xEE, 0x6F, 0xDB, 0xB6, 0x0D, 0x36, 0x00, 0x00, 0xFF, 0xFF, 0x55, 0x55, 0x55, 0x55,
    0x43, 0xFA, 0xC0, 0x6F, 0xDB, 0xB6, 0x9D, 0x74, 0x00, 0x00, 0xFF, 0xFF, 0x55, 0x55, 0x55, 0x55,
    0x1A, 0xD0, 0xB1, 0x6D, 0xDB, 0xB6, 0x0D, 0xDB, 0x00, 0x00, 0xFF, 0xFF, 0x55, 0x55, 0x55, 0x55,
    0x31, 0xD5, 0xB6, 0x6D, 0xDB, 0xB6, 0x6D, 0x30, 0x00, 0x00, 0xFF, 0xFF, 0x55, 0x55, 0x55, 0x55,
    0xD8, 0xFD, 0xB6, 0x6D, 0xDB, 0xB6, 0xCD, 0x14, 0x00, 0x00, 0xFF, 0xFF, 0x55, 0x55, 0x55, 0x55,
    0x1A, 0x91, 0xB6, 0x6D, 0xDB, 0xB6, 0x1D, 0xD8, 0x00, 0x00, 0xFF, 0xFF, 0x55, 0x55, 0x55, 0x55,
    0x00, 0xFF, 0xC0, 0x02, 0x00, 0x00, 0x00, 0x24, 0x00, 0x00, 0xFF, 0xFF, 0x55, 0x55, 0x55, 0x55,
    0xFF, 0x00, 0xC0, 0x93, 0x24, 0x49, 0x02, 0x24, 0x00, 0x00, 0xFF, 0xFF, 0x55, 0x55, 0x55, 0x55,
    0x78, 0xD2, 0xF9, 0x61, 0xDB, 0xB6, 0xFD, 0xFF, 0x00, 0x00, 0xFF, 0xFF, 0x55, 0x55, 0x55, 0x55,
    0x00, 0x01, 0x00, 0x00, 0x00, 0x00, 0x00, 0x00, 0x00, 0x00, 0xFF, 0xFF, 0x55, 0x55, 0x55, 0x55,
    0x0F, 0xF4, 0xB6, 0x67, 0xDB, 0xB6, 0x8D, 0x35, 0x00, 0x00, 0xFF, 0xFF, 0x55, 0x55, 0x55, 0x55,
    0x23, 0xF4, 0xFF, 0x61, 0xDB, 0xB6, 0x9D, 0x74, 0x00, 0x00, 0xFF, 0xFF, 0x55, 0x55, 0x55, 0x55,
    0x09, 0x00, 0x49, 0x92, 0x24, 0x49, 0x82, 0x24, 0x00, 0x00, 0xFF, 0xFF, 0x55, 0x55, 0x55, 0x55,
    0x11, 0xF9, 0xB6, 0x6B, 0xDB, 0xB6, 0x8D, 0x35, 0x00, 0x00, 0xFF, 0xFF, 0x55, 0x55, 0x55, 0x55,
    0x78, 0xF7, 0x3F, 0x6C, 0xDB, 0xB6, 0x9D, 0x10, 0x00, 0x00, 0xFF, 0xFF, 0x55, 0x55, 0x55, 0x55,
    0x09, 0xFF, 0xB6, 0x6D, 0xDB, 0xB6, 0x03, 0x3B, 0x00, 0x00, 0xFF, 0xFF, 0x55, 0x55, 0x55, 0x55,
    0xFF, 0x00, 0x49, 0x92, 0x24, 0x00, 0x02, 0x20, 0x00, 0x00, 0xFF, 0xFF, 0x55, 0x55, 0x55, 0x55,
    0x00, 0x01, 0x00, 0x00, 0x00, 0x00, 0x00, 0x00, 0x00, 0x00, 0xFF, 0xFF, 0x55, 0x55, 0x55, 0x55,
    0x13, 0x00, 0x49, 0x92, 0x24, 0x49, 0x92, 0x04, 0x00, 0x00, 0xFF, 0xFF, 0x55, 0x55, 0x55, 0x55,
    0x0B, 0x18, 0xFF, 0xF3, 0x3F, 0xFF, 0xF3, 0x1F, 0x00, 0x00, 0xFF, 0xFF, 0x55, 0x55, 0x55, 0x55,
    0x00, 0x01, 0x00, 0x00, 0x00, 0x00, 0x00, 0x00, 0x00, 0x00, 0xFF, 0xFF, 0x55, 0x55, 0x55, 0x55,
    0x00, 0x01, 0x00, 0x00, 0x00, 0x00, 0x00, 0x00, 0x00, 0x00, 0xFF, 0xFF, 0x55, 0x55, 0x55, 0x55,
    0x27, 0x34, 0xCE, 0xEF, 0xFC, 0xCE, 0x6F, 0xFC, 0x00, 0x00, 0xFF, 0xFF, 0x55, 0x55, 0x55, 0x55,
    0x11, 0xFF, 0xB1, 0x1D, 0xDB, 0xB1, 0x1D, 0xD8, 0x00, 0x00, 0xFF, 0xFF, 0x55, 0x55, 0x55, 0x55,
    0xFF, 0x00, 0x09, 0x90, 0x00, 0x09, 0x90, 0x00, 0x00, 0x00, 0xFF, 0xFF, 0x55, 0x55, 0x55, 0x55,
    0x00, 0x01, 0x00, 0x00, 0x00, 0x00, 0x00, 0x00, 0x00, 0x00, 0xFF, 0xFF, 0x55, 0x55, 0x55, 0x55,
    0x1B, 0xCE, 0xC6, 0xEF, 0xFD, 0xE6, 0xEF, 0xFC, 0x00, 0x00, 0xFF, 0xFF, 0x55, 0x55, 0x55, 0x55,
    0x1B, 0xCD, 0xFF, 0xF1, 0x7F, 0xFF, 0xF9, 0x3F, 0x00, 0x00, 0xFF, 0xFF, 0x55, 0x55, 0x55, 0x55,
    0x00, 0x01, 0x00, 0x00, 0x00, 0x00, 0x00, 0x00, 0x00, 0x00, 0xFF, 0xFF, 0x55, 0x55, 0x55, 0x55,
    0xFF, 0x00, 0x01, 0x10, 0x00, 0x01, 0x10, 0x00, 0x00, 0x00, 0xFF, 0xFF, 0x55, 0x55, 0x55, 0x55,
    0xFF, 0x00, 0x48, 0x82, 0x24, 0x48, 0x82, 0x24, 0x00, 0x00, 0xFF, 0xFF, 0x55, 0x55, 0x55, 0x55,
    0x00, 0x01, 0x00, 0x00, 0x00, 0x00, 0x00, 0x00, 0x00, 0x00, 0xFF, 0xFF, 0x55, 0x55, 0x55, 0x55,
    0x00, 0x01, 0x00, 0x00, 0x00, 0x00, 0x00, 0x00, 0x00, 0x00, 0xFF, 0xFF, 0x55, 0x55, 0x55, 0x55,
    0xFE, 0x03, 0x07, 0x40, 0x00, 0x02, 0x00, 0x00, 0x00, 0x00, 0xFF, 0xFF, 0x55, 0x55, 0x55, 0x55,
    0x0E, 0xDD, 0xFF, 0x9F, 0x01, 0xB3, 0x0D, 0xDB, 0x00, 0x00, 0xFF, 0xFF, 0x55, 0x55, 0x55, 0x55,
    0x08, 0xE2, 0xFF, 0xBF, 0xFC, 0xDE, 0x6F, 0xFC, 0x00, 0x00, 0xFF, 0xFF, 0x55, 0x55, 0x55, 0x55,
    0xFD, 0x00, 0x78, 0x00, 0x06, 0x50, 0x00, 0x04, 0x00, 0x00, 0xFF, 0xFF, 0x55, 0x55, 0x55, 0x55,
    0xFF, 0x00, 0x00, 0x02, 0x20, 0x00, 0x02, 0x20, 0x00, 0x00, 0xFF, 0xFF, 0x55, 0x55, 0x55, 0x55,
    0x00, 0x01, 0x00, 0x00, 0x00, 0x00, 0x00, 0x00, 0x00, 0x00, 0xFF, 0xFF, 0x55, 0x55, 0x55, 0x55,
    0xFF, 0x00, 0x01, 0x10, 0x00, 0x01, 0x10, 0x00, 0x00, 0x00, 0xFF, 0xFF, 0x55, 0x55, 0x55, 0x55,
    0xFD, 0x01, 0x08, 0x81, 0x18, 0x48, 0x80, 0x64, 0x00, 0x00, 0xFF, 0xFF, 0x55, 0x55, 0x55, 0x55,
    0x1C, 0xFD, 0xFF, 0xFC, 0xD7, 0x7F, 0xF0, 0x5F, 0x00, 0x00, 0xFF, 0xFF, 0x55, 0x55, 0x55, 0x55,
    0x1A, 0xFF, 0x76, 0x63, 0x24, 0x56, 0xE2, 0x25, 0x00, 0x00, 0xFF, 0xFF, 0x55, 0x55, 0x55, 0x55,
    0x06, 0xE7, 0xBF, 0xFC, 0xC0, 0xAF, 0xFD, 0xD9, 0x00, 0x00, 0xFF, 0xFF, 0x55, 0x55, 0x55, 0x55,
    0x0A, 0x40, 0xB6, 0x6D, 0xDB, 0xB6, 0x61, 0x3B, 0x00, 0x00, 0xFF, 0xFF, 0x55, 0x55, 0x55, 0x55,
    0x91, 0xF9, 0xF8, 0xCF, 0xFF, 0xF9, 0xFF, 0xFF, 0x00, 0x00, 0xFF, 0xFF, 0x55, 0x55, 0x55, 0x55,
    0x0A, 0xF9, 0x3F, 0xFD, 0xD7, 0x7F, 0xF0, 0x5F, 0x00, 0x00, 0xFF, 0xFF, 0x55, 0x55, 0x55, 0x55,
    0x00, 0x01, 0x00, 0x00, 0x00, 0x00, 0x00, 0x00, 0x00, 0x00, 0xFF, 0xFF, 0x55, 0x55, 0x55, 0x55,
    0xFE, 0xFF, 0x49, 0x92, 0x24, 0x49, 0x92, 0x24, 0x00, 0x00, 0xFF, 0xFF, 0x55, 0x55, 0x55, 0x55,
    0x00, 0x01, 0x00, 0x00, 0x00, 0x00, 0x00, 0x00, 0x00, 0x00, 0xFF, 0xFF, 0x55, 0x55, 0x55, 0x55,
    0xEE, 0xFA, 0xC6, 0xEF, 0xFD, 0xE6, 0xEF, 0xFC, 0x00, 0x00, 0xFF, 0xFF, 0x55, 0x55, 0x55, 0x55,
    0x06, 0xD4, 0xFD, 0xFF, 0xFF, 0x8F, 0xF0, 0xD9, 0x00, 0x00, 0xFF, 0xFF, 0x55, 0x55, 0x55, 0x55,
    0x21, 0xE2, 0xFF, 0xF3, 0xFF, 0xFC, 0x8F, 0xFF, 0x00, 0x00, 0xFF, 0xFF, 0x55, 0x55, 0x55, 0x55,
    0x1C, 0xF1, 0xF0, 0x3F, 0xFF, 0xF5, 0x1F, 0xFF, 0x00, 0x00, 0xFF, 0xFF, 0x55, 0x55, 0x55, 0x55,
    0xFF, 0x0C, 0xC0, 0x09, 0x00, 0x00, 0x00, 0x30, 0x00, 0x00, 0xFF, 0xFF, 0x55, 0x55, 0x55, 0x55,
    0xFD, 0x07, 0x02, 0x06, 0x00, 0x00, 0x10, 0x02, 0x00, 0x00, 0xFF, 0xFF, 0x55, 0x55, 0x55, 0x55,
    0xFA, 0x01, 0x4F, 0x82, 0x27, 0x60, 0x02, 0x25, 0x00, 0x00, 0xFF, 0xFF, 0x55, 0x55, 0x55, 0x55,
    0x00, 0x01, 0x00, 0x00, 0x00, 0x00, 0x00, 0x00, 0x00, 0x00, 0xFF, 0xFF, 0x55, 0x55, 0x55, 0x55,
    0xFF, 0x02, 0x49, 0x91, 0x0C, 0x09, 0x10, 0x03, 0x00, 0x00, 0xFF, 0xFF, 0x55, 0x55, 0x55, 0x55,
    0x1F, 0xFF, 0x09, 0x9D, 0xC8, 0x09, 0x9C, 0xDA, 0x00, 0x00, 0xFF, 0xFF, 0x55, 0x55, 0x55, 0x55,
    0x00, 0x01, 0x00, 0x00, 0x00, 0x00, 0x00, 0x00, 0x00, 0x00, 0xFF, 0xFF, 0x55, 0x55, 0x55, 0x55,
    0x0D, 0xEE, 0xB6, 0x67, 0x23, 0xF6, 0x6E, 0xF7, 0x00, 0x00, 0xFF, 0xFF, 0x55, 0x55, 0x55, 0x55,
    0x0F, 0xE9, 0xFF, 0xFB, 0x07, 0x8F, 0xFC, 0xD9, 0x00, 0x00, 0xFF, 0xFF, 0x55, 0x55, 0x55, 0x55,
    0x51, 0xFA, 0xB6, 0x61, 0xBB, 0xB6, 0x63, 0xDB, 0x00, 0x00, 0xFF, 0xFF, 0x55, 0x55, 0x55, 0x55,
    0xFF, 0x00, 0x00, 0x00, 0xA0, 0x00, 0x92, 0x24, 0x00, 0x00, 0xFF, 0xFF, 0x55, 0x55, 0x55, 0x55,
    0x09, 0x59, 0xFF, 0x8F, 0xFC, 0xC6, 0x6F, 0xFF, 0x00, 0x00, 0xFF, 0xFF, 0x55, 0x55, 0x55, 0x55,
    0x24, 0xF0, 0x81, 0x7D, 0xDA, 0x8F, 0xFD, 0xD8, 0x00, 0x00, 0xFF, 0xFF, 0x55, 0x55, 0x55, 0x55,
    0x51, 0xFB, 0xC8, 0xDF, 0xFF, 0xF9, 0x6F, 0xDB, 0x00, 0x00, 0xFF, 0xFF, 0x55, 0x55, 0x55, 0x55,
    0x06, 0x6E, 0xFF, 0x1F, 0xF4, 0x30, 0x6E, 0xFB, 0x00, 0x00, 0xFF, 0xFF, 0x55, 0x55, 0x55, 0x55,
    0x24, 0xF0, 0x0F, 0xFC, 0xD3, 0x7F, 0xFC, 0xC7, 0x00, 0x00, 0xFF, 0xFF, 0x55, 0x55, 0x55, 0x55,
    0xFF, 0x00, 0x09, 0x90, 0x00, 0x09, 0x90, 0x00, 0x00, 0x00, 0xFF, 0xFF, 0x55, 0x55, 0x55, 0x55,
    0xFF, 0x00, 0x40, 0x02, 0x24, 0x40, 0x02, 0x24, 0x00, 0x00, 0xFF, 0xFF, 0x55, 0x55, 0x55, 0x55,
    0xFE, 0xFF, 0x49, 0x92, 0x24, 0x49, 0x92, 0x24, 0x00, 0x00, 0xFF, 0xFF, 0x55, 0x55, 0x55, 0x55,
    0x11, 0xF7, 0xB6, 0x61, 0x7B, 0xB6, 0x6B, 0x3B, 0x00, 0x00, 0xFF, 0xFF, 0x55, 0x55, 0x55, 0x55,
    0x13, 0xFF, 0x4D, 0x92, 0x24, 0x49, 0x96, 0x04, 0x00, 0x00, 0xFF, 0xFF, 0x55, 0x55, 0x55, 0x55,
    0x01, 0x77, 0xFF, 0xFF, 0xFF, 0xC8, 0x6F, 0xFD, 0x00, 0x00, 0xFF, 0xFF, 0x55, 0x55, 0x55, 0x55,
    0x11, 0xF6, 0x85, 0xF1, 0x79, 0xAF, 0xFB, 0x38, 0x00, 0x00, 0xFF, 0xFF, 0x55, 0x55, 0x55, 0x55,
    0x13, 0xFF, 0x4D, 0x92, 0x24, 0x49, 0x96, 0x04, 0x00, 0x00, 0xFF, 0xFF, 0x55, 0x55, 0x55, 0x55,
    0x01, 0x77, 0xFF, 0xFF, 0xFF, 0xC8, 0x6F, 0xFD, 0x00, 0x00, 0xFF, 0xFF, 0x55, 0x55, 0x55, 0x55,
    0x10, 0xF6, 0x85, 0xFF, 0xF9, 0xAF, 0xFF, 0xF8, 0x00, 0x00, 0xFF, 0xFF, 0x55, 0x55, 0x55, 0x55,
    0xFF, 0x00, 0x00, 0x02, 0x20, 0x00, 0x02, 0x20, 0x00, 0x00, 0xFF, 0xFF, 0x55, 0x55, 0x55, 0x55,
    0x00, 0x01, 0x00, 0x00, 0x00, 0x00, 0x00, 0x00, 0x00, 0x00, 0xFF, 0xFF, 0x55, 0x55, 0x55, 0x55,
    0x21, 0xF7, 0xB6, 0x65, 0xA3, 0x58, 0x9E, 0xFF, 0x00, 0x00, 0xFF, 0xFF, 0x55, 0x55, 0x55, 0x55,
    0x3C, 0xF5, 0x7F, 0xFC, 0xD3, 0x0F, 0xFC, 0xD9, 0x00, 0x00, 0xFF, 0xFF, 0x55, 0x55, 0x55, 0x55,
    0x00, 0x01, 0x00, 0x00, 0x00, 0x00, 0x00, 0x00, 0x00, 0x00, 0xFF, 0xFF, 0x55, 0x55, 0x55, 0x55,
    0x00, 0x01, 0x00, 0x00, 0x00, 0x00, 0x00, 0x00, 0x00, 0x00, 0xFF, 0xFF, 0x55, 0x55, 0x55, 0x55,
    0xFF, 0x02, 0x09, 0x90, 0x0C, 0x89, 0x91, 0x84, 0x00, 0x00, 0xFF, 0xFF, 0x55, 0x55, 0x55, 0x55,
    0x22, 0xE4, 0x97, 0xFD, 0xC0, 0x7F, 0xF6, 0xFF, 0x00, 0x00, 0xFF, 0xFF, 0x55, 0x55, 0x55, 0x55,
    0x23, 0xF7, 0xF6, 0x6F, 0xFF, 0xF0, 0x1F, 0xFF, 0x00, 0x00, 0xFF, 0xFF, 0x55, 0x55, 0x55, 0x55,
    0x00, 0x01, 0x00, 0x00, 0x00, 0x00, 0x00, 0x00, 0x00, 0x00, 0xFF, 0xFF, 0x55, 0x55, 0x55, 0x55,
    0xFF, 0x13, 0x01, 0x70, 0x00, 0x05, 0x30, 0x00, 0x00, 0x00, 0xFF, 0xFF, 0x55, 0x55, 0x55, 0x55,
    0xBA, 0xFB, 0xFF, 0xF3, 0xFF, 0xFF, 0x8F, 0xFF, 0x00, 0x00, 0xFF, 0xFF, 0x55, 0x55, 0x55, 0x55,
    0xB3, 0x01, 0x49, 0xE2, 0x24, 0x4B, 0x82, 0x24, 0x00, 0x00, 0xFF, 0xFF, 0x55, 0x55, 0x55, 0x55,
    0xF2, 0xFD, 0xFE, 0xEF, 0xFF, 0xCE, 0x6F, 0xFC, 0x00, 0x00, 0xFF, 0xFF, 0x55, 0x55, 0x55, 0x55,
    0x00, 0x10, 0x07, 0x70, 0x00, 0x17, 0xF0, 0x00, 0x00, 0x00, 0xFF, 0xFF, 0x55, 0x55, 0x55, 0x55,
    0x05, 0xFF, 0xB6, 0x6D, 0xDB, 0x76, 0x62, 0x24, 0x00, 0x00, 0xFF, 0xFF, 0x55, 0x55, 0x55, 0x55,
    0xF7, 0xFF, 0xB6, 0x6D, 0xDB, 0x89, 0x1D, 0xD8, 0x00, 0x00, 0xFF, 0xFF, 0x55, 0x55, 0x55, 0x55,
    0xFE, 0xFF, 0x49, 0x92, 0x24, 0x49, 0x92, 0x24, 0x00, 0x00, 0xFF, 0xFF, 0x55, 0x55, 0x55, 0x55,
    0x00, 0x01, 0x00, 0x00, 0x00, 0x00, 0x00, 0x00, 0x00, 0x00, 0xFF, 0xFF, 0x55, 0x55, 0x55, 0x55,
    0xFF, 0x00, 0x09, 0x90, 0x00, 0x09, 0x90, 0x00, 0x00, 0x00, 0xFF, 0xFF, 0x55, 0x55, 0x55, 0x55,
    0xFF, 0x00, 0x40, 0x00, 0x04, 0x40, 0x00, 0x04, 0x00, 0x00, 0xFF, 0xFF, 0x55, 0x55, 0x55, 0x55,
    0xFF, 0x00, 0x00, 0x02, 0x20, 0x00, 0x02, 0x20, 0x00, 0x00, 0xFF, 0xFF, 0x55, 0x55, 0x55, 0x55,
    0x00, 0x01, 0x00, 0x00, 0x00, 0x00, 0x00, 0x00, 0x00, 0x00, 0xFF, 0xFF, 0x55, 0x55, 0x55, 0x55,
    0xFF, 0x00, 0x01, 0x10, 0x00, 0x01, 0x10, 0x00, 0x00, 0x00, 0xFF, 0xFF, 0x55, 0x55, 0x55, 0x55,
    0x20, 0x6A, 0xB7, 0x73, 0x1B, 0xB7, 0x7D, 0xDB, 0x00, 0x00, 0xFF, 0xFF, 0x55, 0x55, 0x55, 0x55,
    0x91, 0xD7, 0xFF, 0xF1, 0x3F, 0xF9, 0x8F, 0xFF, 0x00, 0x00, 0xFF, 0xFF, 0x55, 0x55, 0x55, 0x55,
    0xFD, 0x03, 0x19, 0x10, 0x00, 0x06, 0x20, 0x00, 0x00, 0x00, 0xFF, 0xFF, 0x55, 0x55, 0x55, 0x55,
    0x30, 0xE8, 0x87, 0x1D, 0xDB, 0xB4, 0x2D, 0xDB, 0x00, 0x00, 0xFF, 0xFF, 0x55, 0x55, 0x55, 0x55,
    0x00, 0xE3, 0x00, 0x08, 0xA0, 0x00, 0x02, 0xE8, 0x00, 0x00, 0xFF, 0xFF, 0x55, 0x55, 0x55, 0x55,
    0x1D, 0xE5, 0xFF, 0xFF, 0xBF, 0xFF, 0xF5, 0xC7, 0x00, 0x00, 0xFF, 0xFF, 0x55, 0x55, 0x55, 0x55,
    0x5F, 0xEB, 0xFF, 0xF5, 0x9F, 0xFF, 0x93, 0xFF, 0x00, 0x00, 0xFF, 0xFF, 0x55, 0x55, 0x55, 0x55,
    0x01, 0x28, 0xB6, 0x6D, 0xDB, 0xB0, 0x1D, 0xDB, 0x00, 0x00, 0xFF, 0xFF, 0x55, 0x55, 0x55, 0x55,
    0xFE, 0xFF, 0x49, 0x92, 0x24, 0x49, 0x92, 0x24, 0x00, 0x00, 0xFF, 0xFF, 0x55, 0x55, 0x55, 0x55,
    0x00, 0x01, 0x00, 0x00, 0x00, 0x00, 0x00, 0x00, 0x00, 0x00, 0xFF, 0xFF, 0x55, 0x55, 0x55, 0x55,
    0xFE, 0xFF, 0x46, 0x62, 0xDB, 0xB6, 0x6D, 0xDB, 0x00, 0x00, 0xFF, 0xFF, 0x55, 0x55, 0x55, 0x55,
    0x39, 0xFF, 0x81, 0x6D, 0xDB, 0xB6, 0x6D, 0xDB, 0x00, 0x00, 0xFF, 0xFF, 0x55, 0x55, 0x55, 0x55,
    0x04, 0x08, 0xF9, 0xEF, 0xFF, 0xFE, 0x8F, 0xFF, 0x00, 0x00, 0xFF, 0xFF, 0x55, 0x55, 0x55, 0x55,
    0xFA, 0xFF, 0x70, 0x12, 0x27, 0x71, 0x42, 0x37, 0x00, 0x00, 0xFF, 0xFF, 0x55, 0x55, 0x55, 0x55,
    0x15, 0xFF, 0x09, 0x9C, 0xD8, 0x89, 0x9D, 0xD8, 0x00, 0x00, 0xFF, 0xFF, 0x55, 0x55, 0x55, 0x55,
    0x13, 0xFF, 0x46, 0x62, 0x27, 0x76, 0x62, 0x27, 0x00, 0x00, 0xFF, 0xFF, 0x55, 0x55, 0x55, 0x55,
    0xF2, 0xFE, 0x87, 0xFD, 0xD8, 0xBF, 0xFD, 0xD8, 0x00, 0x00, 0xFF, 0xFF, 0x55, 0x55, 0x55, 0x55,
    0x00, 0x01, 0x00, 0x00, 0x00, 0x00, 0x00, 0x00, 0x00, 0x00, 0xFF, 0xFF, 0x55, 0x55, 0x55, 0x55,
    0x17, 0xD3, 0xE6, 0xEF, 0xFC, 0xF8, 0xBF, 0xFF, 0x00, 0x00, 0xFF, 0xFF, 0x55, 0x55, 0x55, 0x55,
    0xFE, 0x01, 0x60, 0x02, 0x27, 0x48, 0xB2, 0x24, 0x00, 0x00, 0xFF, 0xFF, 0x55, 0x55, 0x55, 0x55,
    0x00, 0x01, 0x00, 0x00, 0x00, 0x00, 0x00, 0x00, 0x00, 0x00, 0xFF, 0xFF, 0x55, 0x55, 0x55, 0x55,
    0x11, 0xFC, 0x46, 0x6E, 0xFC, 0xC6, 0x6F, 0xFC, 0x00, 0x00, 0xFF, 0xFF, 0x55, 0x55, 0x55, 0x55,
    0x0A, 0xD7, 0xB5, 0x2D, 0xDB, 0xB0, 0x0D, 0xDB, 0x00, 0x00, 0xFF, 0xFF, 0x55, 0x55, 0x55, 0x55,
    0x2F, 0xB0, 0xB6, 0x6D, 0xDB, 0xB6, 0x61, 0x3B, 0x00, 0x00, 0xFF, 0xFF, 0x55, 0x55, 0x55, 0x55,
    0x1E, 0xF0, 0xB6, 0x0D, 0x36, 0xF9, 0xFF, 0xFF, 0x00, 0x00, 0xFF, 0xFF, 0x55, 0x55, 0x55, 0x55,
    0xFC, 0xFF, 0x76, 0x82, 0x24, 0x49, 0x92, 0x24, 0x00, 0x00, 0xFF, 0xFF, 0x55, 0x55, 0x55, 0x55,
    0xFF, 0x00, 0x40, 0x02, 0x24, 0x40, 0x02, 0x24, 0x00, 0x00, 0xFF, 0xFF, 0x55, 0x55, 0x55, 0x55,
    0xFB, 0x01, 0x49, 0x92, 0x53, 0x07, 0x30, 0x00, 0x00, 0x00, 0xFF, 0xFF, 0x55, 0x55, 0x55, 0x55,
    0xEF, 0xFF, 0xB6, 0x83, 0x26, 0x49, 0x92, 0x24, 0x00, 0x00, 0xFF, 0xFF, 0x55, 0x55, 0x55, 0x55,
    0xFF, 0x00, 0x00, 0x02, 0x20, 0x00, 0x02, 0x20, 0x00, 0x00, 0xFF, 0xFF, 0x55, 0x55, 0x55, 0x55,
    0xFF, 0x00, 0x09, 0x90, 0x00, 0x09, 0x90, 0x00, 0x00, 0x00, 0xFF, 0xFF, 0x55, 0x55, 0x55, 0x55,
    0xFF, 0x00, 0x40, 0x02, 0x24, 0x40, 0x02, 0x24, 0x00, 0x00, 0xFF, 0xFF, 0x55, 0x55, 0x55, 0x55,
    0xFE, 0xFF, 0x49, 0x92, 0x24, 0x49, 0x92, 0x24, 0x00, 0x00, 0xFF, 0xFF, 0x55, 0x55, 0x55, 0x55,
    0xFE, 0xFF, 0xB6, 0x61, 0x3B, 0xB6, 0x63, 0x3B, 0x00, 0x00, 0xFF, 0xFF, 0x55, 0x55, 0x55, 0x55,
    0xFF, 0x00, 0x00, 0x02, 0x20, 0x00, 0x02, 0x20, 0x00, 0x00, 0xFF, 0xFF, 0x55, 0x55, 0x55, 0x55,
    0x01, 0xFF, 0x46, 0x62, 0x27, 0x76, 0x62, 0x27, 0x00, 0x00, 0xFF, 0xFF, 0x55, 0x55, 0x55, 0x55,
    0xFE, 0xFF, 0x81, 0x91, 0x38, 0x89, 0x93, 0x38, 0x00, 0x00, 0xFF, 0xFF, 0x55, 0x55, 0x55, 0x55,
    0xFF, 0x00, 0x00, 0x02, 0x20, 0x00, 0x02, 0x20, 0x00, 0x00, 0xFF, 0xFF, 0x55, 0x55, 0x55, 0x55,
    0x01, 0xFF, 0x46, 0x62, 0x27, 0x76, 0x62, 0x27, 0x00, 0x00, 0xFF, 0xFF, 0x55, 0x55, 0x55, 0x55,
    0xFE, 0xFF, 0x81, 0x93, 0x38, 0x89, 0x93, 0x38, 0x00, 0x00, 0xFF, 0xFF, 0x55, 0x55, 0x55, 0x55,
    0xFF, 0x00, 0x00, 0x02, 0x20, 0x00, 0x02, 0x20, 0x00, 0x00, 0xFF, 0xFF, 0x55, 0x55, 0x55, 0x55,
    0x00, 0x01, 0x00, 0x00, 0x00, 0x00, 0x00, 0x00, 0x00, 0x00, 0xFF, 0xFF, 0x55, 0x55, 0x55, 0x55,
    0x15, 0xE4, 0xF9, 0x9F, 0xFF, 0x58, 0x6E, 0x23, 0x00, 0x00, 0xFF, 0xFF, 0x55, 0x55, 0x55, 0x55,
    0x13, 0xF4, 0xB4, 0x7D, 0xDA, 0xFF, 0xFC, 0x07, 0x00, 0x00, 0xFF, 0xFF, 0x55, 0x55, 0x55, 0x55,
    0x00, 0x01, 0x00, 0x00, 0x00, 0x00, 0x00, 0x00, 0x00, 0x00, 0xFF, 0xFF, 0x55, 0x55, 0x55, 0x55,
    0x00, 0x01, 0x00, 0x00, 0x00, 0x00, 0x00, 0x00, 0x00, 0x00, 0xFF, 0xFF, 0x55, 0x55, 0x55, 0x55,
    0x0E, 0xF9, 0xB6, 0x6D, 0x83, 0xF6, 0x6E, 0xE4, 0x00, 0x00, 0xFF, 0xFF, 0x55, 0x55, 0x55, 0x55,
    0x16, 0xE7, 0xFC, 0xFF, 0xFF, 0x7F, 0xF6, 0xC0, 0x00, 0x00, 0xFF, 0xFF, 0x55, 0x55, 0x55, 0x55,
    0x13, 0xDD, 0xF1, 0x1F, 0xFF, 0xF0, 0x6F, 0xFF, 0x00, 0x00, 0xFF, 0xFF, 0x55, 0x55, 0x55, 0x55,
    0x05, 0x9F, 0xB6, 0x61, 0x5B, 0xB6, 0x69, 0x3B, 0x00, 0x00, 0xFF, 0xFF, 0x55, 0x55, 0x55, 0x55,
    0xFF, 0x73, 0x02, 0x00, 0x40, 0x00, 0x0A, 0x20, 0x00, 0x00, 0xFF, 0xFF, 0x55, 0x55, 0x55, 0x55,
    0x4E, 0xEC, 0xF8, 0xEF, 0xFC, 0xE6, 0x6F, 0xFD, 0x00, 0x00, 0xFF, 0xFF, 0x55, 0x55, 0x55, 0x55,
    0x00, 0xF2, 0x01, 0x70, 0x01, 0x1F, 0x70, 0x02, 0x00, 0x00, 0xFF, 0xFF, 0x55, 0x55, 0x55, 0x55,
    0x13, 0xE1, 0xCE, 0xEF, 0xFE, 0xDE, 0x6F, 0xE4, 0x00, 0x00, 0xFF, 0xFF, 0x55, 0x55, 0x55, 0x55,
    0x0E, 0xF1, 0x97, 0xFD, 0xD9, 0x8F, 0xF0, 0xFF, 0x00, 0x00, 0xFF, 0xFF, 0x55, 0x55, 0x55, 0x55,
    0x13, 0xDE, 0xC6, 0xEF, 0xFD, 0xCA, 0xFF, 0xFF, 0x00, 0x00, 0xFF, 0xFF, 0x55, 0x55, 0x55, 0x55,
    0x2B, 0xF2, 0x8F, 0xFD, 0xDA, 0x9F, 0x1D, 0xD8, 0x00, 0x00, 0xFF, 0xFF, 0x55, 0x55, 0x55, 0x55,
    0xFE, 0xFF, 0x49, 0x92, 0x24, 0x49, 0x92, 0x24, 0x00, 0x00, 0xFF, 0xFF, 0x55, 0x55, 0x55, 0x55,
    0x00, 0x01, 0x00, 0x00, 0x00, 0x00, 0x00, 0x00, 0x00, 0x00, 0xFF, 0xFF, 0x55, 0x55, 0x55, 0x55,
    0xFF, 0x00, 0x09, 0x90, 0x00, 0x09, 0x90, 0x00, 0x00, 0x00, 0xFF, 0xFF, 0x55, 0x55, 0x55, 0x55,
    0xFF, 0x00, 0x40, 0x00, 0x04, 0x40, 0x00, 0x04, 0x00, 0x00, 0xFF, 0xFF, 0x55, 0x55, 0x55, 0x55,
    0xFF, 0x00, 0x00, 0x02, 0x20, 0x00, 0x02, 0x20, 0x00, 0x00, 0xFF, 0xFF, 0x55, 0x55, 0x55, 0x55,
    0x00, 0x01, 0x00, 0x00, 0x00, 0x00, 0x00, 0x00, 0x00, 0x00, 0xFF, 0xFF, 0x55, 0x55, 0x55, 0x55,
    0xFF, 0x00, 0x01, 0x10, 0x00, 0x01, 0x10, 0x00, 0x00, 0x00, 0xFF, 0xFF, 0x55, 0x55, 0x55, 0x55,
    0xFF, 0x00, 0x48, 0x82, 0x24, 0x48, 0x82, 0x24, 0x00, 0x00, 0xFF, 0xFF, 0x55, 0x55, 0x55, 0x55,
    0xFD, 0x00, 0x06, 0x10, 0x00, 0x19, 0x90, 0x02, 0x00, 0x00, 0xFF, 0xFF, 0x55, 0x55, 0x55, 0x55,
    0x32, 0xD9, 0xFF, 0xFF, 0x3F, 0xFF, 0xF9, 0x5F, 0x00, 0x00, 0xFF, 0xFF, 0x55, 0x55, 0x55, 0x55,
    0x1C, 0x00, 0x48, 0x92, 0x24, 0x49, 0x92, 0x24, 0x00, 0x00, 0xFF, 0xFF, 0x55, 0x55, 0x55, 0x55,
    0x0E, 0xFF, 0xF6, 0x62, 0x33, 0x76, 0x63, 0x24, 0x00, 0x00, 0xFF, 0xFF, 0x55, 0x55, 0x55, 0x55,
    0x0E, 0xFF, 0x09, 0x9D, 0xCC, 0x89, 0x9C, 0xC0, 0x00, 0x00, 0xFF, 0xFF, 0x55, 0x55, 0x55, 0x55,
    0xFE, 0x0F, 0x03, 0x50, 0x00, 0x07, 0x10, 0x00, 0x00, 0x00, 0xFF, 0xFF, 0x55, 0x55, 0x55, 0x55,
    0x0C, 0xFF, 0xB3, 0x4D, 0xDB, 0xB5, 0x1D, 0xD8, 0x00, 0x00, 0xFF, 0xFF, 0x55, 0x55, 0x55, 0x55,
    0xFE, 0xFF, 0x49, 0x92, 0x24, 0x49, 0x92, 0x24, 0x00, 0x00, 0xFF, 0xFF, 0x55, 0x55, 0x55, 0x55,
    0x00, 0x01, 0x00, 0x00, 0x00, 0x00, 0x00, 0x00, 0x00, 0x00, 0xFF, 0xFF, 0x55, 0x55, 0x55, 0x55,
    0x89, 0xFB, 0xFE, 0xEF, 0xFC, 0xE6, 0x6F, 0xFC, 0x00, 0x00, 0xFF, 0xFF, 0x55, 0x55, 0x55, 0x55,
    0x11, 0x94, 0xB7, 0x7D, 0xD8, 0x0F, 0xF0, 0xFF, 0x00, 0x00, 0xFF, 0xFF, 0x55, 0x55, 0x55, 0x55,
    0xFF, 0x13, 0x01, 0x70, 0x00, 0x04, 0x00, 0x00, 0x00, 0x00, 0xFF, 0xFF, 0x55, 0x55, 0x55, 0x55,
    0x34, 0xF8, 0x71, 0x5E, 0xF7, 0x33, 0x0F, 0xEB, 0x00, 0x00, 0xFF, 0xFF, 0x55, 0x55, 0x55, 0x55,
    0x07, 0x9D, 0x3F, 0xFC, 0xCB, 0x7F, 0xF0, 0xFF, 0x00, 0x00, 0xFF, 0xFF, 0x55, 0x55, 0x55, 0x55,
    0x07, 0x98, 0xC6, 0x6F, 0xFD, 0xC8, 0xFF, 0xFF, 0x00, 0x00, 0xFF, 0xFF, 0x55, 0x55, 0x55, 0x55,
    0x3B, 0xF4, 0x8F, 0xFD, 0xDA, 0xA7, 0x7D, 0xD8, 0x00, 0x00, 0xFF, 0xFF, 0x55, 0x55, 0x55, 0x55,
    0x2B, 0x70, 0xB6, 0x6D, 0xDB, 0xB6, 0x61, 0x3B, 0x00, 0x00, 0xFF, 0xFF, 0x55, 0x55, 0x55, 0x55,
    0xFF, 0x9F, 0x01, 0x30, 0x00, 0x00, 0x04, 0xE0, 0x00, 0x00, 0xFF, 0xFF, 0x55, 0x55, 0x55, 0x55,
    0x03, 0x7A, 0xB1, 0x3D, 0xDB, 0xB0, 0x6D, 0xDB, 0x00, 0x00, 0xFF, 0xFF, 0x55, 0x55, 0x55, 0x55,
    0x00, 0x01, 0x00, 0x00, 0x00, 0x00, 0x00, 0x00, 0x00, 0x00, 0xFF, 0xFF, 0x55, 0x55, 0x55, 0x55,
    0xFF, 0x00, 0x49, 0x92, 0x24, 0x01, 0x10, 0x00, 0x00, 0x00, 0xFF, 0xFF, 0x55, 0x55, 0x55, 0x55,
    0xFF, 0x00, 0x49, 0x92, 0x24, 0x48, 0x82, 0x24, 0x00, 0x00, 0xFF, 0xFF, 0x55, 0x55, 0x55, 0x55,
    0xD1, 0xFD, 0xB6, 0x69, 0x3B, 0xB6, 0x63, 0x5B, 0x00, 0x00, 0xFF, 0xFF, 0x55, 0x55, 0x55, 0x55,
    0x03, 0x99, 0xFF, 0xFB, 0x1F, 0xFF, 0xF7, 0xFF, 0x00, 0x00, 0xFF, 0xFF, 0x55, 0x55, 0x55, 0x55,
    0x04, 0x78, 0xC2, 0x6F, 0xFC, 0xC8, 0xFF, 0xFF, 0x00, 0x00, 0xFF, 0xFF, 0x55, 0x55, 0x55, 0x55,
    0xFF, 0x00, 0x40, 0x02, 0x24, 0x40, 0x02, 0x24, 0x00, 0x00, 0xFF, 0xFF, 0x55, 0x55, 0x55, 0x55,
    0xFF, 0xD3, 0x04, 0x00, 0x00, 0x02, 0x70, 0x00, 0x00, 0x00, 0xFF, 0xFF, 0x55, 0x55, 0x55, 0x55,
    0x05, 0x7C, 0x11, 0x0E, 0xE3, 0x43, 0xFE, 0xFF, 0x00, 0x00, 0xFF, 0xFF, 0x55, 0x55, 0x55, 0x55,
    0xFF, 0x00, 0x00, 0x02, 0x20, 0x00, 0x02, 0x20, 0x00, 0x00, 0xFF, 0xFF, 0x55, 0x55, 0x55, 0x55,
    0xFF, 0x00, 0x09, 0x90, 0x00, 0x09, 0x90, 0x00, 0x00, 0x00, 0xFF, 0xFF, 0x55, 0x55, 0x55, 0x55,
    0xFF, 0x00, 0x40, 0x02, 0x24, 0x40, 0x02, 0x24, 0x00, 0x00, 0xFF, 0xFF, 0x55, 0x55, 0x55, 0x55,
    0xFE, 0xFF, 0x49, 0x92, 0x24, 0x49, 0x92, 0x24, 0x00, 0x00, 0xFF, 0xFF, 0x55, 0x55, 0x55, 0x55,
    0x7C, 0xF9, 0xB6, 0x63, 0x3B, 0xB6, 0x69, 0x1B, 0x00, 0x00, 0xFF, 0xFF, 0x55, 0x55, 0x55, 0x55,
    0x00, 0x6E, 0xFF, 0xF1, 0x5F, 0xFF, 0xF3, 0xFF, 0x00, 0x00, 0xFF, 0xFF, 0x55, 0x55, 0x55, 0x55,
    0x03, 0x70, 0xC6, 0x6F, 0xFD, 0xC8, 0xFF, 0xFF, 0x00, 0x00, 0xFF, 0xFF, 0x55, 0x55, 0x55, 0x55,
    0x7B, 0xF8, 0x8F, 0xF3, 0x38, 0xA7, 0x79, 0x18, 0x00, 0x00, 0xFF, 0xFF, 0x55, 0x55, 0x55, 0x55,
    0x00, 0x6E, 0xFF, 0xF1, 0x5F, 0xFF, 0xF3, 0xFF, 0x00, 0x00, 0xFF, 0xFF, 0x55, 0x55, 0x55, 0x55,
    0x03, 0x70, 0xC6, 0x6F, 0xFD, 0xC8, 0xFF, 0xFF, 0x00, 0x00, 0xFF, 0xFF, 0x55, 0x55, 0x55, 0x55,
    0x79, 0xF8, 0x8F, 0xFF, 0xF8, 0xA7, 0x7F, 0xF8, 0x00, 0x00, 0xFF, 0xFF, 0x55, 0x55, 0x55, 0x55,
    0xFF, 0x00, 0x00, 0x02, 0x20, 0x00, 0x02, 0x20, 0x00, 0x00, 0xFF, 0xFF, 0x55, 0x55, 0x55, 0x55,
    0x00, 0x01, 0x00, 0x00, 0x00, 0x00, 0x00, 0x00, 0x00, 0x00, 0xFF, 0xFF, 0x55, 0x55, 0x55, 0x55,
    0x2A, 0x82, 0xB6, 0x63, 0x7B, 0xB6, 0x61, 0x1B, 0x00, 0x00, 0xFF, 0xFF, 0x55, 0x55, 0x55, 0x55,
    0x27, 0x97, 0xFF, 0xF7, 0xBF, 0xFF, 0xF3, 0x3F, 0x00, 0x00, 0xFF, 0xFF, 0x55, 0x55, 0x55, 0x55,
    0x00, 0x01, 0x00, 0x00, 0x00, 0x00, 0x00, 0x00, 0x00, 0x00, 0xFF, 0xFF, 0x55, 0x55, 0x55, 0x55,
    0x00, 0x01, 0x00, 0x00, 0x00, 0x00, 0x00, 0x00, 0x00, 0x00, 0xFF, 0xFF, 0x55, 0x55, 0x55, 0x55,
    0x5E, 0x9F, 0xC6, 0x6F, 0xFE, 0xCE, 0xEF, 0xFC, 0x00, 0x00, 0xFF, 0xFF, 0x55, 0x55, 0x55, 0x55,
    0x21, 0x7A, 0x8F, 0xFD, 0xD9, 0x87, 0x7D, 0xD8, 0x00, 0x00, 0xFF, 0xFF, 0x55, 0x55, 0x55, 0x55,
    0xFF, 0x00, 0x09, 0x90, 0x00, 0x09, 0x90, 0x00, 0x00, 0x00, 0xFF, 0xFF, 0x55, 0x55, 0x55, 0x55,
    0x1E, 0xFF, 0xB6, 0x6B, 0x23, 0xB6, 0x62, 0x2F, 0x00, 0x00, 0xFF, 0xFF, 0x55, 0x55, 0x55, 0x55,
    0x08, 0xF9, 0xFF, 0xF5, 0x07, 0xFF, 0xFF, 0xFF, 0x00, 0x00, 0xFF, 0xFF, 0x55, 0x55, 0x55, 0x55,
    0x0A, 0xF9, 0xD6, 0x6F, 0xE4, 0xFF, 0xFF, 0xFF, 0x00, 0x00, 0xFF, 0xFF, 0x55, 0x55, 0x55, 0x55,
    0x1C, 0xFF, 0xA9, 0x9D, 0xC0, 0x89, 0x9C, 0xCC, 0x00, 0x00, 0xFF, 0xFF, 0x55, 0x55, 0x55, 0x55,
    0x19, 0xF2, 0xB6, 0x62, 0x1B, 0xB6, 0x6D, 0xDB, 0x00, 0x00, 0xFF, 0xFF, 0x55, 0x55, 0x55, 0x55,
    0x84, 0xF5, 0xFF, 0x0F, 0x26, 0xB6, 0x6D, 0xDB, 0x00, 0x00, 0xFF, 0xFF, 0x55, 0x55, 0x55, 0x55,
    0x2A, 0xF7, 0xFF, 0x93, 0x12, 0xB6, 0x6D, 0xDB, 0x00, 0x00, 0xFF, 0xFF, 0x55, 0x55, 0x55, 0x55,
    0x61, 0x00, 0x48, 0x92, 0x24, 0x49, 0x92, 0x24, 0x00, 0x00, 0xFF, 0xFF, 0x55, 0x55, 0x55, 0x55,
    0xAC, 0xF5, 0xFF, 0x9F, 0xFF, 0xFD, 0xAF, 0xFF, 0x00, 0x00, 0xFF, 0xFF, 0x55, 0x55, 0x55, 0x55,
    0x04, 0x6E, 0xB6, 0x0D, 0xDB, 0xB2, 0x5D, 0xDB, 0x00, 0x00, 0xFF, 0xFF, 0x55, 0x55, 0x55, 0x55,
    0x05, 0x6F, 0xF6, 0x6F, 0xFC, 0xD6, 0xEF, 0xFE, 0x00, 0x00, 0xFF, 0xFF, 0x55, 0x55, 0x55, 0x55,
    0xBB, 0xFF, 0x89, 0x93, 0x3A, 0xA1, 0x1B, 0x58, 0x00, 0x00, 0xFF, 0xFF, 0x55, 0x55, 0x55, 0x55,
    0x00, 0x3A, 0xFF, 0xF1, 0x1F, 0xFF, 0xF5, 0x3F, 0x00, 0x00, 0xFF, 0xFF, 0x55, 0x55, 0x55, 0x55,
    0x00, 0x01, 0x00, 0x00, 0x00, 0x00, 0x00, 0x00, 0x00, 0x00, 0xFF, 0xFF, 0x55, 0x55, 0x55, 0x55,
    0x00, 0x3B, 0xF8, 0x8F, 0xFF, 0xFA, 0x9F, 0xFF, 0x00, 0x00, 0xFF, 0xFF, 0x55, 0x55, 0x55, 0x55,
    0xA6, 0xFF, 0xB7, 0x1D, 0xDB, 0xB5, 0x3D, 0xDB, 0x00, 0x00, 0xFF, 0xFF, 0x55, 0x55, 0x55, 0x55,
    0x19, 0xFE, 0x46, 0x62, 0x37, 0x36, 0x63, 0x37, 0x00, 0x00, 0xFF, 0xFF, 0x55, 0x55, 0x55, 0x55,
    0x12, 0xF8, 0x7F, 0xF0, 0xD7, 0x3F, 0xFD, 0xCB, 0x00, 0x00, 0xFF, 0xFF, 0x55, 0x55, 0x55, 0x55,
    0x00, 0x01, 0x00, 0x00, 0x00, 0x00, 0x00, 0x00, 0x00, 0x00, 0xFF, 0xFF, 0x55, 0x55, 0x55, 0x55,
    0xFE, 0x01, 0x31, 0x10, 0x02, 0x19, 0x10, 0x00, 0x00, 0x00, 0xFF, 0xFF, 0x55, 0x55, 0x55, 0x55,
    0x16, 0xFF, 0x49, 0x92, 0x24, 0x49, 0x12, 0xD8, 0x00, 0x00, 0xFF, 0xFF, 0x55, 0x55, 0x55, 0x55,
    0x17, 0xFF, 0x49, 0x92, 0x24, 0x49, 0x62, 0x24, 0x00, 0x00, 0xFF, 0xFF, 0x55, 0x55, 0x55, 0x55,
    0xFD, 0x00, 0x70, 0x02, 0x26, 0x58, 0x02, 0x24, 0x00, 0x00, 0xFF, 0xFF, 0x55, 0x55, 0x55, 0x55,
    0xFE, 0xFF, 0x49, 0x92, 0x24, 0x49, 0x92, 0x24, 0x00, 0x00, 0xFF, 0xFF, 0x55, 0x55, 0x55, 0x55,
    0x00, 0x01, 0x00, 0x00, 0x00, 0x00, 0x00, 0x00, 0x00, 0x00, 0xFF, 0xFF, 0x55, 0x55, 0x55, 0x55,
    0x0C, 0xF9, 0x46, 0x6F, 0x63, 0xB6, 0x6D, 0xAC, 0x00, 0x00, 0xFF, 0xFF, 0x55, 0x55, 0x55, 0x55,
    0xBF, 0xF8, 0xFF, 0x8F, 0x26, 0xB6, 0xDD, 0x84, 0x00, 0x00, 0xFF, 0xFF, 0x55, 0x55, 0x55, 0x55,
    0xFD, 0x00, 0x00, 0xAA, 0x39, 0x49, 0xB2, 0x26, 0x00, 0x00, 0xFF, 0xFF, 0x55, 0x55, 0x55, 0x55,
    0x02, 0xB3, 0x36, 0x62, 0x1B, 0xB6, 0x6D, 0xDB, 0x00, 0x00, 0xFF, 0xFF, 0x55, 0x55, 0x55, 0x55,
    0x43, 0xFF, 0x49, 0x22, 0x36, 0xB6, 0x0D, 0x36, 0x00, 0x00, 0xFF, 0xFF, 0x55, 0x55, 0x55, 0x55,
    0xFF, 0x00, 0x00, 0x00, 0xCD, 0x49, 0x02, 0xAD, 0x00, 0x00, 0xFF, 0xFF, 0x55, 0x55, 0x55, 0x55,
    0x05, 0x86, 0xB1, 0x6D, 0xDB, 0xB6, 0x0D, 0xDB, 0x00, 0x00, 0xFF, 0xFF, 0x55, 0x55, 0x55, 0x55,
    0xFB, 0x01, 0x49, 0x96, 0x04, 0x49, 0x92, 0x0C, 0x00, 0x00, 0xFF, 0xFF, 0x55, 0x55, 0x55, 0x55,
    0x22, 0xCB, 0xFF, 0xF7, 0x1F, 0xB6, 0xFD, 0xC7, 0x00, 0x00, 0xFF, 0xFF, 0x55, 0x55, 0x55, 0x55,
    0x00, 0x01, 0x00, 0x00, 0x00, 0x00, 0x00, 0x00, 0x00, 0x00, 0xFF, 0xFF, 0x55, 0x55, 0x55, 0x55,
    0x09, 0xC6, 0xB6, 0x6D, 0xDB, 0xB6, 0x6D, 0x30, 0x00, 0x00, 0xFF, 0xFF, 0x55, 0x55, 0x55, 0x55,
    0xB9, 0xFC, 0xFE, 0xEF, 0xFF, 0xB6, 0xDD, 0x54, 0x00, 0x00, 0xFF, 0xFF, 0x55, 0x55, 0x55, 0x55,
    0x07, 0x73, 0xB7, 0x7D, 0xDB, 0xB6, 0x1D, 0xD8, 0x00, 0x00, 0xFF, 0xFF, 0x55, 0x55, 0x55, 0x55,
    0x6C, 0x00, 0x49, 0x90, 0x24, 0x49, 0x92, 0x24, 0x00, 0x00, 0xFF, 0xFF, 0x55, 0x55, 0x55, 0x55,
    0x54, 0xF5, 0xFF, 0xAF, 0x26, 0xB6, 0x8D, 0xFF, 0x00, 0x00, 0xFF, 0xFF, 0x55, 0x55, 0x55, 0x55,
    0x29, 0xEA, 0x4F, 0x4E, 0xE4, 0xB6, 0x7D, 0xD9, 0x00, 0x00, 0xFF, 0xFF, 0x55, 0x55, 0x55, 0x55,
    0x57, 0xFF, 0x89, 0x9D, 0xD8, 0xB6, 0x6D, 0x1B, 0x00, 0x00, 0xFF, 0xFF, 0x55, 0x55, 0x55, 0x55,
    0x6D, 0xF9, 0xF8, 0x6F, 0x34, 0xB6, 0xFD, 0xFF, 0x00, 0x00, 0xFF, 0xFF, 0x55, 0x55, 0x55, 0x55,
    0x29, 0xEA, 0x7F, 0x12, 0x22, 0xB6, 0x2D, 0xDB, 0x00, 0x00, 0xFF, 0xFF, 0x55, 0x55, 0x55, 0x55,
    0xFF, 0x00, 0x00, 0x02, 0x20, 0x49, 0x02, 0x00, 0x00, 0x00, 0xFF, 0xFF, 0x55, 0x55, 0x55, 0x55,
    0xFF, 0x00, 0x09, 0x90, 0x00, 0x49, 0x92, 0x00, 0x00, 0x00, 0xFF, 0xFF, 0x55, 0x55, 0x55, 0x55,
    0xFF, 0x00, 0x40, 0x02, 0x24, 0x49, 0x02, 0x24, 0x00, 0x00, 0xFF, 0xFF, 0x55, 0x55, 0x55, 0x55,
    0x1D, 0xFF, 0x49, 0x92, 0x24, 0xB6, 0x6D, 0x1B, 0x00, 0x00, 0xFF, 0xFF, 0x55, 0x55, 0x55, 0x55,
    0x0B, 0xFF, 0xB6, 0x61, 0xDB, 0xB6, 0x9D, 0x24, 0x00, 0x00, 0xFF, 0xFF, 0x55, 0x55, 0x55, 0x55,
    0x17, 0xF8, 0xFD, 0x8F, 0x35, 0xB6, 0x7D, 0xD8, 0x00, 0x00, 0xFF, 0xFF, 0x55, 0x55, 0x55, 0x55,
    0x7A, 0xF8, 0xFF, 0x9F, 0x10, 0xB6, 0x6D, 0xDB, 0x00, 0x00, 0xFF, 0xFF, 0x55, 0x55, 0x55, 0x55,
    0xEE, 0x03, 0x4A, 0x92, 0x24, 0x49, 0x12, 0x03, 0x00, 0x00, 0xFF, 0xFF, 0x55, 0x55, 0x55, 0x55,
    0x0B, 0xF9, 0xFD, 0x8F, 0x35, 0xB6, 0x4D, 0xED, 0x00, 0x00, 0xFF, 0xFF, 0x55, 0x55, 0x55, 0x55,
    0x79, 0xFA, 0xFF, 0x9F, 0x10, 0xB6, 0x1D, 0xDB, 0x00, 0x00, 0xFF, 0xFF, 0x55, 0x55, 0x55, 0x55,
    0x07, 0xEF, 0x85, 0x0F, 0xDB, 0xB6, 0xBD, 0x84, 0x00, 0x00, 0xFF, 0xFF, 0x55, 0x55, 0x55, 0x55,
    0x00, 0xFC, 0xFF, 0x01, 0x00, 0x00, 0xA0, 0x3D, 0x00, 0x00, 0xFF, 0xFF, 0x55, 0x55, 0x55, 0x55,
    0x00, 0x01, 0x00, 0x00, 0x00, 0x00, 0x00, 0x00, 0x00, 0x00, 0xFF, 0xFF, 0x55, 0x55, 0x55, 0x55,
    0x1F, 0x28, 0xB6, 0x63, 0x3B, 0xB6, 0x63, 0x1B, 0x00, 0x00, 0xFF, 0xFF, 0x55, 0x55, 0x55, 0x55,
    0x98, 0xA1, 0xFF, 0xF1, 0x1F, 0xFF, 0xF1, 0x3F, 0x00, 0x00, 0xFF, 0xFF, 0x55, 0x55, 0x55, 0x55,
    0x00, 0x01, 0x00, 0x00, 0x00, 0x00, 0x00, 0x00, 0x00, 0x00, 0xFF, 0xFF, 0x55, 0x55, 0x55, 0x55,
    0x00, 0x01, 0x00, 0x00, 0x00, 0x00, 0x00, 0x00, 0x00, 0x00, 0xFF, 0xFF, 0x55, 0x55, 0x55, 0x55,
    0xA0, 0xAA, 0xC6, 0x6F, 0xFC, 0xC6, 0xEF, 0xFC, 0x00, 0x00, 0xFF, 0xFF, 0x55, 0x55, 0x55, 0x55,
    0x15, 0x20, 0x8F, 0xFD, 0xD8, 0x8F, 0x7D, 0xD8, 0x00, 0x00, 0xFF, 0xFF, 0x55, 0x55, 0x55, 0x55,
    0xFF, 0x00, 0x09, 0x90, 0x00, 0x09, 0x90, 0x00, 0x00, 0x00, 0xFF, 0xFF, 0x55, 0x55, 0x55, 0x55,
    0x07, 0xF4, 0x76, 0x6F, 0xE4, 0xD6, 0xEF, 0xFD, 0x00, 0x00, 0xFF, 0xFF, 0x55, 0x55, 0x55, 0x55,
    0x18, 0xFF, 0x49, 0x92, 0xC0, 0xA9, 0x1D, 0xDA, 0x00, 0x00, 0xFF, 0xFF, 0x55, 0x55, 0x55, 0x55,
    0x19, 0xFF, 0x49, 0x62, 0x23, 0xB6, 0x6B, 0x9B, 0x00, 0x00, 0xFF, 0xFF, 0x55, 0x55, 0x55, 0x55,
    0x07, 0xF4, 0x7F, 0xFD, 0x07, 0xFF, 0xF5, 0x7F, 0x00, 0x00, 0xFF, 0xFF, 0x55, 0x55, 0x55, 0x55,
    0x00, 0x01, 0x00, 0x00, 0x00, 0x00, 0x00, 0x00, 0x00, 0x00, 0xFF, 0xFF, 0x55, 0x55, 0x55, 0x55,
    0x00, 0xFB, 0x00, 0x0F, 0xE5, 0xE8, 0xBF, 0xFF, 0x00, 0x00, 0xFF, 0xFF, 0x55, 0x55, 0x55, 0x55,
    0xFF, 0x00, 0x68, 0x82, 0x27, 0x4B, 0xD2, 0x24, 0x00, 0x00, 0xFF, 0xFF, 0x55, 0x55, 0x55, 0x55,
    0x00, 0x01, 0x00, 0x00, 0x00, 0x00, 0x00, 0x00, 0x00, 0x00, 0xFF, 0xFF, 0x55, 0x55, 0x55, 0x55,
    0x1C, 0xF3, 0xFB, 0x8F, 0xFC, 0x56, 0x6E, 0x63, 0x00, 0x00, 0xFF, 0xFF, 0x55, 0x55, 0x55, 0x55,
    0xFF, 0x08, 0x72, 0x02, 0x00, 0x00, 0x30, 0x01, 0x00, 0x00, 0xFF, 0xFF, 0x55, 0x55, 0x55, 0x55,
    0x1F, 0xEB, 0xCA, 0xFF, 0xFF, 0xFF, 0x93, 0x0E, 0x00, 0x00, 0xFF, 0xFF, 0x55, 0x55, 0x55, 0x55,
    0x19, 0xF5, 0x9F, 0x17, 0x18, 0xB2, 0x6D, 0xDB, 0x00, 0x00, 0xFF, 0xFF, 0x55, 0x55, 0x55, 0x55,
    0x0D, 0xE9, 0xFF, 0x9B, 0xFF, 0xCA, 0x6F, 0xAC, 0x00, 0x00, 0xFF, 0xFF, 0x55, 0x55, 0x55, 0x55,
    0x06, 0xEF, 0x02, 0xF4, 0xFF, 0xFF, 0x9F, 0x24, 0x00, 0x00, 0xFF, 0xFF, 0x55, 0x55, 0x55, 0x55,
    0x0D, 0xE9, 0xFD, 0xFF, 0x3F, 0x7F, 0xD4, 0xC1, 0x00, 0x00, 0xFF, 0xFF, 0x55, 0x55, 0x55, 0x55,
    0x11, 0x7D, 0xB1, 0x0D, 0xDB, 0xB6, 0x6D, 0xDB, 0x00, 0x00, 0xFF, 0xFF, 0x55, 0x55, 0x55, 0x55,
    0xFF, 0x05, 0x09, 0x10, 0x03, 0x21, 0x10, 0x01, 0x00, 0x00, 0xFF, 0xFF, 0x55, 0x55, 0x55, 0x55,
    0x11, 0xF9, 0x0F, 0xFC, 0xDA, 0x9F, 0x7D, 0xD9, 0x00, 0x00, 0xFF, 0xFF, 0x55, 0x55, 0x55, 0x55,
    0x00, 0x01, 0x00, 0x00, 0x00, 0x00, 0x00, 0x00, 0x00, 0x00, 0xFF, 0xFF, 0x55, 0x55, 0x55, 0x55,
    0xFF, 0x35, 0x01, 0x60, 0x00, 0x04, 0x20, 0x00, 0x00, 0x00, 0xFF, 0xFF, 0x55, 0x55, 0x55, 0x55,
    0xE1, 0x01, 0x48, 0xB2, 0x24, 0x4D, 0xF2, 0x24, 0x00, 0x00, 0xFF, 0xFF, 0x55, 0x55, 0x55, 0x55,
    0x2B, 0xDF, 0x76, 0x6E, 0xF3, 0xF6, 0x6E, 0xE3, 0x00, 0x00, 0xFF, 0xFF, 0x55, 0x55, 0x55, 0x55,
    0x32, 0xE4, 0x3F, 0xFC, 0xCF, 0x3F, 0xFD, 0xC7, 0x00, 0x00, 0xFF, 0xFF, 0x55, 0x55, 0x55, 0x55,
    0xFE, 0xFF, 0x49, 0x92, 0x24, 0x49, 0x92, 0x24, 0x00, 0x00, 0xFF, 0xFF, 0x55, 0x55, 0x55, 0x55,
    0x00, 0x01, 0x00, 0x00, 0x00, 0x00, 0x00, 0x00, 0x00, 0x00, 0xFF, 0xFF, 0x55, 0x55, 0x55, 0x55,
    0x18, 0xFE, 0xE8, 0xBF, 0xFF, 0xFD, 0x9F, 0xFF, 0x00, 0x00, 0xFF, 0xFF, 0x55, 0x55, 0x55, 0x55,
    0x11, 0x87, 0xFF, 0xFF, 0xFF, 0x01, 0x02, 0x1B, 0x00, 0x00, 0xFF, 0xFF, 0x55, 0x55, 0x55, 0x55,
    0x11, 0xF8, 0x7F, 0xF1, 0x7F, 0xFF, 0xFB, 0x3F, 0x00, 0x00, 0xFF, 0xFF, 0x55, 0x55, 0x55, 0x55,
    0x43, 0xDE, 0xB6, 0x67, 0xE3, 0x36, 0x6F, 0xE7, 0x00, 0x00, 0xFF, 0xFF, 0x55, 0x55, 0x55, 0x55,
    0x0B, 0x9F, 0xFF, 0xFF, 0xFF, 0x7F, 0xF0, 0xCB, 0x00, 0x00, 0xFF, 0xFF, 0x55, 0x55, 0x55, 0x55,
    0x0D, 0xAB, 0xFF, 0xFF, 0xFF, 0xC8, 0x6F, 0xFD, 0x00, 0x00, 0xFF, 0xFF, 0x55, 0x55, 0x55, 0x55,
    0x0B, 0xF0, 0x85, 0xFD, 0xD9, 0xAF, 0xFD, 0xD8, 0x00, 0x00, 0xFF, 0xFF, 0x55, 0x55, 0x55, 0x55,
    0xFA, 0x01, 0xC9, 0x91, 0x84, 0x49, 0x92, 0x24, 0x00, 0x00, 0xFF, 0xFF, 0x55, 0x55, 0x55, 0x55,
    0x1F, 0xEF, 0xFF, 0xF1, 0x7F, 0xF9, 0xBB, 0xFF, 0x00, 0x00, 0xFF, 0xFF, 0x55, 0x55, 0x55, 0x55,
    0x24, 0x00, 0x49, 0x92, 0x24, 0x49, 0x82, 0x24, 0x00, 0x00, 0xFF, 0xFF, 0x55, 0x55, 0x55, 0x55,
    0x11, 0xF8, 0xE8, 0xBF, 0xFF, 0xFD, 0x9F, 0xFF, 0x00, 0x00, 0xFF, 0xFF, 0x55, 0x55, 0x55, 0x55,
    0x0B, 0x80, 0xFF, 0xFF, 0xFF, 0x45, 0x0E, 0xE3, 0x00, 0x00, 0xFF, 0xFF, 0x55, 0x55, 0x55, 0x55,
    0x11, 0xF7, 0x2F, 0xFC, 0xCF, 0x7F, 0xFD, 0xC7, 0x00, 0x00, 0xFF, 0xFF, 0x55, 0x55, 0x55, 0x55,
    0x18, 0xFF, 0xB6, 0x6D, 0x1B, 0xB6, 0x67, 0xBB, 0x00, 0x00, 0xFF, 0xFF, 0x55, 0x55, 0x55, 0x55,
    0xFF, 0x41, 0x04, 0x00, 0x00, 0xC0, 0x06, 0x24, 0x00, 0x00, 0xFF, 0xFF, 0x55, 0x55, 0x55, 0x55,
    0xFD, 0x00, 0x58, 0x02, 0x3C, 0x40, 0x03, 0x28, 0x00, 0x00, 0xFF, 0xFF, 0x55, 0x55, 0x55, 0x55,
    0xFD, 0x00, 0x49, 0x96, 0x1C, 0x49, 0x91, 0x08, 0x00, 0x00, 0xFF, 0xFF, 0x55, 0x55, 0x55, 0x55,
    0x41, 0xC4, 0xFF, 0xFF, 0xFF, 0x4F, 0x7E, 0xE0, 0x00, 0x00, 0xFF, 0xFF, 0x55, 0x55, 0x55, 0x55,
    0xFC, 0x00, 0x4B, 0x82, 0x27, 0x68, 0x02, 0x25, 0x00, 0x00, 0xFF, 0xFF, 0x55, 0x55, 0x55, 0x55,
    0xFF, 0x00, 0x00, 0x00, 0x00, 0x00, 0x90, 0x24, 0x00, 0x00, 0xFF, 0xFF, 0x55, 0x55, 0x55, 0x55,
    0xFF, 0x00, 0x09, 0x90, 0x00, 0x09, 0x90, 0x24, 0x00, 0x00, 0xFF, 0xFF, 0x55, 0x55, 0x55, 0x55,
    0xFF, 0x00, 0x40, 0x02, 0x24, 0x40, 0x92, 0x24, 0x00, 0x00, 0xFF, 0xFF, 0x55, 0x55, 0x55, 0x55,
    0x02, 0xF8, 0xB6, 0x67, 0x9B, 0xB6, 0x6B, 0x23, 0x00, 0x00, 0xFF, 0xFF, 0x55, 0x55, 0x55, 0x55,
    0xFE, 0xFF, 0x49, 0x92, 0x24, 0x49, 0x92, 0x24, 0x00, 0x00, 0xFF, 0xFF, 0x55, 0x55, 0x55, 0x55,
    0x01, 0xF8, 0x9F, 0x7D, 0xDA, 0xAF, 0xFD, 0xC0, 0x00, 0x00, 0xFF, 0xFF, 0x55, 0x55, 0x55, 0x55,
    0x00, 0x01, 0x00, 0x00, 0x00, 0x00, 0x00, 0x00, 0x00, 0x00, 0xFF, 0xFF, 0x55, 0x55, 0x55, 0x55,
    0x00, 0xFF, 0x68, 0x82, 0x24, 0x48, 0x06, 0x00, 0x00, 0x00, 0xFF, 0xFF, 0x55, 0x55, 0x55, 0x55,
    0x06, 0xEC, 0xFF, 0xFF, 0xFF, 0x62, 0x62, 0xDB, 0x00, 0x00, 0xFF, 0xFF, 0x55, 0x55, 0x55, 0x55,
    0xF3, 0x01, 0x48, 0xA2, 0x24, 0x4E, 0x92, 0x24, 0x00, 0x00, 0xFF, 0xFF, 0x55, 0x55, 0x55, 0x55,
    0x00, 0xFF, 0x4D, 0x92, 0x24, 0xC9, 0x04, 0x00, 0x00, 0x00, 0xFF, 0xFF, 0x55, 0x55, 0x55, 0x55,
    0x55, 0xEE, 0xFF, 0xF3, 0xBF, 0x4B, 0x60, 0xDB, 0x00, 0x00, 0xFF, 0xFF, 0x55, 0x55, 0x55, 0x55,
    0x00, 0x01, 0x00, 0x00, 0x00, 0x00, 0x00, 0x00, 0x00, 0x00, 0xFF, 0xFF, 0x55, 0x55, 0x55, 0x55,
    0x0B, 0x00, 0x49, 0x90, 0x24, 0x49, 0x92, 0x24, 0x00, 0x00, 0xFF, 0xFF, 0x55, 0x55, 0x55, 0x55,
    0xFF, 0x0B, 0x00, 0x24, 0x00, 0x05, 0x90, 0x01, 0x00, 0x00, 0xFF, 0xFF, 0x55, 0x55, 0x55, 0x55,
    0x00, 0x94, 0x00, 0x90, 0x09, 0xFF, 0xF7, 0x7F, 0x00, 0x00, 0xFF, 0xFF, 0x55, 0x55, 0x55, 0x55,
    0x05, 0x57, 0xB6, 0x6D, 0x88, 0xCE, 0xEF, 0xFC, 0x00, 0x00, 0xFF, 0xFF, 0x55, 0x55, 0x55, 0x55,
    0xFF, 0x08, 0x11, 0x40, 0x00, 0x00, 0x00, 0x60, 0x00, 0x00, 0xFF, 0xFF, 0x55, 0x55, 0x55, 0x55,
    0x06, 0xFD, 0x81, 0x5D, 0xDB, 0xB3, 0x0D, 0xDB, 0x00, 0x00, 0xFF, 0xFF, 0x55, 0x55, 0x55, 0x55,
    0xFF, 0x00, 0x09, 0x90, 0x00, 0x09, 0x90, 0x00, 0x00, 0x00, 0xFF, 0xFF, 0x55, 0x55, 0x55, 0x55,
    0xA9, 0xE3, 0xC6, 0xEF, 0xFC, 0xB6, 0x6D, 0xDB, 0x00, 0x00, 0xFF, 0xFF, 0x55, 0x55, 0x55, 0x55,
    0x2D, 0x67, 0x8F, 0x7D, 0xD8, 0xB6, 0x6D, 0xDB, 0x00, 0x00, 0xFF, 0xFF, 0x55, 0x55, 0x55, 0x55,
    0x03, 0xF6, 0xB6, 0x67, 0x5B, 0xB6, 0x8D, 0xBC, 0x00, 0x00, 0xFF, 0xFF, 0x55, 0x55, 0x55, 0x55,
    0xA8, 0xE2, 0xFF, 0xF1, 0x3F, 0xB6, 0x6D, 0xDB, 0x00, 0x00, 0xFF, 0xFF, 0x55, 0x55, 0x55, 0x55,
    0x05, 0xC2, 0xB6, 0x6D, 0xDB, 0x76, 0x6F, 0x23, 0x00, 0x00, 0xFF, 0xFF, 0x55, 0x55, 0x55, 0x55,
    0x1D, 0xFD, 0x23, 0x69, 0xDB, 0x49, 0x90, 0x64, 0x00, 0x00, 0xFF, 0xFF, 0x55, 0x55, 0x55, 0x55,
    0x11, 0x00, 0x48, 0x92, 0x24, 0x49, 0x92, 0x24, 0x00, 0x00, 0xFF, 0xFF, 0x55, 0x55, 0x55, 0x55,
    0xFF, 0x00, 0x49, 0x92, 0x24, 0x49, 0x90, 0x04, 0x00, 0x00, 0xFF, 0xFF, 0x55, 0x55, 0x55, 0x55,
    0xFF, 0x00, 0x49, 0x92, 0x24, 0x00, 0x02, 0x20, 0x00, 0x00, 0xFF, 0xFF, 0x55, 0x55, 0x55, 0x55,
    0xFF, 0x00, 0x49, 0x92, 0x24, 0x01, 0x10, 0x00, 0x00, 0x00, 0xFF, 0xFF, 0x55, 0x55, 0x55, 0x55,
    0xFF, 0x00, 0x49, 0x92, 0x24, 0x48, 0x82, 0x24, 0x00, 0x00, 0xFF, 0xFF, 0x55, 0x55, 0x55, 0x55,
    0x00, 0x01, 0x00, 0x00, 0x00, 0x00, 0x00, 0x00, 0x00, 0x00, 0xFF, 0xFF, 0x55, 0x55, 0x55, 0x55,
    0x11, 0xE9, 0xB6, 0x6D, 0xDB, 0xB6, 0x67, 0x23, 0x00, 0x00, 0xFF, 0xFF, 0x55, 0x55, 0x55, 0x55,
    0x89, 0xB6, 0xB6, 0x9D, 0xFF, 0xFF, 0xF1, 0xCB, 0x00, 0x00, 0xFF, 0xFF, 0x55, 0x55, 0x55, 0x55,
    0x83, 0x00, 0x49, 0x82, 0x24, 0x49, 0x92, 0x24, 0x00, 0x00, 0xFF, 0xFF, 0x55, 0x55, 0x55, 0x55,
    0xFD, 0x00, 0x49, 0x92, 0x84, 0x89, 0x91, 0x08, 0x00, 0x00, 0xFF, 0xFF, 0x55, 0x55, 0x55, 0x55,
    0x2C, 0xFB, 0xB6, 0xFD, 0xFF, 0x6F, 0x1F, 0x20, 0x00, 0x00, 0xFF, 0xFF, 0x55, 0x55, 0x55, 0x55,
    0xFD, 0x00, 0x49, 0xC2, 0x24, 0x70, 0x02, 0x25, 0x00, 0x00, 0xFF, 0xFF, 0x55, 0x55, 0x55, 0x55,
    0x00, 0x01, 0x00, 0x00, 0x00, 0x00, 0x00, 0x00, 0x00, 0x00, 0xFF, 0xFF, 0x55, 0x55, 0x55, 0x55,
    0x11, 0xE9, 0xB6, 0x6D, 0xDB, 0xB6, 0x67, 0x23, 0x00, 0x00, 0xFF, 0xFF, 0x55, 0x55, 0x55, 0x55,
    0x89, 0xB6, 0xB6, 0x9D, 0xFF, 0xFF, 0xF1, 0xCB, 0x00, 0x00, 0xFF, 0xFF, 0x55, 0x55, 0x55, 0x55,
    0x10, 0xDC, 0xB6, 0x4D, 0xDB, 0xB6, 0x65, 0x23, 0x00, 0x00, 0xFF, 0xFF, 0x55, 0x55, 0x55, 0x55,
    0x2D, 0xFF, 0xB6, 0xBD, 0x24, 0x49, 0x9B, 0x00, 0x00, 0x00, 0xFF, 0xFF, 0x55, 0x55, 0x55, 0x55,
    0xFC, 0x01, 0x49, 0x02, 0x26, 0x80, 0x03, 0x28, 0x00, 0x00, 0xFF, 0xFF, 0x55, 0x55, 0x55, 0x55,
    0x00, 0x01, 0x00, 0x00, 0x00, 0x00, 0x00, 0x00, 0x00, 0x00, 0xFF, 0xFF, 0x55, 0x55, 0x55, 0x55,
    0x60, 0xF9, 0xFF, 0x9F, 0xFF, 0xFD, 0xAF, 0xFF, 0x00, 0x00, 0xFF, 0xFF, 0x55, 0x55, 0x55, 0x55,
    0x05, 0x8B, 0xB0, 0x01, 0x1B, 0xB2, 0x15, 0x20, 0x00, 0x00, 0xFF, 0xFF, 0x55, 0x55, 0x55, 0x55,
    0x6B, 0xF7, 0xFF, 0xFF, 0x3F, 0xFF, 0xFB, 0x5F, 0x00, 0x00, 0xFF, 0xFF, 0x55, 0x55, 0x55, 0x55,
    0xF4, 0xFE, 0x36, 0x6E, 0xFF, 0xF6, 0x6F, 0xE7, 0x00, 0x00, 0xFF, 0xFF, 0x55, 0x55, 0x55, 0x55,
    0x03, 0xFF, 0x09, 0x9C, 0xD8, 0x89, 0x9D, 0xD8, 0x00, 0x00, 0xFF, 0xFF, 0x55, 0x55, 0x55, 0x55,
    0x03, 0xFF, 0x46, 0x62, 0x27, 0x76, 0x62, 0x27, 0x00, 0x00, 0xFF, 0xFF, 0x55, 0x55, 0x55, 0x55,
    0xFC, 0xFF, 0x81, 0x9D, 0xD8, 0x89, 0x9D, 0xD8, 0x00, 0x00, 0xFF, 0xFF, 0x55, 0x55, 0x55, 0x55,
    0x2A, 0xF7, 0xB6, 0x6D, 0xDB, 0x06, 0xAB, 0xFC, 0x00, 0x00, 0xFF, 0xFF, 0x55, 0x55, 0x55, 0x55,
    0xD8, 0xFD, 0xB6, 0x6D, 0xDB, 0x4C, 0xF1, 0xFF, 0x00, 0x00, 0xFF, 0xFF, 0x55, 0x55, 0x55, 0x55,
    0x1D, 0xE7, 0xB6, 0x6D, 0xDB, 0x84, 0xFD, 0xC0, 0x00, 0x00, 0xFF, 0xFF, 0x55, 0x55, 0x55, 0x55,
    0xFF, 0xFE, 0x01, 0x00, 0x00, 0x00, 0x00, 0x00, 0x00, 0x00, 0xFF, 0xFF, 0x55, 0x55, 0x55, 0x55,
    0xFF, 0x00, 0x49, 0x90, 0x24, 0x49, 0x92, 0x24, 0x00, 0x00, 0xFF, 0xFF, 0x55, 0x55, 0x55, 0x55,
    0xFE, 0xFF, 0x09, 0x6C, 0xDB, 0xB6, 0x6D, 0xDB, 0x00, 0x00, 0xFF, 0xFF, 0x55, 0x55, 0x55, 0x55,
    0x04, 0xB8, 0xB6, 0x6D, 0xDB, 0x36, 0x68, 0xE4, 0x00, 0x00, 0xFF, 0xFF, 0x55, 0x55, 0x55, 0x55,
    0xC4, 0xF9, 0xB6, 0x6D, 0xDB, 0x68, 0xF2, 0xFF, 0x00, 0x00, 0xFF, 0xFF, 0x55, 0x55, 0x55, 0x55,
    0x1B, 0xDF, 0xB6, 0x6D, 0xDB, 0x21, 0xFC, 0x07, 0x00, 0x00, 0xFF, 0xFF, 0x55, 0x55, 0x55, 0x55,
    0x00, 0x01, 0x00, 0x00, 0x00, 0x00, 0x00, 0x00, 0x00, 0x00, 0xFF, 0xFF, 0x55, 0x55, 0x55, 0x55,
    0xFF, 0x00, 0x49, 0x92, 0x24, 0x00, 0x00, 0x00, 0x00, 0x00, 0xFF, 0xFF, 0x55, 0x55, 0x55, 0x55,
    0x0A, 0x00, 0x49, 0x92, 0x24, 0x49, 0x92, 0x04, 0x00, 0x00, 0xFF, 0xFF, 0x55, 0x55, 0x55, 0x55,
    0x11, 0xF7, 0xB6, 0x6D, 0xDB, 0x58, 0xD3, 0xFF, 0x00, 0x00, 0xFF, 0xFF, 0x55, 0x55, 0x55, 0x55,
    0x78, 0xF7, 0xB6, 0x6D, 0xDB, 0x09, 0xF1, 0xFF, 0x00, 0x00, 0xFF, 0xFF, 0x55, 0x55, 0x55, 0x55,
    0x09, 0xCB, 0xB6, 0x6D, 0xDB, 0xB0, 0x1D, 0xD8, 0x00, 0x00, 0xFF, 0xFF, 0x55, 0x55, 0x55, 0x55,
    0xFC, 0x00, 0x89, 0x91, 0x14, 0xC9, 0x90, 0x00, 0x00, 0x00, 0xFF, 0xFF, 0x55, 0x55, 0x55, 0x55,
    0x46, 0xBA, 0xFF, 0xFF, 0xFF, 0x7F, 0xFE, 0xE3, 0x00, 0x00, 0xFF, 0xFF, 0x55, 0x55, 0x55, 0x55,
    0x05, 0xE3, 0xBF, 0xFC, 0xD3, 0x7F, 0xFD, 0x07, 0x00, 0x00, 0xFF, 0xFF, 0x55, 0x55, 0x55, 0x55,
    0x0A, 0x79, 0xB6, 0x6D, 0xDB, 0xB6, 0x61, 0x3B, 0x00, 0x00, 0xFF, 0xFF, 0x55, 0x55, 0x55, 0x55,
    0x11, 0xF7, 0xB6, 0x8D, 0x35, 0xFD, 0xFF, 0xFF, 0x00, 0x00, 0xFF, 0xFF, 0x55, 0x55, 0x55, 0x55,
    0x78, 0xF7, 0xB6, 0x9D, 0x10, 0xFF, 0xFF, 0xFF, 0x00, 0x00, 0xFF, 0xFF, 0x55, 0x55, 0x55, 0x55,
    0x08, 0xC8, 0xB6, 0x0D, 0xFB, 0x81, 0x7F, 0xFA, 0x00, 0x00, 0xFF, 0xFF, 0x55, 0x55, 0x55, 0x55,
    0x07, 0xBB, 0xB6, 0xFD, 0x1F, 0xFF, 0xF3, 0xFF, 0x00, 0x00, 0xFF, 0xFF, 0x55, 0x55, 0x55, 0x55,
    0x7E, 0xF8, 0xB6, 0x8D, 0xA6, 0xFF, 0xFF, 0xFF, 0x00, 0x00, 0xFF, 0xFF, 0x55, 0x55, 0x55, 0x55,
    0x03, 0xD8, 0xB6, 0x4D, 0xD8, 0xA7, 0xFD, 0xD8, 0x00, 0x00, 0xFF, 0xFF, 0x55, 0x55, 0x55, 0x55,
    0x00, 0xFF, 0x00, 0x00, 0x00, 0x00, 0x00, 0x30, 0x00, 0x00, 0xFF, 0xFF, 0x55, 0x55, 0x55, 0x55,
    0x0A, 0xEC, 0xC6, 0x6A, 0xDB, 0xB6, 0xFD, 0x07, 0x00, 0x00, 0xFF, 0xFF, 0x55, 0x55, 0x55, 0x55,
    0x02, 0xF3, 0xC9, 0x65, 0xC3, 0xB6, 0x6D, 0xDB, 0x00, 0x00, 0xFF, 0xFF, 0x55, 0x55, 0x55, 0x55,
    0xFF, 0x00, 0x31, 0x90, 0x24, 0x49, 0x92, 0x24, 0x00, 0x00, 0xFF, 0xFF, 0x55, 0x55, 0x55, 0x55,
    0x03, 0xE5, 0xE9, 0x60, 0xDB, 0xB6, 0xED, 0xFF, 0x00, 0x00, 0xFF, 0xFF, 0x55, 0x55, 0x55, 0x55,
    0xFF, 0x00, 0x49, 0x92, 0x24, 0x49, 0x82, 0x24, 0x00, 0x00, 0xFF, 0xFF, 0x55, 0x55, 0x55, 0x55,
    0x0F, 0xC1, 0xB6, 0x6D, 0xF7, 0x36, 0x62, 0x1B, 0x00, 0x00, 0xFF, 0xFF, 0x55, 0x55, 0x55, 0x55,
    0x0B, 0xEB, 0xB6, 0xFD, 0x07, 0xFF, 0x99, 0x3F, 0x00, 0x00, 0xFF, 0xFF, 0x55, 0x55, 0x55, 0x55,
    0x00, 0x18, 0x00, 0x00, 0x00, 0x00, 0x10, 0xA0, 0x00, 0x00, 0xFF, 0xFF, 0x55, 0x55, 0x55, 0x55,
    0xFE, 0x04, 0x06, 0x4A, 0xE0, 0x02, 0x02, 0x2C, 0x00, 0x00, 0xFF, 0xFF, 0x55, 0x55, 0x55, 0x55,
    0x00, 0x01, 0x00, 0x00, 0x00, 0x00, 0x00, 0x00, 0x00, 0x00, 0xFF, 0xFF, 0x55, 0x55, 0x55, 0x55,
    0x19, 0x00, 0x49, 0x90, 0x24, 0x49, 0x92, 0x24, 0x00, 0x00, 0xFF, 0xFF, 0x55, 0x55, 0x55, 0x55,
    0x3B, 0xF1, 0xF9, 0x83, 0xFC, 0xD6, 0x6F, 0xDB, 0x00, 0x00, 0xFF, 0xFF, 0x55, 0x55, 0x55, 0x55,
    0x1B, 0xF4, 0xB0, 0x4D, 0xDB, 0x81, 0x6D, 0xDB, 0x00, 0x00, 0xFF, 0xFF, 0x55, 0x55, 0x55, 0x55,
    0xFF, 0x00, 0x49, 0x90, 0x04, 0x49, 0x92, 0x24, 0x00, 0x00, 0xFF, 0xFF, 0x55, 0x55, 0x55, 0x55,
    0xFF, 0x00, 0x00, 0x02, 0x20, 0x49, 0x92, 0x24, 0x00, 0x00, 0xFF, 0xFF, 0x55, 0x55, 0x55, 0x55,
    0xFF, 0x00, 0x01, 0x10, 0x00, 0x49, 0x92, 0x24, 0x00, 0x00, 0xFF, 0xFF, 0x55, 0x55, 0x55, 0x55,
    0xFF, 0x00, 0x48, 0x82, 0x24, 0x49, 0x92, 0x24, 0x00, 0x00, 0xFF, 0xFF, 0x55, 0x55, 0x55, 0x55,
    0xFF, 0x00, 0x49, 0x92, 0x24, 0x49, 0x02, 0x00, 0x00, 0x00, 0xFF, 0xFF, 0x55, 0x55, 0x55, 0x55,
    0x18, 0xFF, 0x36, 0x63, 0xDB, 0xB6, 0x9D, 0xC0, 0x00, 0x00, 0xFF, 0xFF, 0x55, 0x55, 0x55, 0x55,
    0x97, 0xFF, 0x81, 0x6D, 0xDB, 0xB6, 0x6D, 0x3B, 0x00, 0x00, 0xFF, 0xFF, 0x55, 0x55, 0x55, 0x55,
    0xFF, 0x00, 0x49, 0x92, 0x24, 0x49, 0x02, 0x04, 0x00, 0x00, 0xFF, 0xFF, 0x55, 0x55, 0x55, 0x55,
    0xA5, 0xFF, 0x46, 0x62, 0xDB, 0xB6, 0x9D, 0xC4, 0x00, 0x00, 0xFF, 0xFF, 0x55, 0x55, 0x55, 0x55,
    0x5E, 0x62, 0xB1, 0x61, 0xDB, 0xB6, 0x6D, 0xDB, 0x00, 0x00, 0xFF, 0xFF, 0x55, 0x55, 0x55, 0x55,
    0xA5, 0xFF, 0x09, 0x6C, 0xDB, 0xB6, 0xED, 0x24, 0x00, 0x00, 0xFF, 0xFF, 0x55, 0x55, 0x55, 0x55,
    0xFF, 0x00, 0x49, 0x92, 0x24, 0x49, 0x82, 0x00, 0x00, 0x00, 0xFF, 0xFF, 0x55, 0x55, 0x55, 0x55,
    0xAC, 0xFF, 0x36, 0x62, 0xDB, 0xB6, 0x9D, 0x24, 0x00, 0x00, 0xFF, 0xFF, 0x55, 0x55, 0x55, 0x55,
    0x97, 0xFF, 0x81, 0x6D, 0xDB, 0xB6, 0x9D, 0x24, 0x00, 0x00, 0xFF, 0xFF, 0x55, 0x55, 0x55, 0x55,
    0xA5, 0xFF, 0x36, 0x62, 0xDB, 0xB6, 0x1D, 0xDB, 0x00, 0x00, 0xFF, 0xFF, 0x55, 0x55, 0x55, 0x55,
    0x62, 0xFF, 0x81, 0x6D, 0xDB, 0xB6, 0xED, 0x24, 0x00, 0x00, 0xFF, 0xFF, 0x55, 0x55, 0x55, 0x55,
    0x5E, 0xA5, 0xF8, 0x63, 0xDB, 0xB6, 0x7D, 0xDB, 0x00, 0x00, 0xFF, 0xFF, 0x55, 0x55, 0x55, 0x55,
    0x00, 0x01, 0x00, 0x00, 0x00, 0x00, 0x00, 0x00, 0x00, 0x00, 0xFF, 0xFF, 0x55, 0x55, 0x55, 0x55,
    0xFF, 0x07, 0x19, 0x90, 0x14, 0x19, 0x50, 0x00, 0x00, 0x00, 0xFF, 0xFF, 0x55, 0x55, 0x55, 0x55,
    0x0A, 0x89, 0xFF, 0xFF, 0xFF, 0xFF, 0x1F, 0xA0, 0x00, 0x00, 0xFF, 0xFF, 0x55, 0x55, 0x55, 0x55,
    0x09, 0xC1, 0x7F, 0xF0, 0xC2, 0x7F, 0xF0, 0x9F, 0x00, 0x00, 0xFF, 0xFF, 0x55, 0x55, 0x55, 0x55,
    0xFA, 0x00, 0x09, 0x90, 0x08, 0x09, 0x91, 0x1C, 0x00, 0x00, 0xFF, 0xFF, 0x55, 0x55, 0x55, 0x55,
    0x10, 0x8F, 0x3F, 0xFC, 0x07, 0xFF, 0xFF, 0xFF, 0x00, 0x00, 0xFF, 0xFF, 0x55, 0x55, 0x55, 0x55,
    0x14, 0xFD, 0xC6, 0x0F, 0xFE, 0xFF, 0xFF, 0xFC, 0x00, 0x00, 0xFF, 0xFF, 0x55, 0x55, 0x55, 0x55,
    0xFF, 0x00, 0x40, 0x02, 0x24, 0x40, 0x02, 0x24, 0x00, 0x00, 0xFF, 0xFF, 0x55, 0x55, 0x55, 0x55,
    0xD6, 0xFC, 0xF8, 0x9F, 0xFF, 0xB6, 0x6D, 0xDB, 0x00, 0x00, 0xFF, 0xFF, 0x55, 0x55, 0x55, 0x55,
    0x06, 0x6E, 0x41, 0x0F, 0xE3, 0xB6, 0x6F, 0xFB, 0x00, 0x00, 0xFF, 0xFF, 0x55, 0x55, 0x55, 0x55,
    0x8E, 0xFD, 0xBF, 0xFC, 0xD7, 0x7F, 0xFC, 0xDF, 0x00, 0x00, 0xFF, 0xFF, 0x55, 0x55, 0x55, 0x55,
    0xFF, 0x7C, 0x00, 0x20, 0x00, 0x04, 0x10, 0x00, 0x00, 0x00, 0xFF, 0xFF, 0x55, 0x55, 0x55, 0x55,
    0x03, 0x66, 0xB0, 0x2F, 0xE3, 0x41, 0xFE, 0xFF, 0x00, 0x00, 0xFF, 0xFF, 0x55, 0x55, 0x55, 0x55,
    0x66, 0xF5, 0xFF, 0xFD, 0xC7, 0x7F, 0xFD, 0xCB, 0x00, 0x00, 0xFF, 0xFF, 0x55, 0x55, 0x55, 0x55,
    0x38, 0xFF, 0x56, 0x62, 0x26, 0x6E, 0xE2, 0x24, 0x00, 0x00, 0xFF, 0xFF, 0x55, 0x55, 0x55, 0x55,
    0x04, 0x5C, 0xFF, 0xFF, 0xA0, 0x87, 0xF1, 0xFF, 0x00, 0x00, 0xFF, 0xFF, 0x55, 0x55, 0x55, 0x55,
    0xFF, 0x88, 0x00, 0x02, 0x80, 0x00, 0x04, 0x00, 0x00, 0x00, 0xFF, 0xFF, 0x55, 0x55, 0x55, 0x55,
    0x00, 0x01, 0x00, 0x00, 0x00, 0x00, 0x00, 0x00, 0x00, 0x00, 0xFF, 0xFF, 0x55, 0x55, 0x55, 0x55,
    0xFE, 0xFF, 0x49, 0x92, 0x24, 0x49, 0x92, 0x24, 0x00, 0x00, 0xFF, 0xFF, 0x55, 0x55, 0x55, 0x55,
    0x7B, 0xF9, 0xB6, 0x61, 0x9B, 0xB6, 0x63, 0x3B, 0x00, 0x00, 0xFF, 0xFF, 0x55, 0x55, 0x55, 0x55,
    0x11, 0x75, 0xFF, 0xFF, 0x3F, 0xFF, 0xF1, 0xDF, 0x00, 0x00, 0xFF, 0xFF, 0x55, 0x55, 0x55, 0x55,
    0x01, 0x77, 0xFF, 0x8F, 0xFC, 0xD6, 0x6F, 0xFC, 0x00, 0x00, 0xFF, 0xFF, 0x55, 0x55, 0x55, 0x55,
    0x78, 0xF8, 0x87, 0x7D, 0xDA, 0x8F, 0xFD, 0xD8, 0x00, 0x00, 0xFF, 0xFF, 0x55, 0x55, 0x55, 0x55,
    0xFF, 0x00, 0x39, 0x90, 0x02, 0x21, 0x10, 0x01, 0x00, 0x00, 0xFF, 0xFF, 0x55, 0x55, 0x55, 0x55,
    0x39, 0xEB, 0x8F, 0x73, 0x9A, 0x9F, 0x77, 0x18, 0x00, 0x00, 0xFF, 0xFF, 0x55, 0x55, 0x55, 0x55,
    0xFE, 0x25, 0x00, 0x02, 0xC0, 0x00, 0x08, 0x40, 0x00, 0x00, 0xFF, 0xFF, 0x55, 0x55, 0x55, 0x55,
    0xBD, 0xFE, 0xB6, 0x65, 0xBB, 0xB6, 0x63, 0xFB, 0x00, 0x00, 0xFF, 0xFF, 0x55, 0x55, 0x55, 0x55,
    0x11, 0x75, 0xFF, 0xF3, 0x1F, 0xFF, 0xFD, 0xDF, 0x00, 0x00, 0xFF, 0xFF, 0x55, 0x55, 0x55, 0x55,
    0x01, 0x77, 0xC8, 0x6F, 0xFD, 0xC6, 0x6F, 0xFF, 0x00, 0x00, 0xFF, 0xFF, 0x55, 0x55, 0x55, 0x55,
    0xBA, 0xFE, 0x97, 0xFF, 0xFA, 0x8F, 0xFF, 0xFB, 0x00, 0x00, 0xFF, 0xFF, 0x55, 0x55, 0x55, 0x55,
    0x00, 0x8B, 0xFF, 0xF3, 0x5F, 0xFF, 0xF1, 0x1F, 0x00, 0x00, 0xFF, 0xFF, 0x55, 0x55, 0x55, 0x55,
    0x08, 0x5C, 0xC8, 0x6F, 0xFC, 0xF6, 0x6F, 0xFF, 0x00, 0x00, 0xFF, 0xFF, 0x55, 0x55, 0x55, 0x55,
    0xF9, 0xFF, 0x81, 0x9D, 0xD8, 0x89, 0x9D, 0xD8, 0x00, 0x00, 0xFF, 0xFF, 0x55, 0x55, 0x55, 0x55,
    0xC5, 0x00, 0x49, 0x90, 0xE4, 0x49, 0x92, 0x24, 0x00, 0x00, 0xFF, 0xFF, 0x55, 0x55, 0x55, 0x55,
    0x3C, 0xF1, 0xFF, 0x97, 0x3F, 0xC8, 0x6F, 0xFD, 0x00, 0x00, 0xFF, 0xFF, 0x55, 0x55, 0x55, 0x55,
    0x1B, 0xF4, 0xB6, 0x0D, 0xDB, 0xB4, 0x1D, 0xD8, 0x00, 0x00, 0xFF, 0xFF, 0x55, 0x55, 0x55, 0x55,
    0x00, 0x01, 0x00, 0x00, 0x00, 0x00, 0x00, 0x00, 0x00, 0x00, 0xFF, 0xFF, 0x55, 0x55, 0x55, 0x55,
    0xFF, 0x00, 0x01, 0x10, 0x00, 0x49, 0x92, 0x24, 0x00, 0x00, 0xFF, 0xFF, 0x55, 0x55, 0x55, 0x55,
    0xFF, 0x00, 0x48, 0x82, 0x24, 0x49, 0x92, 0x24, 0x00, 0x00, 0xFF, 0xFF, 0x55, 0x55, 0x55, 0x55,
    0x00, 0x01, 0x00, 0x00, 0x00, 0x00, 0x00, 0x00, 0x00, 0x00, 0xFF, 0xFF, 0x55, 0x55, 0x55, 0x55,
    0x3A, 0xF9, 0xC8, 0x6F, 0xFD, 0xB6, 0x6D, 0xDB, 0x00, 0x00, 0xFF, 0xFF, 0x55, 0x55, 0x55, 0x55,
    0x20, 0xF1, 0xB4, 0x15, 0x78, 0xB6, 0x69, 0xBB, 0x00, 0x00, 0xFF, 0xFF, 0x55, 0x55, 0x55, 0x55,
    0x2C, 0x8E, 0x7F, 0xFC, 0xD3, 0xFF, 0xFC, 0xC3, 0x00, 0x00, 0xFF, 0xFF, 0x55, 0x55, 0x55, 0x55,
    0x00, 0x01, 0x00, 0x00, 0x00, 0x00, 0x00, 0x00, 0x00, 0x00, 0xFF, 0xFF, 0x55, 0x55, 0x55, 0x55,
    0xFF, 0x00, 0x49, 0x12, 0x00, 0x01, 0x10, 0x00, 0x00, 0x00, 0xFF, 0xFF, 0x55, 0x55, 0x55, 0x55,
    0xFF, 0x00, 0x49, 0x02, 0x00, 0x00, 0x00, 0x00, 0x00, 0x00, 0xFF, 0xFF, 0x55, 0x55, 0x55, 0x55,
    0xFF, 0x00, 0x49, 0x02, 0x00, 0x00, 0x00, 0x00, 0x00, 0x00, 0xFF, 0xFF, 0x55, 0x55, 0x55, 0x55,
    0xFF, 0x00, 0x01, 0x10, 0x00, 0x01, 0x10, 0x00, 0x00, 0x00, 0xFF, 0xFF, 0x55, 0x55, 0x55, 0x55,
    0xFF, 0x00, 0x48, 0x82, 0x24, 0x48, 0x82, 0x24, 0x00, 0x00, 0xFF, 0xFF, 0x55, 0x55, 0x55, 0x55,
    0xFF, 0x00, 0x49, 0x90, 0x04, 0x49, 0x90, 0x04, 0x00, 0x00, 0xFF, 0xFF, 0x55, 0x55, 0x55, 0x55,
    0xFF, 0x00, 0x00, 0x02, 0x20, 0x00, 0x02, 0x20, 0x00, 0x00, 0xFF, 0xFF, 0x55, 0x55, 0x55, 0x55,
    0xFF, 0x89, 0x00, 0x00, 0x00, 0x00, 0x04, 0xC0, 0x00, 0x00, 0xFF, 0xFF, 0x55, 0x55, 0x55, 0x55,
    0x2F, 0xE5, 0xBF, 0xFC, 0xD3, 0x7F, 0xFC, 0x1F, 0x00, 0x00, 0xFF, 0xFF, 0x55, 0x55, 0x55, 0x55,
    0xFF, 0x00, 0x49, 0x90, 0x04, 0x49, 0x90, 0x04, 0x00, 0x00, 0xFF, 0xFF, 0x55, 0x55, 0x55, 0x55,
    0xFF, 0x00, 0x40, 0x00, 0x04, 0x40, 0x00, 0x04, 0x00, 0x00, 0xFF, 0xFF, 0x55, 0x55, 0x55, 0x55,
    0xFF, 0x00, 0x00, 0x02, 0x20, 0x00, 0x02, 0x20, 0x00, 0x00, 0xFF, 0xFF, 0x55, 0x55, 0x55, 0x55,
    0x00, 0x01, 0x00, 0x00, 0x00, 0x00, 0x00, 0x00, 0x00, 0x00, 0xFF, 0xFF, 0x55, 0x55, 0x55, 0x55,
    0xFF, 0x00, 0x01, 0x10, 0x00, 0x01, 0x10, 0x00, 0x00, 0x00, 0xFF, 0xFF, 0x55, 0x55, 0x55, 0x55,
    0xFF, 0x00, 0x08, 0x80, 0x00, 0x08, 0x80, 0x00, 0x00, 0x00, 0xFF, 0xFF, 0x55, 0x55, 0x55, 0x55,
    0xFF, 0x00, 0x00, 0x00, 0x00, 0x40, 0x02, 0x24, 0x00, 0x00, 0xFF, 0xFF, 0x55, 0x55, 0x55, 0x55,
    0xFF, 0x00, 0x00, 0x00, 0x00, 0x49, 0x92, 0x24, 0x00, 0x00, 0xFF, 0xFF, 0x55, 0x55, 0x55, 0x55,
    0xFF, 0x00, 0x48, 0x82, 0x24, 0x49, 0x92, 0x24, 0x00, 0x00, 0xFF, 0xFF, 0x55, 0x55, 0x55, 0x55,
    0xFF, 0x00, 0x01, 0x10, 0x00, 0x01, 0x10, 0x00, 0x00, 0x00, 0xFF, 0xFF, 0x55, 0x55, 0x55, 0x55,
    0xFF, 0x00, 0x48, 0x82, 0x24, 0x48, 0x82, 0x24, 0x00, 0x00, 0xFF, 0xFF, 0x55, 0x55, 0x55, 0x55,
    0x00, 0x01, 0x00, 0x00, 0x00, 0x00, 0x00, 0x00, 0x00, 0x00, 0xFF, 0xFF, 0x55, 0x55, 0x55, 0x55,
    0xD1, 0xFE, 0xF8, 0xDF, 0xFF, 0xFF, 0x9F, 0xFF, 0x00, 0x00, 0xFF, 0xFF, 0x55, 0x55, 0x55, 0x55,
    0x17, 0x00, 0x48, 0x96, 0xE4, 0x49, 0xF2, 0xE4, 0x00, 0x00, 0xFF, 0xFF, 0x55, 0x55, 0x55, 0x55,
    0xC2, 0xFF, 0x49, 0x94, 0xA4, 0x49, 0x92, 0x24, 0x00, 0x00, 0xFF, 0xFF, 0x55, 0x55, 0x55, 0x55,
    0x2F, 0xFE, 0xB6, 0x61, 0xDB, 0xB6, 0x6D, 0xE7, 0x00, 0x00, 0xFF, 0xFF, 0x55, 0x55, 0x55, 0x55,
    0xB4, 0xFD, 0x68, 0x68, 0xDB, 0xB6, 0xFD, 0xDB, 0x00, 0x00, 0xFF, 0xFF, 0x55, 0x55, 0x55, 0x55,
    0x04, 0xFF, 0x54, 0x62, 0x27, 0x76, 0x62, 0x24, 0x00, 0x00, 0xFF, 0xFF, 0x55, 0x55, 0x55, 0x55,
    0xFC, 0xFF, 0x89, 0x9D, 0xD8, 0x89, 0x1D, 0xD8, 0x00, 0x00, 0xFF, 0xFF, 0x55, 0x55, 0x55, 0x55,
    0xFB, 0x02, 0x39, 0x75, 0x00, 0x03, 0x00, 0x00, 0x00, 0x00, 0xFF, 0xFF, 0x55, 0x55, 0x55, 0x55,
    0xFE, 0x0C, 0x00, 0x00, 0x00, 0x00, 0xD0, 0x04, 0x00, 0x00, 0xFF, 0xFF, 0x55, 0x55, 0x55, 0x55,
    0xFF, 0x00, 0x00, 0x02, 0x20, 0x00, 0x02, 0x20, 0x00, 0x00, 0xFF, 0xFF, 0x55, 0x55, 0x55, 0x55,
    0x0A, 0xCC, 0xC8, 0x6F, 0x30, 0xB6, 0x6D, 0xDB, 0x00, 0x00, 0xFF, 0xFF, 0x55, 0x55, 0x55, 0x55,
    0xC6, 0xFC, 0xFF, 0xDF, 0x14, 0xB6, 0x6D, 0xDB, 0x00, 0x00, 0xFF, 0xFF, 0x55, 0x55, 0x55, 0x55,
    0x0C, 0xFF, 0x29, 0x3C, 0xD8, 0xB6, 0x6D, 0xDB, 0x00, 0x00, 0xFF, 0xFF, 0x55, 0x55, 0x55, 0x55,
    0xFD, 0xFF, 0x4E, 0xE2, 0x24, 0x4E, 0x62, 0x24, 0x00, 0x00, 0xFF, 0xFF, 0x55, 0x55, 0x55, 0x55,
    0x06, 0xFF, 0x49, 0x92, 0x24, 0xB1, 0x1D, 0xD8, 0x00, 0x00, 0xFF, 0xFF, 0x55, 0x55, 0x55, 0x55,
    0xFD, 0xFF, 0x49, 0x92, 0x24, 0xB6, 0x9D, 0x04, 0x00, 0x00, 0xFF, 0xFF, 0x55, 0x55, 0x55, 0x55,
    0x00, 0x01, 0x00, 0x00, 0x00, 0x00, 0x00, 0x00, 0x00, 0x00, 0xFF, 0xFF, 0x55, 0x55, 0x55, 0x55,
    0xFE, 0xFF, 0x49, 0x92, 0x24, 0x49, 0x92, 0x24, 0x00, 0x00, 0xFF, 0xFF, 0x55, 0x55, 0x55, 0x55,
    0xFE, 0xFF, 0xB6, 0x63, 0x3B, 0xB6, 0x63, 0x1B, 0x00, 0x00, 0xFF, 0xFF, 0x55, 0x55, 0x55, 0x55,
    0x02, 0xFF, 0x49, 0x9C, 0xC4, 0x49, 0x9C, 0x04, 0x00, 0x00, 0xFF, 0xFF, 0x55, 0x55, 0x55, 0x55,
    0x03, 0xFF, 0x76, 0x62, 0x27, 0x76, 0x62, 0x24, 0x00, 0x00, 0xFF, 0xFF, 0x55, 0x55, 0x55, 0x55,
    0xFE, 0xFF, 0x89, 0x9D, 0xD8, 0x89, 0x1D, 0xD8, 0x00, 0x00, 0xFF, 0xFF, 0x55, 0x55, 0x55, 0x55,
    0xFF, 0x14, 0x01, 0x60, 0x00, 0x05, 0x30, 0x00, 0x00, 0x00, 0xFF, 0xFF, 0x55, 0x55, 0x55, 0x55,
    0x08, 0xF9, 0x81, 0xF1, 0xFF, 0xFF, 0xFF, 0xFF, 0x00, 0x00, 0xFF, 0xFF, 0x55, 0x55, 0x55, 0x55,
    0xFF, 0xF8, 0x07, 0x04, 0x00, 0x00, 0x00, 0x00, 0x00, 0x00, 0xFF, 0xFF, 0x55, 0x55, 0x55, 0x55,
    0x1C, 0xF7, 0xB0, 0x2F, 0xFB, 0xB3, 0x53, 0x3B, 0x00, 0x00, 0xFF, 0xFF, 0x55, 0x55, 0x55, 0x55,
    0x02, 0x14, 0xFF, 0xFD, 0xDF, 0xFF, 0xF1, 0x3F, 0x00, 0x00, 0xFF, 0xFF, 0x55, 0x55, 0x55, 0x55,
    0x03, 0x16, 0xF6, 0x6F, 0xFF, 0xC6, 0xEF, 0xFC, 0x00, 0x00, 0xFF, 0xFF, 0x55, 0x55, 0x55, 0x55,
    0xF0, 0xFE, 0xBF, 0xFF, 0xFB, 0x8F, 0x7F, 0xF8, 0x00, 0x00, 0xFF, 0xFF, 0x55, 0x55, 0x55, 0x55,
    0xFF, 0x00, 0x00, 0x02, 0x20, 0x00, 0x02, 0x20, 0x00, 0x00, 0xFF, 0xFF, 0x55, 0x55, 0x55, 0x55,
    0xFF, 0x00, 0x09, 0x90, 0x00, 0x09, 0x90, 0x00, 0x00, 0x00, 0xFF, 0xFF, 0x55, 0x55, 0x55, 0x55,
    0xFF, 0x00, 0x40, 0x02, 0x24, 0x40, 0x02, 0x24, 0x00, 0x00, 0xFF, 0xFF, 0x55, 0x55, 0x55, 0x55,
    0xFF, 0x00, 0x49, 0x92, 0x24, 0x00, 0x00, 0x00, 0x00, 0x00, 0xFF, 0xFF, 0x55, 0x55, 0x55, 0x55,
    0x00, 0x01, 0x00, 0x00, 0x00, 0x00, 0x00, 0x00, 0x00, 0x00, 0xFF, 0xFF, 0x55, 0x55, 0x55, 0x55,
    0xFF, 0x00, 0x49, 0x92, 0x24, 0x09, 0x90, 0x00, 0x00, 0x00, 0xFF, 0xFF, 0x55, 0x55, 0x55, 0x55,
    0xFF, 0x00, 0x49, 0x92, 0x24, 0x40, 0x02, 0x24, 0x00, 0x00, 0xFF, 0xFF, 0x55, 0x55, 0x55, 0x55,
    0xFF, 0x00, 0x49, 0x12, 0x00, 0x01, 0x10, 0x00, 0x00, 0x00, 0xFF, 0xFF, 0x55, 0x55, 0x55, 0x55,
    0xFF, 0x00, 0x49, 0x82, 0x24, 0x48, 0x82, 0x24, 0x00, 0x00, 0xFF, 0xFF, 0x55, 0x55, 0x55, 0x55,
    0x00, 0x01, 0x00, 0x00, 0x00, 0x00, 0x00, 0x00, 0x00, 0x00, 0xFF, 0xFF, 0x55, 0x55, 0x55, 0x55,
    0xFF, 0x00, 0x01, 0x10, 0x00, 0x01, 0x10, 0x00, 0x00, 0x00, 0xFF, 0xFF, 0x55, 0x55, 0x55, 0x55,
    0xDC, 0xFD, 0xB7, 0x71, 0x7B, 0xB7, 0x7B, 0x3B, 0x00, 0x00, 0xFF, 0xFF, 0x55, 0x55, 0x55, 0x55,
    0x02, 0x1C, 0x7F, 0xFC, 0xD3, 0xBF, 0xFC, 0xC3, 0x00, 0x00, 0xFF, 0xFF, 0x55, 0x55, 0x55, 0x55,
    0x00, 0x01, 0x00, 0x00, 0x00, 0x00, 0x00, 0x00, 0x00, 0x00, 0xFF, 0xFF, 0x55, 0x55, 0x55, 0x55,
    0xFF, 0x00, 0x01, 0x10, 0x00, 0x01, 0x10, 0x00, 0x00, 0x00, 0xFF, 0xFF, 0x55, 0x55, 0x55, 0x55,
    0xFF, 0x00, 0x48, 0x82, 0x24, 0x48, 0x82, 0x24, 0x00, 0x00, 0xFF, 0xFF, 0x55, 0x55, 0x55, 0x55,
    0x00, 0x01, 0x00, 0x00, 0x00, 0x00, 0x00, 0x00, 0x00, 0x00, 0xFF, 0xFF, 0x55, 0x55, 0x55, 0x55,
    0xFF, 0x00, 0x01, 0x10, 0x00, 0x01, 0x10, 0x00, 0x00, 0x00, 0xFF, 0xFF, 0x55, 0x55, 0x55, 0x55,
    0xFF, 0x00, 0x48, 0x82, 0x24, 0x48, 0x82, 0x24, 0x00, 0x00, 0xFF, 0xFF, 0x55, 0x55, 0x55, 0x55,
    0xFF, 0x00, 0x49, 0x90, 0x04, 0x49, 0x90, 0x04, 0x00, 0x00, 0xFF, 0xFF, 0x55, 0x55, 0x55, 0x55,
    0xFF, 0x00, 0x00, 0x02, 0x20, 0x00, 0x02, 0x20, 0x00, 0x00, 0xFF, 0xFF, 0x55, 0x55, 0x55, 0x55,
    0x20, 0x66, 0xFF, 0xF3, 0x1F, 0xFF, 0xFD, 0xDF, 0x00, 0x00, 0xFF, 0xFF, 0x55, 0x55, 0x55, 0x55,
    0xFF, 0x72, 0x00, 0x02, 0xA0, 0x03, 0x64, 0x00, 0x00, 0x00, 0xFF, 0xFF, 0x55, 0x55, 0x55, 0x55,
    0x06, 0x41, 0xB6, 0x6F, 0xFB, 0xB0, 0x1F, 0xFB, 0x00, 0x00, 0xFF, 0xFF, 0x55, 0x55, 0x55, 0x55,
    0xFF, 0x00, 0x40, 0x00, 0x04, 0x40, 0x00, 0x04, 0x00, 0x00, 0xFF, 0xFF, 0x55, 0x55, 0x55, 0x55,
    0xFF, 0x00, 0x00, 0x02, 0x20, 0x00, 0x02, 0x20, 0x00, 0x00, 0xFF, 0xFF, 0x55, 0x55, 0x55, 0x55,
    0x00, 0x01, 0x00, 0x00, 0x00, 0x00, 0x00, 0x00, 0x00, 0x00, 0xFF, 0xFF, 0x55, 0x55, 0x55, 0x55,
    0xFF, 0x00, 0x01, 0x10, 0x00, 0x01, 0x10, 0x00, 0x00, 0x00, 0xFF, 0xFF, 0x55, 0x55, 0x55, 0x55,
    0xFF, 0x00, 0x08, 0x80, 0x00, 0x08, 0x80, 0x00, 0x00, 0x00, 0xFF, 0xFF, 0x55, 0x55, 0x55, 0x55,
    0xFF, 0x00, 0x40, 0x02, 0x24, 0x40, 0x02, 0x24, 0x00, 0x00, 0xFF, 0xFF, 0x55, 0x55, 0x55, 0x55,
    0x00, 0x01, 0x00, 0x00, 0x00, 0x00, 0x00, 0x00, 0x00, 0x00, 0xFF, 0xFF, 0x55, 0x55, 0x55, 0x55,
    0x00, 0x01, 0x00, 0x00, 0x00, 0x00, 0x00, 0x00, 0x00, 0x00, 0xFF, 0xFF, 0x55, 0x55, 0x55, 0x55,
    0xFF, 0x00, 0x01, 0x10, 0x00, 0x01, 0x10, 0x00, 0x00, 0x00, 0xFF, 0xFF, 0x55, 0x55, 0x55, 0x55,
    0xFF, 0x00, 0x48, 0x82, 0x24, 0x48, 0x82, 0x24, 0x00, 0x00, 0xFF, 0xFF, 0x55, 0x55, 0x55, 0x55,
    0x00, 0x01, 0x00, 0x00, 0x00, 0x00, 0x00, 0x00, 0x00, 0x00, 0xFF, 0xFF, 0x55, 0x55, 0x55, 0x55,
    0x0A, 0xF1, 0xF9, 0xDF, 0xFF, 0xFB, 0x8F, 0xFE, 0x00, 0x00, 0xFF, 0xFF, 0x55, 0x55, 0x55, 0x55,
    0x05, 0x75, 0xB2, 0x15, 0x20, 0xFF, 0xFF, 0xFF, 0x00, 0x00, 0xFF, 0xFF, 0x55, 0x55, 0x55, 0x55,
    0x08, 0xEE, 0xFF, 0xF3, 0xBF, 0xFF, 0xF7, 0x17, 0x00, 0x00, 0xFF, 0xFF, 0x55, 0x55, 0x55, 0x55,
    0xFB, 0x00, 0x09, 0x90, 0x08, 0x09, 0x91, 0x1C, 0x00, 0x00, 0xFF, 0xFF, 0x55, 0x55, 0x55, 0x55,
    0x07, 0x6E, 0x3F, 0xFC, 0x07, 0xFF, 0xFF, 0xFF, 0x00, 0x00, 0xFF, 0xFF, 0x55, 0x55, 0x55, 0x55,
    0x13, 0x8F, 0xC6, 0x8F, 0xFC, 0xFF, 0xFF, 0xFF, 0x00, 0x00, 0xFF, 0xFF, 0x55, 0x55, 0x55, 0x55,
    0x54, 0xED, 0x8F, 0x7D, 0xDA, 0x87, 0x3D, 0xDB, 0x00, 0x00, 0xFF, 0xFF, 0x55, 0x55, 0x55, 0x55,
    0x48, 0xFD, 0xF9, 0x9F, 0xFF, 0xFD, 0xAF, 0xFF, 0x00, 0x00, 0xFF, 0xFF, 0x55, 0x55, 0x55, 0x55,
    0x0C, 0xEF, 0x30, 0x2E, 0xEC, 0xFF, 0xFF, 0x27, 0x00, 0x00, 0xFF, 0xFF, 0x55, 0x55, 0x55, 0x55,
    0xFF, 0x00, 0x00, 0x02, 0x20, 0x00, 0x02, 0x20, 0x00, 0x00, 0xFF, 0xFF, 0x55, 0x55, 0x55, 0x55,
    0x54, 0x00, 0x49, 0x92, 0x24, 0x49, 0x92, 0x04, 0x00, 0x00, 0xFF, 0xFF, 0x55, 0x55, 0x55, 0x55,
    0x00, 0xF8, 0xE0, 0xAF, 0x3C, 0xFD, 0xFB, 0x7F, 0x00, 0x00, 0xFF, 0xFF, 0x55, 0x55, 0x55, 0x55,
    0x92, 0x00, 0x4B, 0xF2, 0x24, 0x49, 0x92, 0x24, 0x00, 0x00, 0xFF, 0xFF, 0x55, 0x55, 0x55, 0x55,
    0x14, 0xF9, 0xCE, 0xEF, 0xFE, 0xDE, 0x6F, 0xF4, 0x00, 0x00, 0xFF, 0xFF, 0x55, 0x55, 0x55, 0x55,
    0x07, 0x74, 0x97, 0xF1, 0x20, 0xFF, 0xFF, 0xFF, 0x00, 0x00, 0xFF, 0xFF, 0x55, 0x55, 0x55, 0x55,
    0x04, 0xF4, 0xFF, 0xF3, 0xBF, 0xFF, 0xF7, 0x13, 0x00, 0x00, 0xFF, 0xFF, 0x55, 0x55, 0x55, 0x55,
    0x00, 0x01, 0x00, 0x00, 0x00, 0x00, 0x00, 0x00, 0x00, 0x00, 0xFF, 0xFF, 0x55, 0x55, 0x55, 0x55,
    0xFE, 0xFF, 0x49, 0x92, 0x24, 0x49, 0x92, 0x24, 0x00, 0x00, 0xFF, 0xFF, 0x55, 0x55, 0x55, 0x55,
    0x13, 0xF7, 0xB6, 0x63, 0xBB, 0xB6, 0x67, 0x1B, 0x00, 0x00, 0xFF, 0xFF, 0x55, 0x55, 0x55, 0x55,
    0x13, 0xFE, 0xFF, 0xF1, 0x7F, 0xFF, 0xDF, 0xFF, 0x00, 0x00, 0xFF, 0xFF, 0x55, 0x55, 0x55, 0x55,
    0x03, 0x70, 0xD6, 0x8F, 0xFC, 0xFF, 0xFF, 0xFF, 0x00, 0x00, 0xFF, 0xFF, 0x55, 0x55, 0x55, 0x55,
    0x0C, 0xFC, 0x8F, 0xF1, 0x5A, 0x9F, 0x57, 0x98, 0x00, 0x00, 0xFF, 0xFF, 0x55, 0x55, 0x55, 0x55,
    0x68, 0xF7, 0xF9, 0xFF, 0xBF, 0xFF, 0xF7, 0x1F, 0x00, 0x00, 0xFF, 0xFF, 0x55, 0x55, 0x55, 0x55,
    0x16, 0x00, 0x48, 0x92, 0x24, 0x49, 0x92, 0x24, 0x00, 0x00, 0xFF, 0xFF, 0x55, 0x55, 0x55, 0x55,
    0x17, 0xD5, 0xF8, 0xEF, 0xFC, 0xEE, 0xEF, 0xFD, 0x00, 0x00, 0xFF, 0xFF, 0x55, 0x55, 0x55, 0x55,
    0x0B, 0xFF, 0x81, 0x1B, 0x79, 0x99, 0x11, 0xDA, 0x00, 0x00, 0xFF, 0xFF, 0x55, 0x55, 0x55, 0x55,
    0x12, 0xF9, 0xFF, 0xF7, 0xFF, 0xFD, 0x8F, 0x35, 0x00, 0x00, 0xFF, 0xFF, 0x55, 0x55, 0x55, 0x55,
    0x0F, 0xFA, 0xD8, 0xFF, 0xFF, 0xFF, 0x9F, 0x74, 0x00, 0x00, 0xFF, 0xFF, 0x55, 0x55, 0x55, 0x55,
    0x09, 0xCA, 0x8F, 0x7F, 0xFA, 0x81, 0x0F, 0xFB, 0x00, 0x00, 0xFF, 0xFF, 0x55, 0x55, 0x55, 0x55,
    0xFF, 0x00, 0x00, 0x02, 0x20, 0x00, 0x02, 0x20, 0x00, 0x00, 0xFF, 0xFF, 0x55, 0x55, 0x55, 0x55,
    0xFF, 0x00, 0x09, 0x90, 0x00, 0x09, 0x90, 0x00, 0x00, 0x00, 0xFF, 0xFF, 0x55, 0x55, 0x55, 0x55,
    0xFF, 0x00, 0x40, 0x02, 0x24, 0x40, 0x02, 0x24, 0x00, 0x00, 0xFF, 0xFF, 0x55, 0x55, 0x55, 0x55,
    0xFE, 0xFF, 0x49, 0x92, 0x24, 0x49, 0x92, 0x24, 0x00, 0x00, 0xFF, 0xFF, 0x55, 0x55, 0x55, 0x55,
    0x00, 0x01, 0x00, 0x00, 0x00, 0x00, 0x00, 0x00, 0x00, 0x00, 0xFF, 0xFF, 0x55, 0x55, 0x55, 0x55,
    0xFF, 0x00, 0x09, 0x90, 0x00, 0x09, 0x90, 0x00, 0x00, 0x00, 0xFF, 0xFF, 0x55, 0x55, 0x55, 0x55,
    0xFF, 0x00, 0x40, 0x02, 0x24, 0x40, 0x02, 0x24, 0x00, 0x00, 0xFF, 0xFF, 0x55, 0x55, 0x55, 0x55,
    0xFF, 0x00, 0x01, 0x10, 0x00, 0x01, 0x10, 0x00, 0x00, 0x00, 0xFF, 0xFF, 0x55, 0x55, 0x55, 0x55,
    0xFF, 0x00, 0x48, 0x82, 0x24, 0x48, 0x82, 0x24, 0x00, 0x00, 0xFF, 0xFF, 0x55, 0x55, 0x55, 0x55,
    0x00, 0x01, 0x00, 0x00, 0x00, 0x00, 0x00, 0x00, 0x00, 0x00, 0xFF, 0xFF, 0x55, 0x55, 0x55, 0x55,
    0xFF, 0x00, 0x01, 0x10, 0x00, 0x01, 0x10, 0x00, 0x00, 0x00, 0xFF, 0xFF, 0x55, 0x55, 0x55, 0x55,
    0xA4, 0xF2, 0xB7, 0x73, 0xBB, 0xB7, 0x79, 0x5B, 0x00, 0x00, 0xFF, 0xFF, 0x55, 0x55, 0x55, 0x55,
    0x00, 0x37, 0xBF, 0xF0, 0x0F, 0x3F, 0xF1, 0x07, 0x00, 0x00, 0xFF, 0xFF, 0x55, 0x55, 0x55, 0x55,
    0x00, 0x01, 0x00, 0x00, 0x00, 0x00, 0x00, 0x00, 0x00, 0x00, 0xFF, 0xFF, 0x55, 0x55, 0x55, 0x55,
    0xFF, 0x00, 0x01, 0x10, 0x00, 0x01, 0x10, 0x00, 0x00, 0x00, 0xFF, 0xFF, 0x55, 0x55, 0x55, 0x55,
    0xFF, 0x00, 0x48, 0x82, 0x24, 0x00, 0x00, 0x00, 0x00, 0x00, 0xFF, 0xFF, 0x55, 0x55, 0x55, 0x55,
    0xFF, 0x00, 0x49, 0x92, 0x24, 0x00, 0x00, 0x00, 0x00, 0x00, 0xFF, 0xFF, 0x55, 0x55, 0x55, 0x55,
    0xFF, 0x00, 0x01, 0x10, 0x00, 0x01, 0x10, 0x00, 0x00, 0x00, 0xFF, 0xFF, 0x55, 0x55, 0x55, 0x55,
    0xFF, 0x00, 0x48, 0x82, 0x24, 0x48, 0x82, 0x24, 0x00, 0x00, 0xFF, 0xFF, 0x55, 0x55, 0x55, 0x55,
    0xFF, 0x00, 0x49, 0x90, 0x04, 0x49, 0x90, 0x04, 0x00, 0x00, 0xFF, 0xFF, 0x55, 0x55, 0x55, 0x55,
    0xFF, 0x00, 0x00, 0x02, 0x20, 0x00, 0x02, 0x20, 0x00, 0x00, 0xFF, 0xFF, 0x55, 0x55, 0x55, 0x55,
    0xFF, 0x00, 0x00, 0x02, 0x20, 0x00, 0x02, 0x20, 0x00, 0x00, 0xFF, 0xFF, 0x55, 0x55, 0x55, 0x55,
    0x1A, 0xFA, 0xFA, 0x8F, 0xFC, 0xEE, 0xEF, 0xFD, 0x00, 0x00, 0xFF, 0xFF, 0x55, 0x55, 0x55, 0x55,
    0x22, 0xFF, 0xB3, 0x53, 0x3B, 0x81, 0x13, 0x39, 0x00, 0x00, 0xFF, 0xFF, 0x55, 0x55, 0x55, 0x55,
    0xFF, 0x00, 0x40, 0x00, 0x04, 0x40, 0x00, 0x04, 0x00, 0x00, 0xFF, 0xFF, 0x55, 0x55, 0x55, 0x55,
    0xFF, 0x00, 0x00, 0x02, 0x20, 0x00, 0x02, 0x20, 0x00, 0x00, 0xFF, 0xFF, 0x55, 0x55, 0x55, 0x55,
    0x00, 0x01, 0x00, 0x00, 0x00, 0x00, 0x00, 0x00, 0x00, 0x00, 0xFF, 0xFF, 0x55, 0x55, 0x55, 0x55,
    0xFF, 0x00, 0x01, 0x10, 0x00, 0x01, 0x10, 0x00, 0x00, 0x00, 0xFF, 0xFF, 0x55, 0x55, 0x55, 0x55,
    0xFF, 0x00, 0x08, 0x80, 0x00, 0x08, 0x80, 0x00, 0x00, 0x00, 0xFF, 0xFF, 0x55, 0x55, 0x55, 0x55,
    0xFF, 0x00, 0x00, 0x00, 0x00, 0x00, 0x00, 0x24, 0x00, 0x00, 0xFF, 0xFF, 0x55, 0x55, 0x55, 0x55,
    0xFF, 0x00, 0x00, 0x00, 0x00, 0x00, 0x90, 0x24, 0x00, 0x00, 0xFF, 0xFF, 0x55, 0x55, 0x55, 0x55,
    0xFF, 0x00, 0x48, 0x82, 0x24, 0x48, 0x92, 0x24, 0x00, 0x00, 0xFF, 0xFF, 0x55, 0x55, 0x55, 0x55,
    0xFF, 0x00, 0x01, 0x10, 0x00, 0x01, 0x10, 0x00, 0x00, 0x00, 0xFF, 0xFF, 0x55, 0x55, 0x55, 0x55,
    0xFF, 0x00, 0x48, 0x82, 0x24, 0x48, 0x82, 0x24, 0x00, 0x00, 0xFF, 0xFF, 0x55, 0x55, 0x55, 0x55,
    0x07, 0xAE, 0xB6, 0x6D, 0xDB, 0xB6, 0x67, 0xE4, 0x00, 0x00, 0xFF, 0xFF, 0x55, 0x55, 0x55, 0x55,
    0xFC, 0x00, 0x49, 0x97, 0x24, 0x13, 0x00, 0x00, 0x00, 0x00, 0xFF, 0xFF, 0x55, 0x55, 0x55, 0x55,
    0x1F, 0xF0, 0x49, 0x62, 0xDB, 0xE9, 0xF0, 0x3F, 0x00, 0x00, 0xFF, 0xFF, 0x55, 0x55, 0x55, 0x55,
    0x00, 0xB1, 0x21, 0x00, 0x00, 0x00, 0x20, 0x00, 0x00, 0x00, 0xFF, 0xFF, 0x55, 0x55, 0x55, 0x55,
    0x23, 0x00, 0x49, 0x90, 0x24, 0x49, 0x92, 0x24, 0x00, 0x00, 0xFF, 0xFF, 0x55, 0x55, 0x55, 0x55,
    0x62, 0xF8, 0x6B, 0x62, 0xDB, 0xC6, 0x6F, 0xFE, 0x00, 0x00, 0xFF, 0xFF, 0x55, 0x55, 0x55, 0x55,
    0xFD, 0x01, 0x10, 0x9D, 0x24, 0x58, 0x82, 0x27, 0x00, 0x00, 0xFF, 0xFF, 0x55, 0x55, 0x55, 0x55,
    0x34, 0xAF, 0xB6, 0x6D, 0xDB, 0xB6, 0xE2, 0xFE, 0x00, 0x00, 0xFF, 0xFF, 0x55, 0x55, 0x55, 0x55,
    0x6F, 0xFA, 0x46, 0x63, 0xDB, 0x4D, 0xFA, 0xFF, 0x00, 0x00, 0xFF, 0xFF, 0x55, 0x55, 0x55, 0x55,
    0x26, 0xE5, 0x21, 0x62, 0xDB, 0x95, 0xFD, 0xD3, 0x00, 0x00, 0xFF, 0xFF, 0x55, 0x55, 0x55, 0x55,
    0xFF, 0x00, 0x00, 0x92, 0x24, 0x09, 0x90, 0x00, 0x00, 0x00, 0xFF, 0xFF, 0x55, 0x55, 0x55, 0x55,
    0x8B, 0xFF, 0xB6, 0x61, 0xDB, 0x89, 0x9D, 0xD8, 0x00, 0x00, 0xFF, 0xFF, 0x55, 0x55, 0x55, 0x55,
    0x13, 0xAC, 0x49, 0x60, 0xDB, 0xFF, 0xFF, 0xFF, 0x00, 0x00, 0xFF, 0xFF, 0x55, 0x55, 0x55, 0x55,
    0x27, 0xB6, 0xB6, 0x6D, 0xDB, 0xB6, 0x63, 0x1B, 0x00, 0x00, 0xFF, 0xFF, 0x55, 0x55, 0x55, 0x55,
    0x0A, 0xF4, 0x36, 0x68, 0xDB, 0xFF, 0x9B, 0xFF, 0x00, 0x00, 0xFF, 0xFF, 0x55, 0x55, 0x55, 0x55,
    0xF3, 0x00, 0x02, 0x90, 0x24, 0x49, 0xF2, 0x24, 0x00, 0x00, 0xFF, 0xFF, 0x55, 0x55, 0x55, 0x55,
    0x54, 0xB4, 0x81, 0x6D, 0xDB, 0xF6, 0x6F, 0xFF, 0x00, 0x00, 0xFF, 0xFF, 0x55, 0x55, 0x55, 0x55,
    0xFF, 0x00, 0x49, 0x92, 0x24, 0x40, 0x02, 0x24, 0x00, 0x00, 0xFF, 0xFF, 0x55, 0x55, 0x55, 0x55,
    0xFF, 0x00, 0x00, 0x90, 0x24, 0x00, 0x00, 0x00, 0x00, 0x00, 0xFF, 0xFF, 0x55, 0x55, 0x55, 0x55,
    0x32, 0x00, 0x49, 0x92, 0x24, 0x49, 0x92, 0x04, 0x00, 0x00, 0xFF, 0xFF, 0x55, 0x55, 0x55, 0x55,
    0x0D, 0xFF, 0x58, 0x63, 0xDB, 0x18, 0xDB, 0x24, 0x00, 0x00, 0xFF, 0xFF, 0x55, 0x55, 0x55, 0x55,
    0x7A, 0xF6, 0x09, 0x61, 0xDB, 0xC9, 0xFF, 0xFF, 0x00, 0x00, 0xFF, 0xFF, 0x55, 0x55, 0x55, 0x55,
    0x0A, 0xE3, 0xB0, 0x63, 0xDB, 0xFF, 0xFF, 0xFF, 0x00, 0x00, 0xFF, 0xFF, 0x55, 0x55, 0x55, 0x55,
    0x2D, 0xFF, 0x49, 0x60, 0xDB, 0x49, 0x92, 0x24, 0x00, 0x00, 0xFF, 0xFF, 0x55, 0x55, 0x55, 0x55,
    0xFF, 0x00, 0x49, 0x92, 0x24, 0x00, 0x02, 0x20, 0x00, 0x00, 0xFF, 0xFF, 0x55, 0x55, 0x55, 0x55,
    0x31, 0xA0, 0xC6, 0x6F, 0xDB, 0xB6, 0x6D, 0x23, 0x00, 0x00, 0xFF, 0xFF, 0x55, 0x55, 0x55, 0x55,
    0x18, 0xEE, 0x8F, 0x6D, 0xDB, 0x98, 0x9D, 0xDB, 0x00, 0x00, 0xFF, 0xFF, 0x55, 0x55, 0x55, 0x55,
    0x10, 0xD6, 0xB6, 0x6D, 0x1B, 0x36, 0x62, 0xF3, 0x00, 0x00, 0xFF, 0xFF, 0x55, 0x55, 0x55, 0x55,
    0x7C, 0xF6, 0xB6, 0xAD, 0x26, 0xFF, 0xFF, 0xFF, 0x00, 0x00, 0xFF, 0xFF, 0x55, 0x55, 0x55, 0x55,
    0x57, 0xEA, 0xB6, 0x5D, 0xD8, 0xBF, 0xF0, 0x27, 0x00, 0x00, 0xFF, 0xFF, 0x55, 0x55, 0x55, 0x55,
    0x50, 0xF8, 0xB6, 0x0D, 0x26, 0xFF, 0xFF, 0xFF, 0x00, 0x00, 0xFF, 0xFF, 0x55, 0x55, 0x55, 0x55,
    0x30, 0xEF, 0xB6, 0x1D, 0xC2, 0x7F, 0xF0, 0x9F, 0x00, 0x00, 0xFF, 0xFF, 0x55, 0x55, 0x55, 0x55,
    0x00, 0x01, 0x00, 0x00, 0x00, 0x00, 0x00, 0x00, 0x00, 0x00, 0xFF, 0xFF, 0x55, 0x55, 0x55, 0x55,
    0xFE, 0xFF, 0x49, 0x92, 0x24, 0x49, 0x92, 0x24, 0x00, 0x00, 0xFF, 0xFF, 0x55, 0x55, 0x55, 0x55,
    0x00, 0x01, 0x00, 0x00, 0x00, 0x00, 0x00, 0x00, 0x00, 0x00, 0xFF, 0xFF, 0x55, 0x55, 0x55, 0x55,
    0xFF, 0x00, 0x09, 0x90, 0x00, 0x09, 0x90, 0x00, 0x00, 0x00, 0xFF, 0xFF, 0x55, 0x55, 0x55, 0x55,
    0xFF, 0x00, 0x40, 0x02, 0x24, 0x40, 0x02, 0x24, 0x00, 0x00, 0xFF, 0xFF, 0x55, 0x55, 0x55, 0x55,
    0xFF, 0x00, 0x01, 0x10, 0x00, 0x01, 0x10, 0x00, 0x00, 0x00, 0xFF, 0xFF, 0x55, 0x55, 0x55, 0x55,
    0xFF, 0x00, 0x48, 0x82, 0x24, 0x48, 0x82, 0x24, 0x00, 0x00, 0xFF, 0xFF, 0x55, 0x55, 0x55, 0x55,
    0x00, 0x01, 0x00, 0x00, 0x00, 0x00, 0x00, 0x00, 0x00, 0x00, 0xFF, 0xFF, 0x55, 0x55, 0x55, 0x55,
    0xFF, 0x00, 0x01, 0x10, 0x00, 0x01, 0x10, 0x00, 0x00, 0x00, 0xFF, 0xFF, 0x55, 0x55, 0x55, 0x55,
    0x0B, 0x8D, 0xB7, 0x73, 0xBB, 0xB7, 0x77, 0x1B, 0x00, 0x00, 0xFF, 0xFF, 0x55, 0x55, 0x55, 0x55,
    0x52, 0xFF, 0x09, 0x9C, 0xC8, 0xC9, 0x9C, 0xD0, 0x00, 0x00, 0xFF, 0xFF, 0x55, 0x55, 0x55, 0x55,
    0x00, 0x01, 0x00, 0x00, 0x00, 0x00, 0x00, 0x00, 0x00, 0x00, 0xFF, 0xFF, 0x55, 0x55, 0x55, 0x55,
    0xFF, 0x00, 0x01, 0x10, 0x00, 0x01, 0x10, 0x00, 0x00, 0x00, 0xFF, 0xFF, 0x55, 0x55, 0x55, 0x55,
    0xFF, 0x00, 0x00, 0x80, 0x24, 0x48, 0x82, 0x24, 0x00, 0x00, 0xFF, 0xFF, 0x55, 0x55, 0x55, 0x55,
    0xFF, 0x00, 0x00, 0x90, 0x24, 0x49, 0x92, 0x24, 0x00, 0x00, 0xFF, 0xFF, 0x55, 0x55, 0x55, 0x55,
    0xFE, 0xFF, 0x4E, 0xE2, 0x24, 0x4E, 0x62, 0x24, 0x00, 0x00, 0xFF, 0xFF, 0x55, 0x55, 0x55, 0x55,
    0xFF, 0x00, 0x48, 0x82, 0x24, 0x48, 0x82, 0x24, 0x00, 0x00, 0xFF, 0xFF, 0x55, 0x55, 0x55, 0x55,
    0xFF, 0x00, 0x49, 0x90, 0x04, 0x49, 0x90, 0x04, 0x00, 0x00, 0xFF, 0xFF, 0x55, 0x55, 0x55, 0x55,
    0xFE, 0xFF, 0x49, 0x9C, 0xC4, 0x49, 0x9C, 0xC0, 0x00, 0x00, 0xFF, 0xFF, 0x55, 0x55, 0x55, 0x55,
    0xFF, 0x00, 0x00, 0x02, 0x20, 0x00, 0x02, 0x20, 0x00, 0x00, 0xFF, 0xFF, 0x55, 0x55, 0x55, 0x55,
    0x07, 0xE7, 0xD6, 0x6F, 0xE4, 0x76, 0x6F, 0xEF, 0x00, 0x00, 0xFF, 0xFF, 0x55, 0x55, 0x55, 0x55,
    0x29, 0xE4, 0xA7, 0xFF, 0xF8, 0x3F, 0xFE, 0xEF, 0x00, 0x00, 0xFF, 0xFF, 0x55, 0x55, 0x55, 0x55,
    0xEF, 0xFE, 0xBF, 0xFF, 0xFB, 0xBF, 0xF3, 0x1B, 0x00, 0x00, 0xFF, 0xFF, 0x55, 0x55, 0x55, 0x55,
    0x0C, 0xFF, 0x49, 0x9C, 0xC4, 0x49, 0x9C, 0x04, 0x00, 0x00, 0xFF, 0xFF, 0x55, 0x55, 0x55, 0x55,
    0x00, 0x01, 0x00, 0x00, 0x00, 0x00, 0x00, 0x00, 0x00, 0x00, 0xFF, 0xFF, 0x55, 0x55, 0x55, 0x55,
    0x0C, 0xFF, 0x4E, 0xE2, 0x24, 0x4E, 0x82, 0x24, 0x00, 0x00, 0xFF, 0xFF, 0x55, 0x55, 0x55, 0x55,
    0xEE, 0xFE, 0xF7, 0x7F, 0xFF, 0xF1, 0x0F, 0xFF, 0x00, 0x00, 0xFF, 0xFF, 0x55, 0x55, 0x55, 0x55,
    0xFF, 0x00, 0x40, 0x02, 0x24, 0x40, 0x02, 0x24, 0x00, 0x00, 0xFF, 0xFF, 0x55, 0x55, 0x55, 0x55,
    0x00, 0x01, 0x00, 0x00, 0x00, 0x00, 0x00, 0x00, 0x00, 0x00, 0xFF, 0xFF, 0x55, 0x55, 0x55, 0x55,
    0x00, 0x01, 0x00, 0x00, 0x00, 0x00, 0x00, 0x00, 0x00, 0x00, 0xFF, 0xFF, 0x55, 0x55, 0x55, 0x55,
    0xFF, 0x00, 0x01, 0x10, 0x00, 0x01, 0x10, 0x00, 0x00, 0x00, 0xFF, 0xFF, 0x55, 0x55, 0x55, 0x55,
    0xFF, 0x00, 0x48, 0x82, 0x24, 0x48, 0x82, 0x24, 0x00, 0x00, 0xFF, 0xFF, 0x55, 0x55, 0x55, 0x55,
    0x4E, 0xF3, 0xD6, 0xEF, 0xFE, 0xCE, 0xEF, 0xFF, 0x00, 0x00, 0xFF, 0xFF, 0x55, 0x55, 0x55, 0x55,
    0x0A, 0xAC, 0x0F, 0x70, 0xD9, 0x87, 0x7D, 0xDB, 0x00, 0x00, 0xFF, 0xFF, 0x55, 0x55, 0x55, 0x55,
    0x0F, 0x9E, 0xF9, 0x8F, 0xFF, 0xF8, 0xBF, 0xFF, 0x00, 0x00, 0xFF, 0xFF, 0x55, 0x55, 0x55, 0x55,
    0xA2, 0xFE, 0xB2, 0x5D, 0xDB, 0xB1, 0x4D, 0xDB, 0x00, 0x00, 0xFF, 0xFF, 0x55, 0x55, 0x55, 0x55,
    0x00, 0x01, 0x00, 0x00, 0x00, 0x00, 0x00, 0x00, 0x00, 0x00, 0xFF, 0xFF, 0x55, 0x55, 0x55, 0x55,
    0x20, 0xF9, 0xC8, 0xBF, 0x3F, 0xFD, 0x67, 0xDB, 0x00, 0x00, 0xFF, 0xFF, 0x55, 0x55, 0x55, 0x55,
    0x98, 0x00, 0x48, 0xF2, 0x24, 0x49, 0x92, 0x24, 0x00, 0x00, 0xFF, 0xFF, 0x55, 0x55, 0x55, 0x55,
    0xFE, 0x4A, 0x01, 0x40, 0x00, 0x02, 0x00, 0x00, 0x00, 0x00, 0xFF, 0xFF, 0x55, 0x55, 0x55, 0x55,
    0x0B, 0xA1, 0xFF, 0x1F, 0x20, 0xB2, 0x05, 0x1B, 0x00, 0x00, 0xFF, 0xFF, 0x55, 0x55, 0x55, 0x55,
    0xFE, 0x4B, 0x00, 0x02, 0x80, 0x00, 0x04, 0x00, 0x00, 0x00, 0xFF, 0xFF, 0x55, 0x55, 0x55, 0x55,
    0xFF, 0x00, 0x09, 0x90, 0x00, 0x49, 0x92, 0x24, 0x00, 0x00, 0xFF, 0xFF, 0x55, 0x55, 0x55, 0x55,
    0xFF, 0x00, 0x40, 0x02, 0x24, 0x49, 0x92, 0x24, 0x00, 0x00, 0xFF, 0xFF, 0x55, 0x55, 0x55, 0x55,
    0xFF, 0x00, 0x00, 0x00, 0x00, 0x49, 0x92, 0x24, 0x00, 0x00, 0xFF, 0xFF, 0x55, 0x55, 0x55, 0x55,
    0x00, 0x01, 0x00, 0x00, 0x00, 0x00, 0x00, 0x00, 0x00, 0x00, 0xFF, 0xFF, 0x55, 0x55, 0x55, 0x55,
    0x0E, 0xE8, 0xFC, 0x8F, 0xFC, 0xDE, 0x6F, 0xDB, 0x00, 0x00, 0xFF, 0xFF, 0x55, 0x55, 0x55, 0x55,
    0x23, 0xF8, 0xB3, 0x5D, 0xDB, 0x87, 0x6D, 0xDB, 0x00, 0x00, 0xFF, 0xFF, 0x55, 0x55, 0x55, 0x55,
    0xFF, 0x00, 0x09, 0x90, 0x00, 0x49, 0x92, 0x24, 0x00, 0x00, 0xFF, 0xFF, 0x55, 0x55, 0x55, 0x55,
    0xFF, 0x00, 0x40, 0x02, 0x24, 0x49, 0x92, 0x24, 0x00, 0x00, 0xFF, 0xFF, 0x55, 0x55, 0x55, 0x55,
    0xFF, 0x00, 0x00, 0x00, 0x00, 0x49, 0x92, 0x24, 0x00, 0x00, 0xFF, 0xFF, 0x55, 0x55, 0x55, 0x55,
    0x09, 0xD8, 0x36, 0x62, 0xEF, 0x76, 0x6F, 0xE7, 0x00, 0x00, 0xFF, 0xFF, 0x55, 0x55, 0x55, 0x55,
    0x30, 0xFF, 0x49, 0x92, 0x64, 0xC9, 0x9C, 0xC0, 0x00, 0x00, 0xFF, 0xFF, 0x55, 0x55, 0x55, 0x55,
    0x01, 0x38, 0xFF, 0x5F, 0x41, 0xB6, 0x6D, 0xDB, 0x00, 0x00, 0xFF, 0xFF, 0x55, 0x55, 0x55, 0x55,
    0xFE, 0xFF, 0x49, 0x92, 0x24, 0x49, 0x92, 0x24, 0x00, 0x00, 0xFF, 0xFF, 0x55, 0x55, 0x55, 0x55,
    0xFF, 0x00, 0x00, 0x90, 0x24, 0x49, 0x92, 0x24, 0x00, 0x00, 0xFF, 0xFF, 0x55, 0x55, 0x55, 0x55,
    0xFF, 0x00, 0x00, 0x92, 0x24, 0x49, 0x92, 0x24, 0x00, 0x00, 0xFF, 0xFF, 0x55, 0x55, 0x55, 0x55,
    0xFF, 0x00, 0x09, 0x90, 0x00, 0x00, 0x00, 0x00, 0x00, 0x00, 0xFF, 0xFF, 0x55, 0x55, 0x55, 0x55,
    0xFF, 0x00, 0x40, 0x02, 0x24, 0x00, 0x00, 0x00, 0x00, 0x00, 0xFF, 0xFF, 0x55, 0x55, 0x55, 0x55,
    0xB8, 0xFC, 0xB6, 0x6E, 0xF7, 0x77, 0x7E, 0xFF, 0x00, 0x00, 0xFF, 0xFF, 0x55, 0x55, 0x55, 0x55,
    0x05, 0x7A, 0x7F, 0xF0, 0xCB, 0x3F, 0xFC, 0xDB, 0x00, 0x00, 0xFF, 0xFF, 0x55, 0x55, 0x55, 0x55,
    0x00, 0x69, 0xF9, 0xAF, 0xFF, 0xF8, 0x8F, 0xFF, 0x00, 0x00, 0xFF, 0xFF, 0x55, 0x55, 0x55, 0x55,
    0x04, 0x5D, 0x0F, 0x7A, 0x18, 0xFF, 0xFF, 0xFF, 0x00, 0x00, 0xFF, 0xFF, 0x55, 0x55, 0x55, 0x55,
    0xC8, 0xFC, 0xFF, 0xF5, 0xBF, 0xFF, 0xF3, 0xFF, 0x00, 0x00, 0xFF, 0xFF, 0x55, 0x55, 0x55, 0x55,
    0x00, 0x01, 0x00, 0x00, 0x00, 0x00, 0x00, 0x00, 0x00, 0x00, 0xFF, 0xFF, 0x55, 0x55, 0x55, 0x55,
    0xFE, 0xFF, 0x49, 0x92, 0x24, 0x49, 0x92, 0x24, 0x00, 0x00, 0xFF, 0xFF, 0x55, 0x55, 0x55, 0x55,
    0x00, 0x01, 0x00, 0x00, 0x00, 0x00, 0x00, 0x00, 0x00, 0x00, 0xFF, 0xFF, 0x55, 0x55, 0x55, 0x55,
    0xFF, 0x00, 0x09, 0x90, 0x00, 0x09, 0x90, 0x00, 0x00, 0x00, 0xFF, 0xFF, 0x55, 0x55, 0x55, 0x55,
    0xFF, 0x00, 0x40, 0x02, 0x24, 0x40, 0x02, 0x24, 0x00, 0x00, 0xFF, 0xFF, 0x55, 0x55, 0x55, 0x55,
    0xFF, 0x00, 0x01, 0x10, 0x00, 0x01, 0x10, 0x00, 0x00, 0x00, 0xFF, 0xFF, 0x55, 0x55, 0x55, 0x55,
    0xFF, 0x00, 0x48, 0x82, 0x24, 0x48, 0x82, 0x24, 0x00, 0x00, 0xFF, 0xFF, 0x55, 0x55, 0x55, 0x55,
    0x00, 0x01, 0x00, 0x00, 0x00, 0x00, 0x00, 0x00, 0x00, 0x00, 0xFF, 0xFF, 0x55, 0x55, 0x55, 0x55,
    0xFF, 0x00, 0x01, 0x10, 0x00, 0x01, 0x10, 0x00, 0x00, 0x00, 0xFF, 0xFF, 0x55, 0x55, 0x55, 0x55,
    0xFF, 0x00, 0x48, 0x82, 0x24, 0x48, 0x82, 0x24, 0x00, 0x00, 0xFF, 0xFF, 0x55, 0x55, 0x55, 0x55,
    0xFA, 0x06, 0x02, 0x42, 0xE0, 0x06, 0x1A, 0x40, 0x00, 0x00, 0xFF, 0xFF, 0x55, 0x55, 0x55, 0x55,
    0x00, 0x01, 0x00, 0x00, 0x00, 0x00, 0x00, 0x00, 0x00, 0x00, 0xFF, 0xFF, 0x55, 0x55, 0x55, 0x55,
    0xFF, 0x00, 0x01, 0x10, 0x00, 0x01, 0x10, 0x00, 0x00, 0x00, 0xFF, 0xFF, 0x55, 0x55, 0x55, 0x55,
    0xFF, 0x00, 0x48, 0x82, 0x24, 0x48, 0x82, 0x24, 0x00, 0x00, 0xFF, 0xFF, 0x55, 0x55, 0x55, 0x55,
    0x00, 0x01, 0x00, 0x00, 0x00, 0x00, 0x00, 0x00, 0x00, 0x00, 0xFF, 0xFF, 0x55, 0x55, 0x55, 0x55,
    0x1B, 0xEF, 0xCE, 0xEF, 0xFE, 0xDE, 0x6F, 0xE4, 0x00, 0x00, 0xFF, 0xFF, 0x55, 0x55, 0x55, 0x55,
    0x08, 0xFC, 0x87, 0x7D, 0xD9, 0xAF, 0xF0, 0xFF, 0x00, 0x00, 0xFF, 0xFF, 0x55, 0x55, 0x55, 0x55,
    0x08, 0xFC, 0x36, 0x6E, 0xEB, 0x50, 0xFF, 0xFF, 0x00, 0x00, 0xFF, 0xFF, 0x55, 0x55, 0x55, 0x55,
    0x1A, 0xEF, 0x7F, 0xFC, 0xD7, 0xFF, 0xFC, 0xC0, 0x00, 0x00, 0xFF, 0xFF, 0x55, 0x55, 0x55, 0x55,
    0xFF, 0x00, 0x00, 0x02, 0x20, 0x00, 0x02, 0x20, 0x00, 0x00, 0xFF, 0xFF, 0x55, 0x55, 0x55, 0x55,
    0x27, 0xDE, 0x36, 0x6E, 0x3B, 0xB6, 0x69, 0x5B, 0x00, 0x00, 0xFF, 0xFF, 0x55, 0x55, 0x55, 0x55,
    0xFF, 0xB5, 0x40, 0x00, 0x08, 0x00, 0x00, 0x00, 0x00, 0x00, 0xFF, 0xFF, 0x55, 0x55, 0x55, 0x55,
    0x12, 0xC8, 0xBF, 0xF3, 0x9B, 0xBF, 0xF1, 0xDB, 0x00, 0x00, 0xFF, 0xFF, 0x55, 0x55, 0x55, 0x55,
    0xFF, 0x37, 0x00, 0x02, 0x60, 0x02, 0x10, 0x01, 0x00, 0x00, 0xFF, 0xFF, 0x55, 0x55, 0x55, 0x55,
    0x07, 0x34, 0xB6, 0x1D, 0x20, 0xFF, 0xFF, 0xFF, 0x00, 0x00, 0xFF, 0xFF, 0x55, 0x55, 0x55, 0x55,
    0xFF, 0x37, 0x01, 0x30, 0x00, 0x00, 0x04, 0x28, 0x00, 0x00, 0xFF, 0xFF, 0x55, 0x55, 0x55, 0x55,
    0x10, 0xC8, 0xF1, 0x4F, 0xFF, 0xF0, 0x6F, 0xFF, 0x00, 0x00, 0xFF, 0xFF, 0x55, 0x55, 0x55, 0x55,
    0xFF, 0x00, 0x40, 0x02, 0x24, 0x00, 0x00, 0x00, 0x00, 0x00, 0xFF, 0xFF, 0x55, 0x55, 0x55, 0x55,
    0xFF, 0x00, 0x49, 0x92, 0x24, 0x00, 0x00, 0x00, 0x00, 0x00, 0xFF, 0xFF, 0x55, 0x55, 0x55, 0x55,
    0xFF, 0x00, 0x49, 0x92, 0x24, 0x48, 0x82, 0x24, 0x00, 0x00, 0xFF, 0xFF, 0x55, 0x55, 0x55, 0x55,
    0xFF, 0x00, 0x01, 0x10, 0x00, 0x01, 0x10, 0x00, 0x00, 0x00, 0xFF, 0xFF, 0x55, 0x55, 0x55, 0x55,
    0xFF, 0x00, 0x48, 0x82, 0x24, 0x48, 0x82, 0x24, 0x00, 0x00, 0xFF, 0xFF, 0x55, 0x55, 0x55, 0x55,
    0xFF, 0x00, 0x01, 0x10, 0x00, 0x01, 0x10, 0x00, 0x00, 0x00, 0xFF, 0xFF, 0x55, 0x55, 0x55, 0x55,
    0xFF, 0x00, 0x48, 0x8E, 0x5C, 0xC8, 0x80, 0x00, 0x00, 0x00, 0xFF, 0xFF, 0x55, 0x55, 0x55, 0x55,
    0x14, 0xE7, 0xF9, 0xFF, 0x9F, 0x3F, 0xFD, 0xC3, 0x00, 0x00, 0xFF, 0xFF, 0x55, 0x55, 0x55, 0x55,
    0x01, 0x6F, 0xB1, 0x0D, 0xDB, 0xB6, 0x6D, 0xDB, 0x00, 0x00, 0xFF, 0xFF, 0x55, 0x55, 0x55, 0x55,
    0xFE, 0x03, 0x49, 0x92, 0x53, 0x06, 0x20, 0x00, 0x00, 0x00, 0xFF, 0xFF, 0x55, 0x55, 0x55, 0x55,
    0xFC, 0x04, 0x49, 0x02, 0x40, 0x00, 0xD0, 0x18, 0x00, 0x00, 0xFF, 0xFF, 0x55, 0x55, 0x55, 0x55,
    0x1E, 0xEB, 0xB6, 0x4D, 0xD8, 0x0F, 0xFC, 0xD3, 0x00, 0x00, 0xFF, 0xFF, 0x55, 0x55, 0x55, 0x55,
    0xFE, 0xFF, 0x49, 0x92, 0x24, 0x49, 0x92, 0x24, 0x00, 0x00, 0xFF, 0xFF, 0x55, 0x55, 0x55, 0x55,
    0x00, 0x01, 0x00, 0x00, 0x00, 0x00, 0x00, 0x00, 0x00, 0x00, 0xFF, 0xFF, 0x55, 0x55, 0x55, 0x55,
    0xFE, 0xFF, 0x49, 0x92, 0x24, 0x49, 0x92, 0x24, 0x00, 0x00, 0xFF, 0xFF, 0x55, 0x55, 0x55, 0x55,
    0x07, 0xBC, 0xB6, 0x6D, 0x83, 0x46, 0xEE, 0xFD, 0x00, 0x00, 0xFF, 0xFF, 0x55, 0x55, 0x55, 0x55,
    0xC4, 0xF9, 0xB6, 0x8D, 0x26, 0xFF, 0xFF, 0xFF, 0x00, 0x00, 0xFF, 0xFF, 0x55, 0x55, 0x55, 0x55,
    0x1A, 0xDD, 0xB6, 0x1D, 0xC2, 0x7F, 0xF0, 0x9F, 0x00, 0x00, 0xFF, 0xFF, 0x55, 0x55, 0x55, 0x55,
    0xFF, 0x00, 0x49, 0x92, 0x00, 0x09, 0x90, 0x00, 0x00, 0x00, 0xFF, 0xFF, 0x55, 0x55, 0x55, 0x55,
    0xFF, 0x00, 0x49, 0x02, 0x24, 0x40, 0x02, 0x24, 0x00, 0x00, 0xFF, 0xFF, 0x55, 0x55, 0x55, 0x55,
    0xFF, 0x00, 0x49, 0x12, 0x00, 0x01, 0x10, 0x00, 0x00, 0x00, 0xFF, 0xFF, 0x55, 0x55, 0x55, 0x55,
    0xFF, 0x00, 0x49, 0x82, 0x00, 0x08, 0x80, 0x00, 0x00, 0x00, 0xFF, 0xFF, 0x55, 0x55, 0x55, 0x55,
    0xFF, 0x00, 0x49, 0x02, 0x24, 0x40, 0x02, 0x24, 0x00, 0x00, 0xFF, 0xFF, 0x55, 0x55, 0x55, 0x55,
    0xFF, 0x00, 0x49, 0x12, 0x00, 0x01, 0x10, 0x00, 0x00, 0x00, 0xFF, 0xFF, 0x55, 0x55, 0x55, 0x55,
    0xEF, 0xFF, 0x36, 0x12, 0x37, 0x71, 0x12, 0x27, 0x00, 0x00, 0xFF, 0xFF, 0x55, 0x55, 0x55, 0x55,
    0x07, 0xFF, 0x09, 0x9C, 0xD8, 0x89, 0x9D, 0xD8, 0x00, 0x00, 0xFF, 0xFF, 0x55, 0x55, 0x55, 0x55,
    0x00, 0x01, 0x00, 0x00, 0x00, 0x00, 0x00, 0x00, 0x00, 0x00, 0xFF, 0xFF, 0x55, 0x55, 0x55, 0x55,
    0xFE, 0xFF, 0x49, 0x92, 0x24, 0x49, 0x92, 0x24, 0x00, 0x00, 0xFF, 0xFF, 0x55, 0x55, 0x55, 0x55,
    0xFF, 0x00, 0x49, 0x92, 0x24, 0x49, 0x02, 0x00, 0x00, 0x00, 0xFF, 0xFF, 0x55, 0x55, 0x55, 0x55,
    0xFF, 0x00, 0x49, 0x92, 0x24, 0x49, 0x02, 0x20, 0x00, 0x00, 0xFF, 0xFF, 0x55, 0x55, 0x55, 0x55,
    0xFF, 0x00, 0x00, 0x90, 0x00, 0x09, 0x90, 0x00, 0x00, 0x00, 0xFF, 0xFF, 0x55, 0x55, 0x55, 0x55,
    0xFF, 0x00, 0x00, 0x00, 0x24, 0x40, 0x02, 0x24, 0x00, 0x00, 0xFF, 0xFF, 0x55, 0x55, 0x55, 0x55,
    0xEE, 0xFF, 0x71, 0x62, 0x27, 0x76, 0x63, 0x23, 0x00, 0x00, 0xFF, 0xFF, 0x55, 0x55, 0x55, 0x55,
    0x01, 0x2A, 0xBF, 0xFD, 0xC3, 0xBF, 0xFC, 0xD7, 0x00, 0x00, 0xFF, 0xFF, 0x55, 0x55, 0x55, 0x55,
    0x00, 0x19, 0xF8, 0x8F, 0xFF, 0xFA, 0x9F, 0xFF, 0x00, 0x00, 0xFF, 0xFF, 0x55, 0x55, 0x55, 0x55,
    0x06, 0x1E, 0xFF, 0x7F, 0xDB, 0x87, 0xFD, 0x58, 0x00, 0x00, 0xFF, 0xFF, 0x55, 0x55, 0x55, 0x55,
    0xF3, 0xFE, 0xFF, 0x6F, 0xDB, 0xFF, 0xF3, 0x1F, 0x00, 0x00, 0xFF, 0xFF, 0x55, 0x55, 0x55, 0x55,
    0x00, 0x01, 0x00, 0x00, 0x00, 0x00, 0x00, 0x00, 0x00, 0x00, 0xFF, 0xFF, 0x55, 0x55, 0x55, 0x55,
    0xFF, 0xC9, 0x00, 0x00, 0x00, 0x03, 0x10, 0x00, 0x00, 0x00, 0xFF, 0xFF, 0x55, 0x55, 0x55, 0x55,
    0x51, 0x00, 0x49, 0x92, 0x24, 0x4F, 0xB2, 0x24, 0x00, 0x00, 0xFF, 0xFF, 0x55, 0x55, 0x55, 0x55,
    0x00, 0x3B, 0xC0, 0x0F, 0xFC, 0xD0, 0x8F, 0xFC, 0x00, 0x00, 0xFF, 0xFF, 0x55, 0x55, 0x55, 0x55,
    0xBE, 0xFC, 0xBF, 0xFD, 0xD8, 0xAF, 0x7D, 0x19, 0x00, 0x00, 0xFF, 0xFF, 0x55, 0x55, 0x55, 0x55,
    0x0B, 0xF7, 0xFE, 0x8F, 0xFF, 0xFA, 0x9F, 0xFF, 0x00, 0x00, 0xFF, 0xFF, 0x55, 0x55, 0x55, 0x55,
    0xBB, 0xF3, 0xB7, 0x7D, 0xDB, 0xB1, 0x0D, 0xDB, 0x00, 0x00, 0xFF, 0xFF, 0x55, 0x55, 0x55, 0x55,
    0x00, 0x01, 0x00, 0x00, 0x00, 0x00, 0x00, 0x00, 0x00, 0x00, 0xFF, 0xFF, 0x55, 0x55, 0x55, 0x55,
    0xFF, 0x00, 0x01, 0x10, 0x00, 0x01, 0x10, 0x00, 0x00, 0x00, 0xFF, 0xFF, 0x55, 0x55, 0x55, 0x55,
    0xFF, 0x00, 0x48, 0x82, 0x24, 0x48, 0x82, 0x24, 0x00, 0x00, 0xFF, 0xFF, 0x55, 0x55, 0x55, 0x55,
    0x00, 0x01, 0x00, 0x00, 0x00, 0x00, 0x00, 0x00, 0x00, 0x00, 0xFF, 0xFF, 0x55, 0x55, 0x55, 0x55,
    0x00, 0x01, 0x00, 0x00, 0x00, 0x00, 0x00, 0x00, 0x00, 0x00, 0xFF, 0xFF, 0x55, 0x55, 0x55, 0x55,
    0xFF, 0x00, 0x01, 0x10, 0x00, 0x01, 0x90, 0x24, 0x00, 0x00, 0xFF, 0xFF, 0x55, 0x55, 0x55, 0x55,
    0xFF, 0x00, 0x00, 0x00, 0x00, 0x00, 0x90, 0x24, 0x00, 0x00, 0xFF, 0xFF, 0x55, 0x55, 0x55, 0x55,
    0xFF, 0x00, 0x00, 0x00, 0x00, 0x00, 0x90, 0x24, 0x00, 0x00, 0xFF, 0xFF, 0x55, 0x55, 0x55, 0x55,
    0x0A, 0xE0, 0xB6, 0x62, 0x1B, 0xB6, 0x6D, 0xDB, 0x00, 0x00, 0xFF, 0xFF, 0x55, 0x55, 0x55, 0x55,
    0x6B, 0xFA, 0xFF, 0x0F, 0x36, 0xB6, 0x6D, 0xDB, 0x00, 0x00, 0xFF, 0xFF, 0x55, 0x55, 0x55, 0x55,
    0x6B, 0xFA, 0xFF, 0x9F, 0x12, 0xB6, 0x6D, 0xDB, 0x00, 0x00, 0xFF, 0xFF, 0x55, 0x55, 0x55, 0x55,
    0x0A, 0xDE, 0x91, 0x0D, 0xDB, 0xB6, 0x6D, 0xF3, 0x00, 0x00, 0xFF, 0xFF, 0x55, 0x55, 0x55, 0x55,
    0x86, 0xFF, 0x49, 0x6C, 0xDB, 0xB6, 0x9D, 0x04, 0x00, 0x00, 0xFF, 0xFF, 0x55, 0x55, 0x55, 0x55,
    0x0F, 0x00, 0x49, 0x90, 0x24, 0x49, 0x92, 0x24, 0x00, 0x00, 0xFF, 0xFF, 0x55, 0x55, 0x55, 0x55,
    0xFB, 0xFF, 0x48, 0x62, 0xDB, 0x49, 0x92, 0x24, 0x00, 0x00, 0xFF, 0xFF, 0x55, 0x55, 0x55, 0x55,
    0xFF, 0x00, 0x40, 0x92, 0x24, 0x09, 0x90, 0x00, 0x00, 0x00, 0xFF, 0xFF, 0x55, 0x55, 0x55, 0x55,
    0x0B, 0xB6, 0x06, 0x63, 0xDB, 0xBF, 0xFF, 0xFB, 0x00, 0x00, 0xFF, 0xFF, 0x55, 0x55, 0x55, 0x55,
    0xE6, 0xF8, 0x48, 0x60, 0xDB, 0xFF, 0xFD, 0xDF, 0x00, 0x00, 0xFF, 0xFF, 0x55, 0x55, 0x55, 0x55,
    0x0B, 0xB6, 0x21, 0x6C, 0xDB, 0xFE, 0xEF, 0xFF, 0x00, 0x00, 0xFF, 0xFF, 0x55, 0x55, 0x55, 0x55,
    0xFF, 0x00, 0x09, 0x90, 0x24, 0x48, 0x82, 0x24, 0x00, 0x00, 0xFF, 0xFF, 0x55, 0x55, 0x55, 0x55,
    0x37, 0xF9, 0xFF, 0x6F, 0xDB, 0x68, 0xDA, 0xFF, 0x00, 0x00, 0xFF, 0xFF, 0x55, 0x55, 0x55, 0x55,
    0x14, 0xB6, 0xFF, 0x6F, 0xDB, 0x1D, 0xFA, 0xFF, 0x00, 0x00, 0xFF, 0xFF, 0x55, 0x55, 0x55, 0x55,
    0xEE, 0xFF, 0xB1, 0x6D, 0xDB, 0xA9, 0x1D, 0xD8, 0x00, 0x00, 0xFF, 0xFF, 0x55, 0x55, 0x55, 0x55,
    0x0F, 0x2E, 0xFE, 0x6F, 0xDB, 0xB6, 0x61, 0x3B, 0x00, 0x00, 0xFF, 0xFF, 0x55, 0x55, 0x55, 0x55,
    0xD1, 0xF0, 0xB7, 0x6D, 0xDB, 0x7F, 0xFC, 0xC3, 0x00, 0x00, 0xFF, 0xFF, 0x55, 0x55, 0x55, 0x55,
    0xFF, 0x00, 0x01, 0x10, 0x00, 0x01, 0x10, 0x00, 0x00, 0x00, 0xFF, 0xFF, 0x55, 0x55, 0x55, 0x55,
    0x12, 0xE3, 0x77, 0x7E, 0xF3, 0x37, 0x72, 0x5B, 0x00, 0x00, 0xFF, 0xFF, 0x55, 0x55, 0x55, 0x55,
    0xFF, 0x08, 0x80, 0x03, 0x28, 0x00, 0x06, 0x00, 0x00, 0x00, 0xFF, 0xFF, 0x55, 0x55, 0x55, 0x55,
    0x01, 0x77, 0xB6, 0x6D, 0xDB, 0xB0, 0x1D, 0xDB, 0x00, 0x00, 0xFF, 0xFF, 0x55, 0x55, 0x55, 0x55,
    0xFC, 0x00, 0x00, 0x90, 0x24, 0x49, 0x92, 0x53, 0x00, 0x00, 0xFF, 0xFF, 0x55, 0x55, 0x55, 0x55,
    0x05, 0xF6, 0x30, 0x6E, 0xFB, 0xB6, 0x9F, 0xFC, 0x00, 0x00, 0xFF, 0xFF, 0x55, 0x55, 0x55, 0x55,
    0xE7, 0xFD, 0x3F, 0xFC, 0xC7, 0xFF, 0xFD, 0xDF, 0x00, 0x00, 0xFF, 0xFF, 0x55, 0x55, 0x55, 0x55,
    0xFE, 0xFF, 0x49, 0x92, 0x24, 0x49, 0x92, 0x24, 0x00, 0x00, 0xFF, 0xFF, 0x55, 0x55, 0x55, 0x55,
    0x00, 0x01, 0x00, 0x00, 0x00, 0x00, 0x00, 0x00, 0x00, 0x00, 0xFF, 0xFF, 0x55, 0x55, 0x55, 0x55,
    0xFE, 0xFF, 0x49, 0x92, 0x24, 0x49, 0x92, 0x24, 0x00, 0x00, 0xFF, 0xFF, 0x55, 0x55, 0x55, 0x55,
    0xB1, 0xFA, 0xC6, 0x6F, 0xFE, 0xCE, 0xEF, 0xFF, 0x00, 0x00, 0xFF, 0xFF, 0x55, 0x55, 0x55, 0x55,
    0x04, 0x5C, 0x0F, 0x7A, 0x18, 0xFF, 0xFF, 0xFF, 0x00, 0x00, 0xFF, 0xFF, 0x55, 0x55, 0x55, 0x55,
    0xAA, 0xFE, 0xFF, 0xF7, 0xBF, 0xFF, 0xF3, 0xFF, 0x00, 0x00, 0xFF, 0xFF, 0x55, 0x55, 0x55, 0x55,
    0xFF, 0x00, 0x09, 0x90, 0x00, 0x09, 0x90, 0x00, 0x00, 0x00, 0xFF, 0xFF, 0x55, 0x55, 0x55, 0x55,
    0xFF, 0x00, 0x40, 0x02, 0x24, 0x40, 0x02, 0x24, 0x00, 0x00, 0xFF, 0xFF, 0x55, 0x55, 0x55, 0x55,
    0xFF, 0x00, 0x01, 0x10, 0x00, 0x01, 0x10, 0x00, 0x00, 0x00, 0xFF, 0xFF, 0x55, 0x55, 0x55, 0x55,
    0xFF, 0x00, 0x08, 0x80, 0x00, 0x08, 0x80, 0x00, 0x00, 0x00, 0xFF, 0xFF, 0x55, 0x55, 0x55, 0x55,
    0xFF, 0x00, 0x40, 0x02, 0x24, 0x40, 0x02, 0x24, 0x00, 0x00, 0xFF, 0xFF, 0x55, 0x55, 0x55, 0x55,
    0xFF, 0x00, 0x01, 0x10, 0x00, 0x01, 0x10, 0x00, 0x00, 0x00, 0xFF, 0xFF, 0x55, 0x55, 0x55, 0x55,
    0xFF, 0x00, 0x08, 0x80, 0x00, 0x08, 0x80, 0x00, 0x00, 0x00, 0xFF, 0xFF, 0x55, 0x55, 0x55, 0x55,
    0xFF, 0x00, 0x40, 0x02, 0x24, 0x40, 0x02, 0x24, 0x00, 0x00, 0xFF, 0xFF, 0x55, 0x55, 0x55, 0x55,
    0x00, 0x01, 0x00, 0x00, 0x00, 0x00, 0x00, 0x00, 0x00, 0x00, 0xFF, 0xFF, 0x55, 0x55, 0x55, 0x55,
    0xFE, 0xFF, 0x49, 0x92, 0x24, 0x49, 0x92, 0x24, 0x00, 0x00, 0xFF, 0xFF, 0x55, 0x55, 0x55, 0x55,
    0xFF, 0x00, 0x00, 0x00, 0x00, 0x49, 0x92, 0x24, 0x00, 0x00, 0xFF, 0xFF, 0x55, 0x55, 0x55, 0x55,
    0xFF, 0x00, 0x00, 0x02, 0x20, 0x49, 0x92, 0x24, 0x00, 0x00, 0xFF, 0xFF, 0x55, 0x55, 0x55, 0x55,
    0xFF, 0x00, 0x09, 0x90, 0x00, 0x09, 0x90, 0x00, 0x00, 0x00, 0xFF, 0xFF, 0x55, 0x55, 0x55, 0x55,
    0xFF, 0x00, 0x40, 0x02, 0x24, 0x40, 0x02, 0x24, 0x00, 0x00, 0xFF, 0xFF, 0x55, 0x55, 0x55, 0x55,
    0x14, 0xD2, 0x76, 0x6E, 0xF3, 0x36, 0x62, 0x1B, 0x00, 0x00, 0xFF, 0xFF, 0x55, 0x55, 0x55, 0x55,
    0xFE, 0x04, 0x00, 0x03, 0x00, 0x00, 0x40, 0x01, 0x00, 0x00, 0xFF, 0xFF, 0x55, 0x55, 0x55, 0x55,
    0x5A, 0xF8, 0xFA, 0xFF, 0x27, 0xBF, 0x44, 0xD8, 0x00, 0x00, 0xFF, 0xFF, 0x55, 0x55, 0x55, 0x55,
    0x0F, 0xFB, 0x1F, 0xF6, 0xFF, 0xFF, 0xBF, 0x26, 0x00, 0x00, 0xFF, 0xFF, 0x55, 0x55, 0x55, 0x55,
    0x09, 0xCD, 0xFF, 0xF3, 0x9F, 0x7F, 0x10, 0xC2, 0x00, 0x00, 0xFF, 0xFF, 0x55, 0x55, 0x55, 0x55,
    0x00, 0x01, 0x00, 0x00, 0x00, 0x00, 0x00, 0x00, 0x00, 0x00, 0xFF, 0xFF, 0x55, 0x55, 0x55, 0x55,
    0x0D, 0xE1, 0xFC, 0x8F, 0xFC, 0x56, 0x6E, 0x63, 0x00, 0x00, 0xFF, 0xFF, 0x55, 0x55, 0x55, 0x55,
    0x06, 0xF2, 0x15, 0xF0, 0xFF, 0xFF, 0xDF, 0x24, 0x00, 0x00, 0xFF, 0xFF, 0x55, 0x55, 0x55, 0x55,
    0x0E, 0xE8, 0xEA, 0xFF, 0xFF, 0xFF, 0x93, 0x0E, 0x00, 0x00, 0xFF, 0xFF, 0x55, 0x55, 0x55, 0x55,
    0x09, 0xE3, 0xA7, 0x1F, 0x38, 0xB2, 0x6D, 0xDB, 0x00, 0x00, 0xFF, 0xFF, 0x55, 0x55, 0x55, 0x55,
    0x2E, 0xF4, 0xFF, 0x93, 0x10, 0xB6, 0x6D, 0xF3, 0x00, 0x00, 0xFF, 0xFF, 0x55, 0x55, 0x55, 0x55,
    0x0D, 0xED, 0xB2, 0x6D, 0xDB, 0xB6, 0xFD, 0x07, 0x00, 0x00, 0xFF, 0xFF, 0x55, 0x55, 0x55, 0x55,
    0x00, 0x01, 0x00, 0x00, 0x00, 0x00, 0x00, 0x00, 0x00, 0x00, 0xFF, 0xFF, 0x55, 0x55, 0x55, 0x55,
    0xFF, 0x00, 0x01, 0x10, 0x00, 0x49, 0x92, 0x24, 0x00, 0x00, 0xFF, 0xFF, 0x55, 0x55, 0x55, 0x55,
    0xFF, 0x00, 0x48, 0x82, 0x24, 0x49, 0x92, 0x24, 0x00, 0x00, 0xFF, 0xFF, 0x55, 0x55, 0x55, 0x55,
    0x00, 0x01, 0x00, 0x00, 0x00, 0x00, 0x00, 0x00, 0x00, 0x00, 0xFF, 0xFF, 0x55, 0x55, 0x55, 0x55,
    0x12, 0xE2, 0x76, 0xEF, 0xFD, 0xC8, 0xDF, 0x9F, 0x00, 0x00, 0xFF, 0xFF, 0x55, 0x55, 0x55, 0x55,
    0x80, 0x91, 0xBF, 0x7C, 0xDA, 0xB1, 0x6D, 0xDB, 0x00, 0x00, 0xFF, 0xFF, 0x55, 0x55, 0x55, 0x55,
    0x00, 0x01, 0x00, 0x00, 0x00, 0x00, 0x00, 0x00, 0x00, 0x00, 0xFF, 0xFF, 0x55, 0x55, 0x55, 0x55,
    0xFF, 0x00, 0x01, 0x10, 0x00, 0x01, 0x10, 0x00, 0x00, 0x00, 0xFF, 0xFF, 0x55, 0x55, 0x55, 0x55,
    0xFF, 0x00, 0x48, 0x80, 0x04, 0x48, 0x80, 0x04, 0x00, 0x00, 0xFF, 0xFF, 0x55, 0x55, 0x55, 0x55,
    0xFF, 0x00, 0x00, 0x02, 0x20, 0x00, 0x02, 0x20, 0x00, 0x00, 0xFF, 0xFF, 0x55, 0x55, 0x55, 0x55,
    0x00, 0x01, 0x00, 0x00, 0x00, 0x00, 0x00, 0x00, 0x00, 0x00, 0xFF, 0xFF, 0x55, 0x55, 0x55, 0x55,
    0x0E, 0xFF, 0x56, 0x82, 0x26, 0x4C, 0x66, 0xDB, 0x00, 0x00, 0xFF, 0xFF, 0x55, 0x55, 0x55, 0x55,
    0x2F, 0xFD, 0xED, 0x03, 0xE4, 0xB6, 0x6E, 0xDB, 0x00, 0x00, 0xFF, 0xFF, 0x55, 0x55, 0x55, 0x55,
    0x11, 0xD8, 0xB2, 0x1D, 0xD8, 0xAF, 0x6D, 0xDB, 0x00, 0x00, 0xFF, 0xFF, 0x55, 0x55, 0x55, 0x55,
    0xFF, 0x00, 0x00, 0x00, 0x00, 0x49, 0x92, 0x24, 0x00, 0x00, 0xFF, 0xFF, 0x55, 0x55, 0x55, 0x55,
    0xFF, 0x00, 0x09, 0x90, 0x00, 0x49, 0x92, 0x24, 0x00, 0x00, 0xFF, 0xFF, 0x55, 0x55, 0x55, 0x55,
    0xFF, 0x00, 0x40, 0x00, 0x04, 0x49, 0x92, 0x24, 0x00, 0x00, 0xFF, 0xFF, 0x55, 0x55, 0x55, 0x55,
    0xFF, 0x00, 0x00, 0x02, 0x20, 0x49, 0x92, 0x24, 0x00, 0x00, 0xFF, 0xFF, 0x55, 0x55, 0x55, 0x55,
    0xFF, 0x00, 0x01, 0x10, 0x00, 0x49, 0x92, 0x24, 0x00, 0x00, 0xFF, 0xFF, 0x55, 0x55, 0x55, 0x55,
    0xFF, 0x00, 0x48, 0x82, 0x24, 0x49, 0x92, 0x24, 0x00, 0x00, 0xFF, 0xFF, 0x55, 0x55, 0x55, 0x55,
    0x0F, 0xF5, 0xF9, 0x9F, 0x13, 0xB6, 0x6D, 0xDB, 0x00, 0x00, 0xFF, 0xFF, 0x55, 0x55, 0x55, 0x55,
    0x52, 0xFA, 0xFF, 0x8F, 0x35, 0xB6, 0x6D, 0xDB, 0x00, 0x00, 0xFF, 0xFF, 0x55, 0x55, 0x55, 0x55,
    0x42, 0xE3, 0xAF, 0x1D, 0xD8, 0xB6, 0x6D, 0xDB, 0x00, 0x00, 0xFF, 0xFF, 0x55, 0x55, 0x55, 0x55,
    0x4C, 0xAA, 0xB6, 0x61, 0x7B, 0xB6, 0x69, 0x3B, 0x00, 0x00, 0xFF, 0xFF, 0x55, 0x55, 0x55, 0x55,
    0x52, 0xFE, 0x09, 0x9D, 0xCC, 0x89, 0x9C, 0xC0, 0x00, 0x00, 0xFF, 0xFF, 0x55, 0x55, 0x55, 0x55,
    0xFF, 0x00, 0x01, 0x10, 0x00, 0x01, 0x10, 0x00, 0x00, 0x00, 0xFF, 0xFF, 0x55, 0x55, 0x55, 0x55,
    0xFF, 0x00, 0x48, 0x82, 0x24, 0x48, 0x82, 0x24, 0x00, 0x00, 0xFF, 0xFF, 0x55, 0x55, 0x55, 0x55,
    0x0B, 0xCB, 0xFC, 0x8F, 0xFC, 0xD6, 0x6F, 0xFC, 0x00, 0x00, 0xFF, 0xFF, 0x55, 0x55, 0x55, 0x55,
    0x2E, 0xF6, 0x81, 0x7D, 0xDA, 0x8F, 0xFD, 0xD8, 0x00, 0x00, 0xFF, 0xFF, 0x55, 0x55, 0x55, 0x55,
    0x32, 0xF6, 0xC8, 0xCF, 0xFF, 0xF9, 0x9F, 0xFF, 0x00, 0x00, 0xFF, 0xFF, 0x55, 0x55, 0x55, 0x55,
    0x03, 0x7A, 0xFF, 0xFF, 0xFF, 0x11, 0x0E, 0xE3, 0x00, 0x00, 0xFF, 0xFF, 0x55, 0x55, 0x55, 0x55,
    0xFF, 0x00, 0x00, 0x02, 0x20, 0x00, 0x02, 0x20, 0x00, 0x00, 0xFF, 0xFF, 0x55, 0x55, 0x55, 0x55,
    0xDC, 0xFF, 0x49, 0x92, 0x24, 0x4D, 0xA2, 0x24, 0x00, 0x00, 0xFF, 0xFF, 0x55, 0x55, 0x55, 0x55,
    0x28, 0x00, 0x49, 0x92, 0x24, 0x4E, 0x8C, 0x04, 0x00, 0x00, 0xFF, 0xFF, 0x55, 0x55, 0x55, 0x55,
    0xD9, 0xFF, 0x49, 0x92, 0x24, 0x49, 0x9A, 0x44, 0x00, 0x00, 0xFF, 0xFF, 0x55, 0x55, 0x55, 0x55,
    0xEF, 0xFD, 0xFE, 0xEF, 0xFF, 0xCE, 0x6F, 0xFC, 0x00, 0x00, 0xFF, 0xFF, 0x55, 0x55, 0x55, 0x55,
    0x06, 0x1C, 0xFF, 0x7F, 0xDB, 0x87, 0xFD, 0x58, 0x00, 0x00, 0xFF, 0xFF, 0x55, 0x55, 0x55, 0x55,
    0xEF, 0xFD, 0xFF, 0x6F, 0xDB, 0xFF, 0xF3, 0x1F, 0x00, 0x00, 0xFF, 0xFF, 0x55, 0x55, 0x55, 0x55,
    0xFF, 0x00, 0x09, 0x90, 0x00, 0x09, 0x90, 0x00, 0x00, 0x00, 0xFF, 0xFF, 0x55, 0x55, 0x55, 0x55,
    0x04, 0xFF, 0x89, 0x9D, 0xD8, 0x89, 0x9D, 0xC0, 0x00, 0x00, 0xFF, 0xFF, 0x55, 0x55, 0x55, 0x55,
    0x10, 0xFF, 0x4E, 0xE2, 0x24, 0x4E, 0x82, 0x24, 0x00, 0x00, 0xFF, 0xFF, 0x55, 0x55, 0x55, 0x55,
    0xFF, 0x00, 0x08, 0x80, 0x00, 0x08, 0x80, 0x00, 0x00, 0x00, 0xFF, 0xFF, 0x55, 0x55, 0x55, 0x55,
    0x04, 0xFF, 0x89, 0x9D, 0xD8, 0x89, 0x9D, 0xC0, 0x00, 0x00, 0xFF, 0xFF, 0x55, 0x55, 0x55, 0x55,
    0x10, 0xFF, 0x4E, 0xE2, 0x24, 0x4E, 0x82, 0x24, 0x00, 0x00, 0xFF, 0xFF, 0x55, 0x55, 0x55, 0x55,
    0xB5, 0xFB, 0xF7, 0x7F, 0xE7, 0x37, 0x7F, 0xE3, 0x00, 0x00, 0xFF, 0xFF, 0x55, 0x55, 0x55, 0x55,
    0x00, 0xA2, 0x3F, 0xF0, 0x0B, 0xFF, 0xF0, 0x07, 0x00, 0x00, 0xFF, 0xFF, 0x55, 0x55, 0x55, 0x55,
    0x00, 0x01, 0x00, 0x00, 0x00, 0x00, 0x00, 0x00, 0x00, 0x00, 0xFF, 0xFF, 0x55, 0x55, 0x55, 0x55,
    0xFE, 0xFF, 0x49, 0x92, 0x24, 0x49, 0x92, 0x24, 0x00, 0x00, 0xFF, 0xFF, 0x55, 0x55, 0x55, 0x55,
    0x00, 0x01, 0x00, 0x00, 0x00, 0x00, 0x00, 0x00, 0x00, 0x00, 0xFF, 0xFF, 0x55, 0x55, 0x55, 0x55,
    0x00, 0x01, 0x00, 0x00, 0x00, 0x00, 0x00, 0x00, 0x00, 0x00, 0xFF, 0xFF, 0x55, 0x55, 0x55, 0x55,
    0x22, 0xF0, 0xF6, 0x6F, 0xE7, 0x76, 0x6F, 0xEB, 0x00, 0x00, 0xFF, 0xFF, 0x55, 0x55, 0x55, 0x55,
    0x01, 0x41, 0x3F, 0xFC, 0x07, 0xFF, 0xFF, 0xFF, 0x00, 0x00, 0xFF, 0xFF, 0x55, 0x55, 0x55, 0x55,
    0x31, 0xFF, 0xB6, 0x6D, 0x33, 0x31, 0x12, 0x9B, 0x00, 0x00, 0xFF, 0xFF, 0x55, 0x55, 0x55, 0x55,
    0x1F, 0xF7, 0xB6, 0xFD, 0xD3, 0x7F, 0xF0, 0x9F, 0x00, 0x00, 0xFF, 0xFF, 0x55, 0x55, 0x55, 0x55,
    0xFF, 0x01, 0x49, 0x92, 0x03, 0x19, 0x60, 0x00, 0x00, 0x00, 0xFF, 0xFF, 0x55, 0x55, 0x55, 0x55,
    0xFD, 0x00, 0x49, 0x02, 0x38, 0x58, 0x82, 0x27, 0x00, 0x00, 0xFF, 0xFF, 0x55, 0x55, 0x55, 0x55,
    0x00, 0x01, 0x00, 0x00, 0x00, 0x00, 0x00, 0x00, 0x00, 0x00, 0xFF, 0xFF, 0x55, 0x55, 0x55, 0x55,
    0x00, 0x01, 0x00, 0x00, 0x00, 0x00, 0x00, 0x00, 0x00, 0x00, 0xFF, 0xFF, 0x55, 0x55, 0x55, 0x55,
    0x06, 0x99, 0xB6, 0x6D, 0x3B, 0xB6, 0x61, 0xDB, 0x00, 0x00, 0xFF, 0xFF, 0x55, 0x55, 0x55, 0x55,
    0x1A, 0xEB, 0xB6, 0xFD, 0x3F, 0xFD, 0x8F, 0xFC, 0x00, 0x00, 0xFF, 0xFF, 0x55, 0x55, 0x55, 0x55,
    0x11, 0xEC, 0xB6, 0x0D, 0xDB, 0xB4, 0x1D, 0xD8, 0x00, 0x00, 0xFF, 0xFF, 0x55, 0x55, 0x55, 0x55,
    0x00, 0x01, 0x00, 0x00, 0x00, 0x00, 0x00, 0x00, 0x00, 0x00, 0xFF, 0xFF, 0x55, 0x55, 0x55, 0x55,
    0xC5, 0x00, 0x49, 0x90, 0xE4, 0x49, 0x92, 0x24, 0x00, 0x00, 0xFF, 0xFF, 0x55, 0x55, 0x55, 0x55,
    0x3C, 0xF1, 0xFF, 0x97, 0x3F, 0xC8, 0x6F, 0xFD, 0x00, 0x00, 0xFF, 0xFF, 0x55, 0x55, 0x55, 0x55,
    0x1B, 0xF4, 0xB6, 0x0D, 0xDB, 0xB4, 0x1D, 0xD8, 0x00, 0x00, 0xFF, 0xFF, 0x55, 0x55, 0x55, 0x55,
    0x00, 0x01, 0x00, 0x00, 0x00, 0x00, 0x00, 0x00, 0x00, 0x00, 0xFF, 0xFF, 0x55, 0x55, 0x55, 0x55,
    0x00, 0x01, 0x00, 0x00, 0x00, 0x00, 0x00, 0x00, 0x00, 0x00, 0xFF, 0xFF, 0x55, 0x55, 0x55, 0x55,
    0x1A, 0xEC, 0xB6, 0x6D, 0xDB, 0xC6, 0xAA, 0xFC, 0x00, 0x00, 0xFF, 0xFF, 0x55, 0x55, 0x55, 0x55,
    0xE7, 0xF8, 0xB6, 0x6D, 0xDB, 0x48, 0xF0, 0xFF, 0x00, 0x00, 0xFF, 0xFF, 0x55, 0x55, 0x55, 0x55,
    0x18, 0xEB, 0xB6, 0x6D, 0xDB, 0x1D, 0xFC, 0x47, 0x00, 0x00, 0xFF, 0xFF, 0x55, 0x55, 0x55, 0x55,
    0x0A, 0xF2, 0xB6, 0x6D, 0xDB, 0x36, 0x62, 0x9B, 0x00, 0x00, 0xFF, 0xFF, 0x55, 0x55, 0x55, 0x55,
    0x33, 0x93, 0xB6, 0x6D, 0xDB, 0xFF, 0xF1, 0x3F, 0x00, 0x00, 0xFF, 0xFF, 0x55, 0x55, 0x55, 0x55,
    0x00, 0x01, 0x00, 0x00, 0x00, 0x00, 0x00, 0x00, 0x00, 0x00, 0xFF, 0xFF, 0x55, 0x55, 0x55, 0x55,
    0x00, 0xA1, 0x00, 0x00, 0x00, 0xFB, 0x9F, 0xFF, 0x00, 0x00, 0xFF, 0xFF, 0x55, 0x55, 0x55, 0x55,
    0x05, 0xEB, 0xB6, 0x6D, 0xFB, 0x81, 0x4F, 0xFB, 0x00, 0x00, 0xFF, 0xFF, 0x55, 0x55, 0x55, 0x55,
    0xFF, 0x00, 0x49, 0x02, 0x00, 0x00, 0x00, 0x00, 0x00, 0x00, 0xFF, 0xFF, 0x55, 0x55, 0x55, 0x55,
    0xFF, 0x00, 0x49, 0x02, 0x00, 0x00, 0x00, 0x00, 0x00, 0x00, 0xFF, 0xFF, 0x55, 0x55, 0x55, 0x55,
    0xFF, 0x00, 0x49, 0x00, 0x04, 0x40, 0x00, 0x04, 0x00, 0x00, 0xFF, 0xFF, 0x55, 0x55, 0x55, 0x55,
    0xFF, 0x00, 0x00, 0x00, 0x00, 0x00, 0x00, 0x20, 0x00, 0x00, 0xFF, 0xFF, 0x55, 0x55, 0x55, 0x55,
    0xFF, 0x00, 0x00, 0x00, 0x00, 0x00, 0x90, 0x24, 0x00, 0x00, 0xFF, 0xFF, 0x55, 0x55, 0x55, 0x55,
    0xFF, 0x00, 0x40, 0x02, 0x24, 0x40, 0x92, 0x24, 0x00, 0x00, 0xFF, 0xFF, 0x55, 0x55, 0x55, 0x55,
    0xFF, 0x00, 0x09, 0x90, 0x00, 0x09, 0x90, 0x00, 0x00, 0x00, 0xFF, 0xFF, 0x55, 0x55, 0x55, 0x55,
    0xFF, 0x00, 0x40, 0x02, 0x24, 0x40, 0x02, 0x24, 0x00, 0x00, 0xFF, 0xFF, 0x55, 0x55, 0x55, 0x55,
    0xFF, 0x00, 0x09, 0x90, 0x00, 0x09, 0x90, 0x00, 0x00, 0x00, 0xFF, 0xFF, 0x55, 0x55, 0x55, 0x55,
    0xEE, 0xFE, 0xFF, 0xF3, 0xFF, 0xFF, 0x7F, 0xFC, 0x00, 0x00, 0xFF, 0xFF, 0x55, 0x55, 0x55, 0x55,
    0xDE, 0x00, 0x4F, 0xD2, 0x24, 0x4B, 0x82, 0x24, 0x00, 0x00, 0xFF, 0xFF, 0x55, 0x55, 0x55, 0x55,
    0xFF, 0x00, 0x01, 0x10, 0x00, 0x01, 0x10, 0x00, 0x00, 0x00, 0xFF, 0xFF, 0x55, 0x55, 0x55, 0x55,
    0xFF, 0x01, 0x49, 0x96, 0x44, 0x49, 0x90, 0x1C, 0x00, 0x00, 0xFF, 0xFF, 0x55, 0x55, 0x55, 0x55,
    0xFD, 0x00, 0x80, 0x03, 0x3C, 0x40, 0x02, 0x25, 0x00, 0x00, 0xFF, 0xFF, 0x55, 0x55, 0x55, 0x55,
    0xFF, 0x00, 0x01, 0x10, 0x00, 0x01, 0x10, 0x00, 0x00, 0x00, 0xFF, 0xFF, 0x55, 0x55, 0x55, 0x55,
    0x01, 0x13, 0xB7, 0x7D, 0x07, 0xF7, 0x7F, 0xFF, 0x00, 0x00, 0xFF, 0xFF, 0x55, 0x55, 0x55, 0x55,
    0xFE, 0x00, 0x39, 0xF0, 0x01, 0x00, 0x00, 0x88, 0x00, 0x00, 0xFF, 0xFF, 0x55, 0x55, 0x55, 0x55,
    0x1D, 0xE8, 0x8F, 0x7D, 0xDA, 0x81, 0x0D, 0xDB, 0x00, 0x00, 0xFF, 0xFF, 0x55, 0x55, 0x55, 0x55,
    0xFE, 0x00, 0x00, 0x20, 0x00, 0x05, 0x90, 0x0A, 0x00, 0x00, 0xFF, 0xFF, 0x55, 0x55, 0x55, 0x55,
    0x19, 0xEB, 0xC2, 0xFE, 0xFF, 0x7F, 0x12, 0x22, 0x00, 0x00, 0xFF, 0xFF, 0x55, 0x55, 0x55, 0x55,
    0xFF, 0x00, 0x00, 0x02, 0x20, 0x00, 0x02, 0x20, 0x00, 0x00, 0xFF, 0xFF, 0x55, 0x55, 0x55, 0x55,
    0x4F, 0xAF, 0xF9, 0x8F, 0xFF, 0xEE, 0x6F, 0x23, 0x00, 0x00, 0xFF, 0xFF, 0x55, 0x55, 0x55, 0x55,
    0xFF, 0x0D, 0x4C, 0x08, 0x00, 0x00, 0x20, 0x40, 0x00, 0x00, 0xFF, 0xFF, 0x55, 0x55, 0x55, 0x55,
    0x4F, 0xAE, 0xFF, 0xF3, 0x1F, 0x7F, 0x1D, 0xD8, 0x00, 0x00, 0xFF, 0xFF, 0x55, 0x55, 0x55, 0x55,
    0x0E, 0xCE, 0xCE, 0x6F, 0xFE, 0x46, 0x6E, 0x83, 0x00, 0x00, 0xFF, 0xFF, 0x55, 0x55, 0x55, 0x55,
    0xFE, 0x09, 0x68, 0x0A, 0x00, 0x00, 0x20, 0x40, 0x00, 0x00, 0xFF, 0xFF, 0x55, 0x55, 0x55, 0x55,
    0x0A, 0xC0, 0xFF, 0xF3, 0x7F, 0x7F, 0x91, 0xD9, 0x00, 0x00, 0xFF, 0xFF, 0x55, 0x55, 0x55, 0x55,
    0x00, 0xF7, 0x40, 0x0E, 0xF4, 0xC0, 0x0E, 0x60, 0x00, 0x00, 0xFF, 0xFF, 0x55, 0x55, 0x55, 0x55,
    0x36, 0xF1, 0x3F, 0xFC, 0xA7, 0xFF, 0xDF, 0x84, 0x00, 0x00, 0xFF, 0xFF, 0x55, 0x55, 0x55, 0x55,
    0xFE, 0x1F, 0x06, 0x00, 0x00, 0x10, 0x90, 0x01, 0x00, 0x00, 0xFF, 0xFF, 0x55, 0x55, 0x55, 0x55,
    0x00, 0xF7, 0x47, 0x7E, 0xF4, 0xC7, 0x7E, 0x60, 0x00, 0x00, 0xFF, 0xFF, 0x55, 0x55, 0x55, 0x55,
    0x36, 0xF1, 0x3F, 0xFC, 0xA7, 0xFF, 0xDF, 0x84, 0x00, 0x00, 0xFF, 0xFF, 0x55, 0x55, 0x55, 0x55,
    0xFE, 0x1F, 0x06, 0x00, 0x00, 0x10, 0x90, 0x01, 0x00, 0x00, 0xFF, 0xFF, 0x55, 0x55, 0x55, 0x55,
    0xFE, 0x00, 0x48, 0x81, 0x44, 0x48, 0x8E, 0x24, 0x00, 0x00, 0xFF, 0xFF, 0x55, 0x55, 0x55, 0x55,
    0x0A, 0xDD, 0xFF, 0xF9, 0xFF, 0xF9, 0x8F, 0x35, 0x00, 0x00, 0xFF, 0xFF, 0x55, 0x55, 0x55, 0x55,
    0xFE, 0x00, 0x4F, 0x0E, 0x00, 0x00, 0x00, 0x00, 0x00, 0x00, 0xFF, 0xFF, 0x55, 0x55, 0x55, 0x55,
    0xFE, 0xFF, 0x49, 0x92, 0x24, 0x49, 0x92, 0x24, 0x00, 0x00, 0xFF, 0xFF, 0x55, 0x55, 0x55, 0x55,
    0xFF, 0x00, 0x49, 0x02, 0x00, 0x00, 0x00, 0x00, 0x00, 0x00, 0xFF, 0xFF, 0x55, 0x55, 0x55, 0x55,
    0xFF, 0x00, 0x49, 0x02, 0x20, 0x00, 0x02, 0x20, 0x00, 0x00, 0xFF, 0xFF, 0x55, 0x55, 0x55, 0x55,
    0x4D, 0x00, 0x49, 0x90, 0x24, 0x49, 0x92, 0x24, 0x00, 0x00, 0xFF, 0xFF, 0x55, 0x55, 0x55, 0x55,
    0x20, 0xF2, 0xCD, 0x6F, 0xDB, 0xF8, 0xAF, 0xFF, 0x00, 0x00, 0xFF, 0xFF, 0x55, 0x55, 0x55, 0x55,
    0x21, 0xE0, 0xB7, 0x61, 0xDB, 0xB1, 0x4D, 0xDB, 0x00, 0x00, 0xFF, 0xFF, 0x55, 0x55, 0x55, 0x55,
    0x12, 0xF4, 0xF9, 0xC3, 0xFF, 0xC8, 0xEF, 0xFD, 0x00, 0x00, 0xFF, 0xFF, 0x55, 0x55, 0x55, 0x55,
    0xFF, 0x12, 0x02, 0x00, 0x00, 0x00, 0x0A, 0x28, 0x00, 0x00, 0xFF, 0xFF, 0x55, 0x55, 0x55, 0x55,
    0x18, 0x98, 0xB1, 0x0D, 0xDB, 0xB6, 0x6D, 0xDB, 0x00, 0x00, 0xFF, 0xFF, 0x55, 0x55, 0x55, 0x55,
    0x00, 0x01, 0x00, 0x00, 0x00, 0x00, 0x00, 0x00, 0x00, 0x00, 0xFF, 0xFF, 0x55, 0x55, 0x55, 0x55,
    0x00, 0x01, 0x00, 0x00, 0x00, 0x00, 0x00, 0x00, 0x00, 0x00, 0xFF, 0xFF, 0x55, 0x55, 0x55, 0x55,
    0x00, 0x01, 0x00, 0x00, 0x00, 0x00, 0x00, 0x00, 0x00, 0x00, 0xFF, 0xFF, 0x55, 0x55, 0x55, 0x55,
    0x3A, 0xF9, 0x46, 0x6E, 0xEB, 0xB6, 0x6D, 0xDB, 0x00, 0x00, 0xFF, 0xFF, 0x55, 0x55, 0x55, 0x55,
    0xFE, 0x00, 0x60, 0x02, 0x3C, 0x49, 0x92, 0x24, 0x00, 0x00, 0xFF, 0xFF, 0x55, 0x55, 0x55, 0x55,
    0x00, 0x01, 0x00, 0x00, 0x00, 0x00, 0x00, 0x00, 0x00, 0x00, 0xFF, 0xFF, 0x55, 0x55, 0x55, 0x55,
    0x1A, 0xF0, 0xB6, 0x6D, 0xDB, 0x36, 0x66, 0xE5, 0x00, 0x00, 0xFF, 0xFF, 0x55, 0x55, 0x55, 0x55,
    0xAE, 0xF7, 0xB6, 0x6D, 0xDB, 0x6A, 0xF2, 0xFF, 0x00, 0x00, 0xFF, 0xFF, 0x55, 0x55, 0x55, 0x55,
    0x17, 0xE9, 0xB6, 0x6D, 0xDB, 0xE9, 0xF0, 0x3F, 0x00, 0x00, 0xFF, 0xFF, 0x55, 0x55, 0x55, 0x55,
    0x45, 0x00, 0x49, 0x92, 0x24, 0x49, 0x82, 0x24, 0x00, 0x00, 0xFF, 0xFF, 0x55, 0x55, 0x55, 0x55,
    0xFD, 0x00, 0x49, 0x9E, 0x84, 0x49, 0x94, 0x04, 0x00, 0x00, 0xFF, 0xFF, 0x55, 0x55, 0x55, 0x55,
    0xFF, 0x12, 0x00, 0x00, 0x40, 0x00, 0x0C, 0x20, 0x00, 0x00, 0xFF, 0xFF, 0x55, 0x55, 0x55, 0x55,
    0x13, 0x56, 0xFF, 0x1F, 0x20, 0xB6, 0x6D, 0xDB, 0x00, 0x00, 0xFF, 0xFF, 0x55, 0x55, 0x55, 0x55,
    0xFF, 0x14, 0x00, 0x20, 0x00, 0x06, 0x10, 0x00, 0x00, 0x00, 0xFF, 0xFF, 0x55, 0x55, 0x55, 0x55,
    0xF9, 0x00, 0x4F, 0xCC, 0x24, 0x4A, 0x82, 0x24, 0x00, 0x00, 0xFF, 0xFF, 0x55, 0x55, 0x55, 0x55,
    0xFF, 0x1B, 0x00, 0x24, 0x00, 0x05, 0x10, 0x00, 0x00, 0x00, 0xFF, 0xFF, 0x55, 0x55, 0x55, 0x55,
    0xFE, 0x01, 0x49, 0xE2, 0xA4, 0x4B, 0x86, 0x1F, 0x00, 0x00, 0xFF, 0xFF, 0x55, 0x55, 0x55, 0x55,
    0x18, 0xFA, 0xF9, 0xFF, 0xBF, 0xFF, 0xF7, 0x07, 0x00, 0x00, 0xFF, 0xFF, 0x55, 0x55, 0x55, 0x55,
    0x31, 0xFF, 0xB0, 0x63, 0x3B, 0xB6, 0x63, 0x3B, 0x00, 0x00, 0xFF, 0xFF, 0x55, 0x55, 0x55, 0x55,
    0xFF, 0x00, 0x00, 0x02, 0x20, 0x00, 0x02, 0x20, 0x00, 0x00, 0xFF, 0xFF, 0x55, 0x55, 0x55, 0x55,
    0x00, 0x01, 0x00, 0x00, 0x00, 0x00, 0x00, 0x00, 0x00, 0x00, 0xFF, 0xFF, 0x55, 0x55, 0x55, 0x55,
    0xFF, 0x00, 0x49, 0x90, 0x04, 0x49, 0x90, 0x04, 0x00, 0x00, 0xFF, 0xFF, 0x55, 0x55, 0x55, 0x55,
    0xFF, 0x00, 0x00, 0x02, 0x20, 0x00, 0x02, 0x20, 0x00, 0x00, 0xFF, 0xFF, 0x55, 0x55, 0x55, 0x55,
    0x00, 0x01, 0x00, 0x00, 0x00, 0x00, 0x00, 0x00, 0x00, 0x00, 0xFF, 0xFF, 0x55, 0x55, 0x55, 0x55,
    0x00, 0x01, 0x00, 0x00, 0x00, 0x00, 0x00, 0x00, 0x00, 0x00, 0xFF, 0xFF, 0x55, 0x55, 0x55, 0x55,
    0xFF, 0x00, 0x09, 0x90, 0x00, 0x09, 0x90, 0x00, 0x00, 0x00, 0xFF, 0xFF, 0x55, 0x55, 0x55, 0x55,
    0xFF, 0x00, 0x40, 0x02, 0x24, 0x40, 0x02, 0x24, 0x00, 0x00, 0xFF, 0xFF, 0x55, 0x55, 0x55, 0x55,
    0xFF, 0x00, 0x09, 0x90, 0x00, 0x09, 0x90, 0x00, 0x00, 0x00, 0xFF, 0xFF, 0x55, 0x55, 0x55, 0x55,
    0x1E, 0xD5, 0xEF, 0xFF, 0xFD, 0xC7, 0x7F, 0xE7, 0x00, 0x00, 0xFF, 0xFF, 0x55, 0x55, 0x55, 0x55,
    0xFD, 0x01, 0x78, 0x82, 0x26, 0x58, 0x02, 0x24, 0x00, 0x00, 0xFF, 0xFF, 0x55, 0x55, 0x55, 0x55,
    0xFF, 0x00, 0x01, 0x10, 0x00, 0x01, 0x10, 0x00, 0x00, 0x00, 0xFF, 0xFF, 0x55, 0x55, 0x55, 0x55,
    0x00, 0xA0, 0xC0, 0x0E, 0xF0, 0x40, 0x0F, 0xE4, 0x00, 0x00, 0xFF, 0xFF, 0x55, 0x55, 0x55, 0x55,
    0x5F, 0xFF, 0xA1, 0x9D, 0xD9, 0x91, 0x1D, 0xD8, 0x00, 0x00, 0xFF, 0xFF, 0x55, 0x55, 0x55, 0x55,
    0x27, 0xB6, 0xB6, 0x6D, 0x3B, 0xB6, 0x61, 0xDB, 0x00, 0x00, 0xFF, 0xFF, 0x55, 0x55, 0x55, 0x55,
    0x8D, 0xF9, 0xB6, 0xFD, 0x9F, 0xF9, 0x8F, 0xFF, 0x00, 0x00, 0xFF, 0xFF, 0x55, 0x55, 0x55, 0x55,
    0x21, 0x77, 0xB6, 0x6D, 0xDB, 0xB0, 0x1D, 0xDB, 0x00, 0x00, 0xFF, 0xFF, 0x55, 0x55, 0x55, 0x55,
    0x00, 0x01, 0x00, 0x00, 0x00, 0x00, 0x00, 0x00, 0x00, 0x00, 0xFF, 0xFF, 0x55, 0x55, 0x55, 0x55,
    0xFF, 0x00, 0x49, 0x92, 0xA4, 0x49, 0x96, 0x1C, 0x00, 0x00, 0xFF, 0xFF, 0x55, 0x55, 0x55, 0x55,
    0xFF, 0x01, 0x49, 0x02, 0x60, 0x00, 0x0E, 0x30, 0x00, 0x00, 0xFF, 0xFF, 0x55, 0x55, 0x55, 0x55,
    0xFF, 0x00, 0x49, 0x92, 0x04, 0x49, 0x90, 0x04, 0x00, 0x00, 0xFF, 0xFF, 0x55, 0x55, 0x55, 0x55,
    0xFF, 0x00, 0x49, 0x02, 0x20, 0x00, 0x02, 0x20, 0x00, 0x00, 0xFF, 0xFF, 0x55, 0x55, 0x55, 0x55,
    0xFF, 0x00, 0x49, 0x12, 0x00, 0x01, 0x10, 0x00, 0x00, 0x00, 0xFF, 0xFF, 0x55, 0x55, 0x55, 0x55,
    0xFF, 0x00, 0x49, 0x82, 0x24, 0x48, 0x82, 0x24, 0x00, 0x00, 0xFF, 0xFF, 0x55, 0x55, 0x55, 0x55,
    0xFF, 0x00, 0x49, 0x12, 0x03, 0x19, 0x70, 0x00, 0x00, 0x00, 0xFF, 0xFF, 0x55, 0x55, 0x55, 0x55,
    0xFF, 0x00, 0x49, 0x02, 0x38, 0xC0, 0x02, 0xE0, 0x00, 0x00, 0xFF, 0xFF, 0x55, 0x55, 0x55, 0x55,
    0x00, 0x01, 0x00, 0x00, 0x00, 0x00, 0x00, 0x00, 0x00, 0x00, 0xFF, 0xFF, 0x55, 0x55, 0x55, 0x55,
    0xFF, 0x00, 0x49, 0x92, 0x14, 0xC9, 0x90, 0x03, 0x00, 0x00, 0xFF, 0xFF, 0x55, 0x55, 0x55, 0x55,
    0xFF, 0x01, 0x49, 0x02, 0x2C, 0xC0, 0x03, 0x26, 0x00, 0x00, 0xFF, 0xFF, 0x55, 0x55, 0x55, 0x55,
    0x21, 0x8F, 0xB6, 0x6D, 0xDB, 0xB6, 0x61, 0x3B, 0x00, 0x00, 0xFF, 0xFF, 0x55, 0x55, 0x55, 0x55,
    0x0A, 0xF1, 0xB6, 0xAD, 0x26, 0xF9, 0xFF, 0xFF, 0x00, 0x00, 0xFF, 0xFF, 0x55, 0x55, 0x55, 0x55,
    0x1A, 0xDD, 0xB6, 0x4D, 0xF4, 0x4F, 0xFE, 0xFF, 0x00, 0x00, 0xFF, 0xFF, 0x55, 0x55, 0x55, 0x55,
    0xFF, 0x00, 0x49, 0x02, 0x04, 0x40, 0x00, 0x04, 0x00, 0x00, 0xFF, 0xFF, 0x55, 0x55, 0x55, 0x55,
    0x90, 0xCF, 0xB6, 0xFD, 0xFF, 0x01, 0x00, 0xDB, 0x00, 0x00, 0xFF, 0xFF, 0x55, 0x55, 0x55, 0x55,
    0x8F, 0xE1, 0xB6, 0xFD, 0x3F, 0x40, 0x62, 0x2F, 0x00, 0x00, 0xFF, 0xFF, 0x55, 0x55, 0x55, 0x55,
    0xFF, 0x00, 0x49, 0x12, 0x00, 0x01, 0x10, 0x00, 0x00, 0x00, 0xFF, 0xFF, 0x55, 0x55, 0x55, 0x55,
    0x08, 0xEF, 0xB6, 0x5D, 0x35, 0xC9, 0xFF, 0xFF, 0x00, 0x00, 0xFF, 0xFF, 0x55, 0x55, 0x55, 0x55,
    0x53, 0xF3, 0xB6, 0x9D, 0xC2, 0xFF, 0xF5, 0xFF, 0x00, 0x00, 0xFF, 0xFF, 0x55, 0x55, 0x55, 0x55,
    0x24, 0xF0, 0xB6, 0x0D, 0x26, 0xF9, 0xFF, 0xFF, 0x00, 0x00, 0xFF, 0xFF, 0x55, 0x55, 0x55, 0x55,
    0x54, 0xD5, 0xB6, 0x1D, 0xD8, 0x3F, 0xFC, 0xD7, 0x00, 0x00, 0xFF, 0xFF, 0x55, 0x55, 0x55, 0x55,
    0xFE, 0x5D, 0x01, 0x70, 0x00, 0x05, 0x46, 0xC0, 0x00, 0x00, 0xFF, 0xFF, 0x55, 0x55, 0x55, 0x55,
    0x12, 0x54, 0xB1, 0x0D, 0xDB, 0xB6, 0x6D, 0xDB, 0x00, 0x00, 0xFF, 0xFF, 0x55, 0x55, 0x55, 0x55,
    0x34, 0xB2, 0xC6, 0xEF, 0xFC, 0xF8, 0x9F, 0xFF, 0x00, 0x00, 0xFF, 0xFF, 0x55, 0x55, 0x55, 0x55,
    0x44, 0xC5, 0x7F, 0xFC, 0x1F, 0xFF, 0xF3, 0xFF, 0x00, 0x00, 0xFF, 0xFF, 0x55, 0x55, 0x55, 0x55,
    0x44, 0x00, 0x49, 0x92, 0x24, 0x49, 0x82, 0x24, 0x00, 0x00, 0xFF, 0xFF, 0x55, 0x55, 0x55, 0x55,
    0x00, 0x01, 0x00, 0x00, 0x00, 0x00, 0x00, 0x00, 0x00, 0x00, 0xFF, 0xFF, 0x55, 0x55, 0x55, 0x55,
    0x00, 0x01, 0x00, 0x00, 0x00, 0x00, 0x00, 0x00, 0x00, 0x00, 0xFF, 0xFF, 0x55, 0x55, 0x55, 0x55,
    0x00, 0x01, 0x00, 0x00, 0x00, 0x00, 0x00, 0x00, 0x00, 0x00, 0xFF, 0xFF, 0x55, 0x55, 0x55, 0x55,
    0x1B, 0xCE, 0xF8, 0xBF, 0xFF, 0xFC, 0x9F, 0xFF, 0x00, 0x00, 0xFF, 0xFF, 0x55, 0x55, 0x55, 0x55,
    0x1B, 0xCD, 0x3F, 0xFC, 0xCF, 0x3F, 0xFD, 0xC7, 0x00, 0x00, 0xFF, 0xFF, 0x55, 0x55, 0x55, 0x55,
    0x00, 0x01, 0x00, 0x00, 0x00, 0x00, 0x00, 0x00, 0x00, 0x00, 0xFF, 0xFF, 0x55, 0x55, 0x55, 0x55,
    0xFE, 0x03, 0x07, 0x40, 0x00, 0x02, 0x00, 0x00, 0x00, 0x00, 0xFF, 0xFF, 0x55, 0x55, 0x55, 0x55,
    0x0E, 0xDD, 0xFF, 0x9F, 0x01, 0xB3, 0x0D, 0xDB, 0x00, 0x00, 0xFF, 0xFF, 0x55, 0x55, 0x55, 0x55,
    0x08, 0xE2, 0xFF, 0xBF, 0xFC, 0xDE, 0x6F, 0xFC, 0x00, 0x00, 0xFF, 0xFF, 0x55, 0x55, 0x55, 0x55,
    0xFC, 0x00, 0x78, 0x02, 0x26, 0x50, 0x02, 0x24, 0x00, 0x00, 0xFF, 0xFF, 0x55, 0x55, 0x55, 0x55,
    0xFF, 0x00, 0x49, 0x90, 0x04, 0x49, 0x90, 0x04, 0x00, 0x00, 0xFF, 0xFF, 0x55, 0x55, 0x55, 0x55,
    0xFF, 0x00, 0x00, 0x02, 0x20, 0x00, 0x02, 0x20, 0x00, 0x00, 0xFF, 0xFF, 0x55, 0x55, 0x55, 0x55,
    0x00, 0x01, 0x00, 0x00, 0x00, 0x00, 0x00, 0x00, 0x00, 0x00, 0xFF, 0xFF, 0x55, 0x55, 0x55, 0x55,
    0xFF, 0x00, 0x01, 0x10, 0x00, 0x01, 0x10, 0x00, 0x00, 0x00, 0xFF, 0xFF, 0x55, 0x55, 0x55, 0x55,
    0xFF, 0x00, 0x48, 0x82, 0x24, 0x48, 0x82, 0x24, 0x00, 0x00, 0xFF, 0xFF, 0x55, 0x55, 0x55, 0x55,
    0x06, 0xEE, 0xEE, 0xEF, 0xFD, 0x46, 0x6E, 0xF3, 0x00, 0x00, 0xFF, 0xFF, 0x55, 0x55, 0x55, 0x55,
    0x70, 0xE5, 0x87, 0xFE, 0xE6, 0xFF, 0xFF, 0xFF, 0x00, 0x00, 0xFF, 0xFF, 0x55, 0x55, 0x55, 0x55,
    0x03, 0xEA, 0x7F, 0xFD, 0xCF, 0x0F, 0x7C, 0xDA, 0x00, 0x00, 0xFF, 0xFF, 0x55, 0x55, 0x55, 0x55,
    0xFF, 0x00, 0x49, 0x90, 0x04, 0x49, 0x90, 0x04, 0x00, 0x00, 0xFF, 0xFF, 0x55, 0x55, 0x55, 0x55,
    0xFF, 0x00, 0x00, 0x02, 0x20, 0x00, 0x00, 0x00, 0x00, 0x00, 0xFF, 0xFF, 0x55, 0x55, 0x55, 0x55,
    0xFF, 0x00, 0x49, 0x92, 0x24, 0x00, 0x00, 0x00, 0x00, 0x00, 0xFF, 0xFF, 0x55, 0x55, 0x55, 0x55,
    0xFF, 0x00, 0x49, 0x90, 0x04, 0x40, 0x00, 0x04, 0x00, 0x00, 0xFF, 0xFF, 0x55, 0x55, 0x55, 0x55,
    0xFF, 0x00, 0x00, 0x02, 0x00, 0x00, 0x00, 0x00, 0x00, 0x00, 0xFF, 0xFF, 0x55, 0x55, 0x55, 0x55,
    0xFF, 0x00, 0x49, 0x02, 0x00, 0x00, 0x00, 0x00, 0x00, 0x00, 0xFF, 0xFF, 0x55, 0x55, 0x55, 0x55,
    0xFF, 0x00, 0x49, 0x02, 0x24, 0x40, 0x02, 0x24, 0x00, 0x00, 0xFF, 0xFF, 0x55, 0x55, 0x55, 0x55,
    0xFF, 0x00, 0x09, 0x90, 0x00, 0x09, 0x90, 0x00, 0x00, 0x00, 0xFF, 0xFF, 0x55, 0x55, 0x55, 0x55,
    0xFF, 0x00, 0x40, 0x02, 0x24, 0x40, 0x02, 0x24, 0x00, 0x00, 0xFF, 0xFF, 0x55, 0x55, 0x55, 0x55,
    0xFF, 0x00, 0x09, 0x90, 0x00, 0x09, 0x90, 0x00, 0x00, 0x00, 0xFF, 0xFF, 0x55, 0x55, 0x55, 0x55,
    0x15, 0xF6, 0x37, 0x7F, 0xEB, 0x37, 0x72, 0xBB, 0x00, 0x00, 0xFF, 0xFF, 0x55, 0x55, 0x55, 0x55,
    0x19, 0xFF, 0x89, 0x9C, 0xCC, 0x49, 0x9D, 0x04, 0x00, 0x00, 0xFF, 0xFF, 0x55, 0x55, 0x55, 0x55,
    0xFF, 0x00, 0x01, 0x10, 0x00, 0x01, 0x10, 0x00, 0x00, 0x00, 0xFF, 0xFF, 0x55, 0x55, 0x55, 0x55,
    0xFF, 0x00, 0xC9, 0x90, 0x08, 0x09, 0x90, 0x03, 0x00, 0x00, 0xFF, 0xFF, 0x55, 0x55, 0x55, 0x55,
    0xFF, 0x00, 0x70, 0x82, 0x27, 0x48, 0xA2, 0x24, 0x00, 0x00, 0xFF, 0xFF, 0x55, 0x55, 0x55, 0x55,
    0x00, 0x01, 0x00, 0x00, 0x00, 0x00, 0x00, 0x00, 0x00, 0x00, 0xFF, 0xFF, 0x55, 0x55, 0x55, 0x55,
    0x0F, 0xEA, 0xC8, 0xEF, 0xFD, 0xB6, 0x6D, 0xDB, 0x00, 0x00, 0xFF, 0xFF, 0x55, 0x55, 0x55, 0x55,
    0x24, 0xCE, 0xB1, 0x7D, 0xD8, 0xB6, 0x6D, 0xDB, 0x00, 0x00, 0xFF, 0xFF, 0x55, 0x55, 0x55, 0x55,
    0x00, 0x01, 0x00, 0x00, 0x00, 0x00, 0x00, 0x00, 0x00, 0x00, 0xFF, 0xFF, 0x55, 0x55, 0x55, 0x55,
    0x77, 0xD2, 0x36, 0x6E, 0xE7, 0xB6, 0x6D, 0xDB, 0x00, 0x00, 0xFF, 0xFF, 0x55, 0x55, 0x55, 0x55,
    0x1A, 0xF4, 0x0F, 0xFC, 0xD9, 0xB6, 0x6D, 0xDB, 0x00, 0x00, 0xFF, 0xFF, 0x55, 0x55, 0x55, 0x55,
    0xFF, 0x00, 0x49, 0x90, 0x24, 0x49, 0x92, 0x24, 0x00, 0x00, 0xFF, 0xFF, 0x55, 0x55, 0x55, 0x55,
    0xFF, 0x00, 0x00, 0x92, 0x24, 0x49, 0x92, 0x24, 0x00, 0x00, 0xFF, 0xFF, 0x55, 0x55, 0x55, 0x55,
    0xFF, 0x00, 0x01, 0x90, 0x24, 0x49, 0x92, 0x24, 0x00, 0x00, 0xFF, 0xFF, 0x55, 0x55, 0x55, 0x55,
    0xFF, 0x00, 0x48, 0x92, 0x24, 0x49, 0x92, 0x24, 0x00, 0x00, 0xFF, 0xFF, 0x55, 0x55, 0x55, 0x55,
    0x3F, 0xC9, 0xFB, 0x93, 0x1F, 0xB6, 0x6D, 0xDB, 0x00, 0x00, 0xFF, 0xFF, 0x55, 0x55, 0x55, 0x55,
    0x3F, 0xC9, 0xF9, 0x87, 0x3F, 0xB6, 0x6D, 0xDB, 0x00, 0x00, 0xFF, 0xFF, 0x55, 0x55, 0x55, 0x55,
    0x00, 0x01, 0x00, 0x00, 0x00, 0x00, 0x00, 0x00, 0x00, 0x00, 0xFF, 0xFF, 0x55, 0x55, 0x55, 0x55,
    0x77, 0xD2, 0xC6, 0xEF, 0xFC, 0xB6, 0x6D, 0xDB, 0x00, 0x00, 0xFF, 0xFF, 0x55, 0x55, 0x55, 0x55,
    0x1A, 0xF4, 0x81, 0x3D, 0xDB, 0xB6, 0x6D, 0xDB, 0x00, 0x00, 0xFF, 0xFF, 0x55, 0x55, 0x55, 0x55,
    0xC5, 0xFD, 0xB6, 0x65, 0xBB, 0xB6, 0x63, 0xFB, 0x00, 0x00, 0xFF, 0xFF, 0x55, 0x55, 0x55, 0x55,
    0x12, 0x7E, 0xFF, 0xF3, 0x1F, 0xFF, 0xFD, 0xDF, 0x00, 0x00, 0xFF, 0xFF, 0x55, 0x55, 0x55, 0x55,
    0x03, 0x6F, 0xC8, 0x6F, 0xFD, 0xC6, 0x6F, 0xFF, 0x00, 0x00, 0xFF, 0xFF, 0x55, 0x55, 0x55, 0x55,
    0xFF, 0x00, 0x40, 0x00, 0x04, 0x40, 0x00, 0x04, 0x00, 0x00, 0xFF, 0xFF, 0x55, 0x55, 0x55, 0x55,
    0x90, 0x00, 0x48, 0x82, 0x24, 0x48, 0x82, 0x24, 0x00, 0x00, 0xFF, 0xFF, 0x55, 0x55, 0x55, 0x55,
    0xAC, 0xE4, 0x36, 0x62, 0x23, 0x36, 0x62, 0x23, 0x00, 0x00, 0xFF, 0xFF, 0x55, 0x55, 0x55, 0x55,
    0xFF, 0x00, 0x01, 0x10, 0x00, 0x01, 0x10, 0x00, 0x00, 0x00, 0xFF, 0xFF, 0x55, 0x55, 0x55, 0x55,
    0x06, 0x8D, 0x0F, 0x7A, 0x19, 0x87, 0x7D, 0xDB, 0x00, 0x00, 0xFF, 0xFF, 0x55, 0x55, 0x55, 0x55,
    0xFE, 0xFF, 0x49, 0x92, 0x24, 0x49, 0x92, 0x24, 0x00, 0x00, 0xFF, 0xFF, 0x55, 0x55, 0x55, 0x55,
    0x0F, 0x8F, 0x41, 0x0F, 0xE3, 0xB6, 0x6F, 0xFB, 0x00, 0x00, 0xFF, 0xFF, 0x55, 0x55, 0x55, 0x55,
    0xF0, 0xFE, 0x3F, 0xFC, 0xC7, 0xFF, 0xFD, 0xDF, 0x00, 0x00, 0xFF, 0xFF, 0x55, 0x55, 0x55, 0x55,
    0x0D, 0xF7, 0xFD, 0x95, 0x07, 0xB6, 0xCD, 0x3F, 0x00, 0x00, 0xFF, 0xFF, 0x55, 0x55, 0x55, 0x55,
    0x3A, 0xBD, 0xB6, 0x61, 0x3B, 0x36, 0x6E, 0xE7, 0x00, 0x00, 0xFF, 0xFF, 0x55, 0x55, 0x55, 0x55,
    0x20, 0xFA, 0xFF, 0xF3, 0x9F, 0x7F, 0xF0, 0xD3, 0x00, 0x00, 0xFF, 0xFF, 0x55, 0x55, 0x55, 0x55,
    0xFE, 0x00, 0x03, 0x70, 0x00, 0x21, 0x90, 0x03, 0x00, 0x00, 0xFF, 0xFF, 0x55, 0x55, 0x55, 0x55,
    0x44, 0xC3, 0xB1, 0x7D, 0xD8, 0x8F, 0xFD, 0xC3, 0x00, 0x00, 0xFF, 0xFF, 0x55, 0x55, 0x55, 0x55,
    0x00, 0x01, 0x00, 0x00, 0x00, 0x00, 0x00, 0x00, 0x00, 0x00, 0xFF, 0xFF, 0x55, 0x55, 0x55, 0x55,
    0x00, 0x01, 0x00, 0x00, 0x00, 0x00, 0x00, 0x00, 0x00, 0x00, 0xFF, 0xFF, 0x55, 0x55, 0x55, 0x55,
    0x14, 0xB9, 0xB6, 0x61, 0x5B, 0xB6, 0x69, 0x3B, 0x00, 0x00, 0xFF, 0xFF, 0x55, 0x55, 0x55, 0x55,
    0xBA, 0xFB, 0xF9, 0xFF, 0xFF, 0xFF, 0xFF, 0x1F, 0x00, 0x00, 0xFF, 0xFF, 0x55, 0x55, 0x55, 0x55,
    0xFE, 0x12, 0x00, 0x02, 0xE0, 0x00, 0x0A, 0x60, 0x00, 0x00, 0xFF, 0xFF, 0x55, 0x55, 0x55, 0x55,
    0x00, 0x01, 0x00, 0x00, 0x00, 0x00, 0x00, 0x00, 0x00, 0x00, 0xFF, 0xFF, 0x55, 0x55, 0x55, 0x55,
    0xFE, 0xFF, 0x49, 0x92, 0x24, 0x49, 0x92, 0x24, 0x00, 0x00, 0xFF, 0xFF, 0x55, 0x55, 0x55, 0x55,
    0x00, 0x01, 0x00, 0x00, 0x00, 0x00, 0x00, 0x00, 0x00, 0x00, 0xFF, 0xFF, 0x55, 0x55, 0x55, 0x55,
    0xFF, 0x00, 0x09, 0x90, 0x00, 0x09, 0x90, 0x00, 0x00, 0x00, 0xFF, 0xFF, 0x55, 0x55, 0x55, 0x55,
    0xFF, 0x00, 0x40, 0x02, 0x24, 0x40, 0x02, 0x24, 0x00, 0x00, 0xFF, 0xFF, 0x55, 0x55, 0x55, 0x55,
    0xFF, 0x00, 0x49, 0x90, 0x04, 0x49, 0x90, 0x04, 0x00, 0x00, 0xFF, 0xFF, 0x55, 0x55, 0x55, 0x55,
    0xFF, 0x00, 0x00, 0x02, 0x20, 0x00, 0x02, 0x20, 0x00, 0x00, 0xFF, 0xFF, 0x55, 0x55, 0x55, 0x55,
    0x00, 0x01, 0x00, 0x00, 0x00, 0x00, 0x00, 0x00, 0x00, 0x00, 0xFF, 0xFF, 0x55, 0x55, 0x55, 0x55,
    0xFF, 0x00, 0x01, 0x10, 0x00, 0x01, 0x10, 0x00, 0x00, 0x00, 0xFF, 0xFF, 0x55, 0x55, 0x55, 0x55,
    0xFF, 0x00, 0x48, 0x82, 0x24, 0x48, 0x82, 0x24, 0x00, 0x00, 0xFF, 0xFF, 0x55, 0x55, 0x55, 0x55,
    0x17, 0xD2, 0xB6, 0x6E, 0x3B, 0xB6, 0x69, 0x1B, 0x00, 0x00, 0xFF, 0xFF, 0x55, 0x55, 0x55, 0x55,
    0xFE, 0xFF, 0x49, 0x92, 0x24, 0x49, 0x92, 0x24, 0x00, 0x00, 0xFF, 0xFF, 0x55, 0x55, 0x55, 0x55,
    0x15, 0xD0, 0x97, 0x1D, 0xDB, 0xB4, 0x0D, 0xDB, 0x00, 0x00, 0xFF, 0xFF, 0x55, 0x55, 0x55, 0x55,
    0xFF, 0x00, 0x49, 0x90, 0x04, 0x49, 0x90, 0x04, 0x00, 0x00, 0xFF, 0xFF, 0x55, 0x55, 0x55, 0x55,
    0xFF, 0x00, 0x00, 0x00, 0x20, 0x00, 0x02, 0x20, 0x00, 0x00, 0xFF, 0xFF, 0x55, 0x55, 0x55, 0x55,
    0xFF, 0x00, 0x00, 0x90, 0x24, 0x49, 0x92, 0x24, 0x00, 0x00, 0xFF, 0xFF, 0x55, 0x55, 0x55, 0x55,
    0xFF, 0x00, 0x40, 0x90, 0x04, 0x49, 0x90, 0x04, 0x00, 0x00, 0xFF, 0xFF, 0x55, 0x55, 0x55, 0x55,
    0xFF, 0x00, 0x00, 0x02, 0x20, 0x00, 0x02, 0x20, 0x00, 0x00, 0xFF, 0xFF, 0x55, 0x55, 0x55, 0x55,
    0x00, 0x01, 0x00, 0x00, 0x00, 0x00, 0x00, 0x00, 0x00, 0x00, 0xFF, 0xFF, 0x55, 0x55, 0x55, 0x55,
    0x00, 0x01, 0x00, 0x00, 0x00, 0x00, 0x00, 0x00, 0x00, 0x00, 0xFF, 0xFF, 0x55, 0x55, 0x55, 0x55,
    0xFF, 0x00, 0x09, 0x90, 0x00, 0x09, 0x90, 0x00, 0x00, 0x00, 0xFF, 0xFF, 0x55, 0x55, 0x55, 0x55,
    0xFF, 0x00, 0x40, 0x02, 0x24, 0x40, 0x02, 0x24, 0x00, 0x00, 0xFF, 0xFF, 0x55, 0x55, 0x55, 0x55,
    0xFF, 0x00, 0x09, 0x90, 0x00, 0x09, 0x90, 0x00, 0x00, 0x00, 0xFF, 0xFF, 0x55, 0x55, 0x55, 0x55,
    0x05, 0x7F, 0xB7, 0x73, 0x7B, 0xB7, 0x71, 0xDB, 0x00, 0x00, 0xFF, 0xFF, 0x55, 0x55, 0x55, 0x55,
    0xFF, 0x55, 0x00, 0x02, 0xA0, 0x02, 0x44, 0x00, 0x00, 0x00, 0xFF, 0xFF, 0x55, 0x55, 0x55, 0x55,
    0x2A, 0xFF, 0x4E, 0xE2, 0x24, 0x4E, 0x82, 0x24, 0x00, 0x00, 0xFF, 0xFF, 0x55, 0x55, 0x55, 0x55,
    0x00, 0x93, 0xD8, 0x0F, 0xFE, 0xE8, 0x8F, 0xFC, 0x00, 0x00, 0xFF, 0xFF, 0x55, 0x55, 0x55, 0x55,
    0xC3, 0x00, 0x48, 0xA2, 0x24, 0x4B, 0xC2, 0x24, 0x00, 0x00, 0xFF, 0xFF, 0x55, 0x55, 0x55, 0x55,
    0x02, 0xB1, 0x36, 0x68, 0xE4, 0xE6, 0xEF, 0xFC, 0x00, 0x00, 0xFF, 0xFF, 0x55, 0x55, 0x55, 0x55,
    0x00, 0xF2, 0x4D, 0xF2, 0xFF, 0xFF, 0xFF, 0x61, 0x00, 0x00, 0xFF, 0xFF, 0x55, 0x55, 0x55, 0x55,
    0x1B, 0xD8, 0x21, 0xFC, 0x07, 0xFF, 0xF9, 0x3F, 0x00, 0x00, 0xFF, 0xFF, 0x55, 0x55, 0x55, 0x55,
    0x02, 0xB1, 0xB6, 0x61, 0x23, 0x36, 0x6F, 0xE7, 0x00, 0x00, 0xFF, 0xFF, 0x55, 0x55, 0x55, 0x55,
    0x03, 0xF5, 0x6B, 0xF2, 0xFF, 0xFF, 0xFF, 0x0F, 0x00, 0x00, 0xFF, 0xFF, 0x55, 0x55, 0x55, 0x55,
    0x1D, 0xF1, 0x29, 0xF1, 0x3F, 0xFF, 0xAF, 0xFF, 0x00, 0x00, 0xFF, 0xFF, 0x55, 0x55, 0x55, 0x55,
    0x1A, 0xCD, 0xB6, 0x0D, 0xDB, 0xB4, 0x1D, 0xDB, 0x00, 0x00, 0xFF, 0xFF, 0x55, 0x55, 0x55, 0x55,
    0xFF, 0x00, 0x09, 0x90, 0x00, 0x09, 0x90, 0x00, 0x00, 0x00, 0xFF, 0xFF, 0x55, 0x55, 0x55, 0x55,
    0xFF, 0x00, 0x40, 0x02, 0x24, 0x40, 0x02, 0x24, 0x00, 0x00, 0xFF, 0xFF, 0x55, 0x55, 0x55, 0x55,
    0x09, 0xCB, 0xB6, 0x61, 0x23, 0x36, 0x6F, 0xE7, 0x00, 0x00, 0xFF, 0xFF, 0x55, 0x55, 0x55, 0x55,
    0x10, 0xF9, 0x6B, 0xF2, 0xFF, 0xFF, 0xFF, 0x0F, 0x00, 0x00, 0xFF, 0xFF, 0x55, 0x55, 0x55, 0x55,
    0x14, 0xF7, 0xE9, 0xF0, 0xBF, 0xFF, 0xBF, 0xFF, 0x00, 0x00, 0xFF, 0xFF, 0x55, 0x55, 0x55, 0x55,
    0x08, 0xC6, 0xF6, 0x0F, 0xFF, 0xF4, 0x1F, 0xFF, 0x00, 0x00, 0xFF, 0xFF, 0x55, 0x55, 0x55, 0x55,
    0x09, 0xB9, 0x3F, 0xF8, 0xE7, 0xFF, 0xFF, 0x17, 0x00, 0x00, 0xFF, 0xFF, 0x55, 0x55, 0x55, 0x55,
    0xFF, 0x5C, 0x83, 0x0C, 0x00, 0x00, 0x10, 0x00, 0x00, 0x00, 0xFF, 0xFF, 0x55, 0x55, 0x55, 0x55,
    0xFD, 0x01, 0x49, 0xD0, 0x04, 0x4A, 0x80, 0x04, 0x00, 0x00, 0xFF, 0xFF, 0x55, 0x55, 0x55, 0x55,
    0x02, 0x13, 0xFF, 0xFD, 0xDF, 0xFF, 0xF1, 0x3F, 0x00, 0x00, 0xFF, 0xFF, 0x55, 0x55, 0x55, 0x55,
    0x02, 0x15, 0xF6, 0x6F, 0xFF, 0xC6, 0xEF, 0xFC, 0x00, 0x00, 0xFF, 0xFF, 0x55, 0x55, 0x55, 0x55,
    0xFF, 0x00, 0x40, 0x00, 0x04, 0x40, 0x00, 0x04, 0x00, 0x00, 0xFF, 0xFF, 0x55, 0x55, 0x55, 0x55,
    0x90, 0x00, 0x48, 0x82, 0x24, 0x48, 0x82, 0x24, 0x00, 0x00, 0xFF, 0xFF, 0x55, 0x55, 0x55, 0x55,
    0xAC, 0xE4, 0x36, 0x62, 0x23, 0x36, 0x62, 0x23, 0x00, 0x00, 0xFF, 0xFF, 0x55, 0x55, 0x55, 0x55,
    0xFF, 0x00, 0x01, 0x10, 0x00, 0x01, 0x10, 0x00, 0x00, 0x00, 0xFF, 0xFF, 0x55, 0x55, 0x55, 0x55,
    0xFF, 0x00, 0x48, 0x82, 0x24, 0x48, 0x82, 0x24, 0x00, 0x00, 0xFF, 0xFF, 0x55, 0x55, 0x55, 0x55,
    0xFE, 0xFF, 0x49, 0x92, 0x24, 0x49, 0x92, 0x24, 0x00, 0x00, 0xFF, 0xFF, 0x55, 0x55, 0x55, 0x55,
    0xFF, 0x00, 0x49, 0x90, 0x04, 0x49, 0x90, 0x04, 0x00, 0x00, 0xFF, 0xFF, 0x55, 0x55, 0x55, 0x55,
    0xFF, 0x00, 0x00, 0x02, 0x20, 0x00, 0x02, 0x20, 0x00, 0x00, 0xFF, 0xFF, 0x55, 0x55, 0x55, 0x55,
    0xFF, 0x52, 0x06, 0x74, 0x60, 0x01, 0x16, 0x80, 0x00, 0x00, 0xFF, 0xFF, 0x55, 0x55, 0x55, 0x55,
    0x00, 0x01, 0x00, 0x00, 0x00, 0x00, 0x00, 0x00, 0x00, 0x00, 0xFF, 0xFF, 0x55, 0x55, 0x55, 0x55,
    0x00, 0x01, 0x00, 0x00, 0x00, 0x00, 0x00, 0x00, 0x00, 0x00, 0xFF, 0xFF, 0x55, 0x55, 0x55, 0x55,
    0x00, 0x01, 0x00, 0x00, 0x00, 0x00, 0x00, 0x00, 0x00, 0x00, 0xFF, 0xFF, 0x55, 0x55, 0x55, 0x55,
    0x00, 0x01, 0x00, 0x00, 0x00, 0x00, 0x00, 0x00, 0x00, 0x00, 0xFF, 0xFF, 0x55, 0x55, 0x55, 0x55,
    0x00, 0x01, 0x00, 0x00, 0x00, 0x00, 0x00, 0x00, 0x00, 0x00, 0xFF, 0xFF, 0x55, 0x55, 0x55, 0x55,
    0x00, 0x01, 0x00, 0x00, 0x00, 0x00, 0x00, 0x00, 0x00, 0x00, 0xFF, 0xFF, 0x55, 0x55, 0x55, 0x55,
    0x00, 0xF3, 0x00, 0x02, 0xE8, 0xC0, 0x0E, 0xF0, 0x00, 0x00, 0xFF, 0xFF, 0x55, 0x55, 0x55, 0x55,
    0x4D, 0xEA, 0xFF, 0xF1, 0xC7, 0x3F, 0xFD, 0xCB, 0x00, 0x00, 0xFF, 0xFF, 0x55, 0x55, 0x55, 0x55,
    0xFF, 0x76, 0x00, 0x24, 0x00, 0x05, 0x10, 0x00, 0x00, 0x00, 0xFF, 0xFF, 0x55, 0x55, 0x55, 0x55,
    0x05, 0x9E, 0xB0, 0x2D, 0xDB, 0xB4, 0x1D, 0xDB, 0x00, 0x00, 0xFF, 0xFF, 0x55, 0x55, 0x55, 0x55,
    0xFE, 0xFF, 0x49, 0x92, 0x24, 0x49, 0x92, 0x24, 0x00, 0x00, 0xFF, 0xFF, 0x55, 0x55, 0x55, 0x55,
    0x00, 0x01, 0x00, 0x00, 0x00, 0x00, 0x00, 0x00, 0x00, 0x00, 0xFF, 0xFF, 0x55, 0x55, 0x55, 0x55,
    0xFF, 0x00, 0x09, 0x90, 0x00, 0x09, 0x90, 0x00, 0x00, 0x00, 0xFF, 0xFF, 0x55, 0x55, 0x55, 0x55,
    0xFF, 0x00, 0x40, 0x02, 0x24, 0x40, 0x02, 0x24, 0x00, 0x00, 0xFF, 0xFF, 0x55, 0x55, 0x55, 0x55,
    0xAC, 0xF5, 0xB6, 0x6F, 0x3B, 0xB6, 0x6B, 0x5B, 0x00, 0x00, 0xFF, 0xFF, 0x55, 0x55, 0x55, 0x55,
    0x04, 0x6E, 0xFF, 0xFD, 0x1F, 0xFF, 0xF5, 0xBF, 0x00, 0x00, 0xFF, 0xFF, 0x55, 0x55, 0x55, 0x55,
    0x00, 0x01, 0x00, 0x00, 0x00, 0x00, 0x00, 0x00, 0x00, 0x00, 0xFF, 0xFF, 0x55, 0x55, 0x55, 0x55,
    0x05, 0x6F, 0xFE, 0x8F, 0xFF, 0xFA, 0xDF, 0xFF, 0x00, 0x00, 0xFF, 0xFF, 0x55, 0x55, 0x55, 0x55,
    0xAB, 0xF4, 0xB7, 0x1D, 0xDB, 0xB5, 0x2D, 0xDB, 0x00, 0x00, 0xFF, 0xFF, 0x55, 0x55, 0x55, 0x55,
    0x00, 0x01, 0x00, 0x00, 0x00, 0x00, 0x00, 0x00, 0x00, 0x00, 0xFF, 0xFF, 0x55, 0x55, 0x55, 0x55,
    0xFE, 0xFF, 0x49, 0x92, 0x24, 0x49, 0x92, 0x24, 0x00, 0x00, 0xFF, 0xFF, 0x55, 0x55, 0x55, 0x55,
    0x00, 0x01, 0x00, 0x00, 0x00, 0x00, 0x00, 0x00, 0x00, 0x00, 0xFF, 0xFF, 0x55, 0x55, 0x55, 0x55,
    0xFF, 0x00, 0x49, 0x90, 0x04, 0x49, 0x90, 0x04, 0x00, 0x00, 0xFF, 0xFF, 0x55, 0x55, 0x55, 0x55,
    0xFF, 0x00, 0x00, 0x02, 0x20, 0x00, 0x02, 0x20, 0x00, 0x00, 0xFF, 0xFF, 0x55, 0x55, 0x55, 0x55,
    0x00, 0x01, 0x00, 0x00, 0x00, 0x00, 0x00, 0x00, 0x00, 0x00, 0xFF, 0xFF, 0x55, 0x55, 0x55, 0x55,
    0xFF, 0x00, 0x49, 0x90, 0x04, 0x49, 0x90, 0x04, 0x00, 0x00, 0xFF, 0xFF, 0x55, 0x55, 0x55, 0x55,
    0xFF, 0x00, 0x00, 0x02, 0x20, 0x00, 0x02, 0x00, 0x00, 0x00, 0xFF, 0xFF, 0x55, 0x55, 0x55, 0x55,
    0xFF, 0x00, 0x49, 0x92, 0x24, 0x49, 0x02, 0x00, 0x00, 0x00, 0xFF, 0xFF, 0x55, 0x55, 0x55, 0x55,
    0xFF, 0x00, 0x49, 0x92, 0x24, 0x49, 0x02, 0x24, 0x00, 0x00, 0xFF, 0xFF, 0x55, 0x55, 0x55, 0x55,
    0xFF, 0x00, 0x09, 0x90, 0x00, 0x09, 0x90, 0x00, 0x00, 0x00, 0xFF, 0xFF, 0x55, 0x55, 0x55, 0x55,
    0xFF, 0x00, 0x40, 0x02, 0x24, 0x40, 0x02, 0x24, 0x00, 0x00, 0xFF, 0xFF, 0x55, 0x55, 0x55, 0x55,
    0xFF, 0x00, 0x09, 0x90, 0x00, 0x09, 0x90, 0x00, 0x00, 0x00, 0xFF, 0xFF, 0x55, 0x55, 0x55, 0x55,
    0xFF, 0x00, 0x48, 0x82, 0x24, 0x48, 0x82, 0x24, 0x00, 0x00, 0xFF, 0xFF, 0x55, 0x55, 0x55, 0x55,
    0x21, 0xDD, 0xFB, 0x8F, 0xFF, 0xCE, 0x6F, 0xFE, 0x00, 0x00, 0xFF, 0xFF, 0x55, 0x55, 0x55, 0x55,
    0x4F, 0xF5, 0xFA, 0xCF, 0xFF, 0xF9, 0xFF, 0xFF, 0x00, 0x00, 0xFF, 0xFF, 0x55, 0x55, 0x55, 0x55,
    0xA4, 0xF1, 0xD6, 0x6F, 0xFE, 0xCE, 0x6F, 0xDB, 0x00, 0x00, 0xFF, 0xFF, 0x55, 0x55, 0x55, 0x55,
    0x0F, 0x5B, 0xB5, 0x3D, 0xDB, 0xB0, 0x6D, 0xDB, 0x00, 0x00, 0xFF, 0xFF, 0x55, 0x55, 0x55, 0x55,
    0xE0, 0xF8, 0xC6, 0xEF, 0xFC, 0xFE, 0xEF, 0xFF, 0x00, 0x00, 0xFF, 0xFF, 0x55, 0x55, 0x55, 0x55,
    0x00, 0x05, 0x0F, 0xF6, 0xFF, 0xFF, 0xFF, 0xFF, 0x00, 0x00, 0xFF, 0xFF, 0x55, 0x55, 0x55, 0x55,
    0xFF, 0xEE, 0x00, 0x02, 0x40, 0x00, 0x00, 0x00, 0x00, 0x00, 0xFF, 0xFF, 0x55, 0x55, 0x55, 0x55,
    0xE0, 0xF8, 0x36, 0x6E, 0xE7, 0xF6, 0x6F, 0xFF, 0x00, 0x00, 0xFF, 0xFF, 0x55, 0x55, 0x55, 0x55,
    0x05, 0xFF, 0x09, 0x9C, 0x24, 0x49, 0x92, 0x24, 0x00, 0x00, 0xFF, 0xFF, 0x55, 0x55, 0x55, 0x55,
    0xFF, 0x02, 0x01, 0x00, 0x00, 0x00, 0x00, 0x00, 0x00, 0x00, 0xFF, 0xFF, 0x55, 0x55, 0x55, 0x55,
    0xEE, 0xFD, 0xB0, 0x1D, 0xDB, 0xB7, 0x7D, 0xDB, 0x00, 0x00, 0xFF, 0xFF, 0x55, 0x55, 0x55, 0x55,
    0xFF, 0x00, 0x09, 0x90, 0x00, 0x09, 0x90, 0x00, 0x00, 0x00, 0xFF, 0xFF, 0x55, 0x55, 0x55, 0x55,
    0xFF, 0x00, 0x40, 0x02, 0x24, 0x40, 0x02, 0x24, 0x00, 0x00, 0xFF, 0xFF, 0x55, 0x55, 0x55, 0x55,
    0xF1, 0xFE, 0x36, 0x6E, 0xE7, 0xF6, 0x6F, 0xFF, 0x00, 0x00, 0xFF, 0xFF, 0x55, 0x55, 0x55, 0x55,
    0x11, 0xFF, 0x09, 0x9C, 0xD8, 0x89, 0x9D, 0xD8, 0x00, 0x00, 0xFF, 0xFF, 0x55, 0x55, 0x55, 0x55,
    0x01, 0x13, 0xF9, 0x8F, 0xFF, 0xFE, 0xEF, 0xFF, 0x00, 0x00, 0xFF, 0xFF, 0x55, 0x55, 0x55, 0x55,
    0xF0, 0xFE, 0xF0, 0x1F, 0xFF, 0xF7, 0x7F, 0xFF, 0x00, 0x00, 0xFF, 0xFF, 0x55, 0x55, 0x55, 0x55,
    0x01, 0x19, 0x7F, 0xFC, 0xC3, 0xBF, 0xFD, 0xDB, 0x00, 0x00, 0xFF, 0xFF, 0x55, 0x55, 0x55, 0x55,
    0x06, 0xFF, 0x48, 0xE2, 0x24, 0x4E, 0xE2, 0x24, 0x00, 0x00, 0xFF, 0xFF, 0x55, 0x55, 0x55, 0x55,
    0x55, 0xE7, 0xB7, 0x73, 0x9B, 0xB7, 0x71, 0xDB, 0x00, 0x00, 0xFF, 0xFF, 0x55, 0x55, 0x55, 0x55,
    0xFF, 0x6C, 0x00, 0x02, 0x00, 0x00, 0x90, 0x41, 0x00, 0x00, 0xFF, 0xFF, 0x55, 0x55, 0x55, 0x55,
    0x08, 0xBC, 0xE0, 0xFF, 0xFF, 0xCF, 0x5F, 0xFC, 0x00, 0x00, 0xFF, 0xFF, 0x55, 0x55, 0x55, 0x55,
    0xFF, 0x00, 0x40, 0x00, 0x04, 0x40, 0x00, 0x04, 0x00, 0x00, 0xFF, 0xFF, 0x55, 0x55, 0x55, 0x55,
    0x90, 0x00, 0x48, 0x82, 0x24, 0x48, 0x82, 0x24, 0x00, 0x00, 0xFF, 0xFF, 0x55, 0x55, 0x55, 0x55,
    0xAC, 0xE4, 0x36, 0x62, 0x23, 0x36, 0x62, 0x23, 0x00, 0x00, 0xFF, 0xFF, 0x55, 0x55, 0x55, 0x55,
    0xFF, 0x00, 0x01, 0x10, 0x00, 0x01, 0x10, 0x00, 0x00, 0x00, 0xFF, 0xFF, 0x55, 0x55, 0x55, 0x55,
    0xFF, 0x00, 0x48, 0x82, 0x24, 0x48, 0x82, 0x24, 0x00, 0x00, 0xFF, 0xFF, 0x55, 0x55, 0x55, 0x55,
    0xFE, 0xFF, 0x49, 0x92, 0x24, 0x49, 0x92, 0x24, 0x00, 0x00, 0xFF, 0xFF, 0x55, 0x55, 0x55, 0x55,
    0xFF, 0x00, 0x49, 0x90, 0x04, 0x49, 0x90, 0x04, 0x00, 0x00, 0xFF, 0xFF, 0x55, 0x55, 0x55, 0x55,
    0xFF, 0x00, 0x00, 0x02, 0x20, 0x00, 0x02, 0x20, 0x00, 0x00, 0xFF, 0xFF, 0x55, 0x55, 0x55, 0x55,
    0x14, 0xA8, 0xFA, 0x83, 0xBF, 0xF8, 0x6B, 0xDB, 0x00, 0x00, 0xFF, 0xFF, 0x55, 0x55, 0x55, 0x55,
    0x00, 0x01, 0x00, 0x00, 0x00, 0x00, 0x00, 0x00, 0x00, 0x00, 0xFF, 0xFF, 0x55, 0x55, 0x55, 0x55,
    0x00, 0x01, 0x00, 0x00, 0x00, 0x00, 0x00, 0x00, 0x00, 0x00, 0xFF, 0xFF, 0x55, 0x55, 0x55, 0x55,
    0x00, 0x01, 0x00, 0x00, 0x00, 0x00, 0x00, 0x00, 0x00, 0x00, 0xFF, 0xFF, 0x55, 0x55, 0x55, 0x55,
    0x00, 0x01, 0x00, 0x00, 0x00, 0x00, 0x00, 0x00, 0x00, 0x00, 0xFF, 0xFF, 0x55, 0x55, 0x55, 0x55,
    0x00, 0x01, 0x00, 0x00, 0x00, 0x00, 0x00, 0x00, 0x00, 0x00, 0xFF, 0xFF, 0x55, 0x55, 0x55, 0x55,
    0x00, 0x01, 0x00, 0x00, 0x00, 0x00, 0x00, 0x00, 0x00, 0x00, 0xFF, 0xFF, 0x55, 0x55, 0x55, 0x55,
    0x1E, 0xFF, 0x76, 0x63, 0x24, 0x56, 0xE2, 0x25, 0x00, 0x00, 0xFF, 0xFF, 0x55, 0x55, 0x55, 0x55,
    0x08, 0xF9, 0xBF, 0xFC, 0xC0, 0xFF, 0xFF, 0xFF, 0x00, 0x00, 0xFF, 0xFF, 0x55, 0x55, 0x55, 0x55,
    0x0A, 0xF9, 0xFA, 0x8F, 0xFC, 0xFF, 0xFF, 0xFF, 0x00, 0x00, 0xFF, 0xFF, 0x55, 0x55, 0x55, 0x55,
    0x1C, 0xFF, 0xB5, 0x1D, 0xD8, 0x91, 0x9D, 0xD9, 0x00, 0x00, 0xFF, 0xFF, 0x55, 0x55, 0x55, 0x55,
    0xAC, 0xF5, 0xFF, 0x9F, 0xFF, 0xFD, 0xAF, 0xFF, 0x00, 0x00, 0xFF, 0xFF, 0x55, 0x55, 0x55, 0x55,
    0x04, 0x6E, 0xB6, 0x0D, 0xDB, 0xB2, 0x5D, 0xDB, 0x00, 0x00, 0xFF, 0xFF, 0x55, 0x55, 0x55, 0x55,
    0x05, 0x6F, 0xF6, 0x6F, 0xFC, 0xD6, 0xEF, 0xFE, 0x00, 0x00, 0xFF, 0xFF, 0x55, 0x55, 0x55, 0x55,
    0xAB, 0xF4, 0xBF, 0xFD, 0xD8, 0xAF, 0x7D, 0xD9, 0x00, 0x00, 0xFF, 0xFF, 0x55, 0x55, 0x55, 0x55,
    0x16, 0x77, 0xB6, 0x63, 0x1B, 0xB6, 0x6D, 0xDB, 0x00, 0x00, 0xFF, 0xFF, 0x55, 0x55, 0x55, 0x55,
    0x1F, 0xEC, 0xFF, 0x93, 0xFF, 0xCA, 0x6F, 0xAC, 0x00, 0x00, 0xFF, 0xFF, 0x55, 0x55, 0x55, 0x55,
    0x10, 0xF2, 0x02, 0xF4, 0xFF, 0xFF, 0x9F, 0x24, 0x00, 0x00, 0xFF, 0xFF, 0x55, 0x55, 0x55, 0x55,
    0x1E, 0xEC, 0xF9, 0xFF, 0x3F, 0x7F, 0xD4, 0xC1, 0x00, 0x00, 0xFF, 0xFF, 0x55, 0x55, 0x55, 0x55,
    0x16, 0x76, 0xB1, 0x0D, 0xDB, 0xB6, 0x6D, 0xDB, 0x00, 0x00, 0xFF, 0xFF, 0x55, 0x55, 0x55, 0x55,
    0x00, 0x01, 0x00, 0x00, 0x00, 0x00, 0x00, 0x00, 0x00, 0x00, 0xFF, 0xFF, 0x55, 0x55, 0x55, 0x55,
    0xFE, 0xFF, 0x49, 0x92, 0x24, 0x49, 0x92, 0x24, 0x00, 0x00, 0xFF, 0xFF, 0x55, 0x55, 0x55, 0x55,
    0x00, 0x01, 0x00, 0x00, 0x00, 0x00, 0x00, 0x00, 0x00, 0x00, 0xFF, 0xFF, 0x55, 0x55, 0x55, 0x55,
    0xFF, 0x00, 0x49, 0x90, 0x04, 0x49, 0x90, 0x24, 0x00, 0x00, 0xFF, 0xFF, 0x55, 0x55, 0x55, 0x55,
    0xFF, 0x00, 0x00, 0x00, 0x00, 0x00, 0x90, 0x24, 0x00, 0x00, 0xFF, 0xFF, 0x55, 0x55, 0x55, 0x55,
    0xFF, 0x00, 0x00, 0x00, 0x00, 0x00, 0x90, 0x24, 0x00, 0x00, 0xFF, 0xFF, 0x55, 0x55, 0x55, 0x55,
    0xFF, 0x00, 0x40, 0x00, 0x04, 0x40, 0x92, 0x24, 0x00, 0x00, 0xFF, 0xFF, 0x55, 0x55, 0x55, 0x55,
    0xFF, 0x00, 0x00, 0x00, 0x00, 0x49, 0x92, 0x24, 0x00, 0x00, 0xFF, 0xFF, 0x55, 0x55, 0x55, 0x55,
    0xFF, 0x00, 0x00, 0x00, 0x00, 0x49, 0x92, 0x24, 0x00, 0x00, 0xFF, 0xFF, 0x55, 0x55, 0x55, 0x55,
    0xD1, 0xEE, 0xBF, 0xFD, 0xDB, 0xB6, 0x6D, 0x3C, 0x00, 0x00, 0xFF, 0xFF, 0x55, 0x55, 0x55, 0x55,
    0x04, 0xF1, 0xF6, 0x6F, 0xFF, 0xB6, 0x0D, 0x3B, 0x00, 0x00, 0xFF, 0xFF, 0x55, 0x55, 0x55, 0x55,
    0x0F, 0xFF, 0x89, 0x9D, 0xD8, 0xB6, 0x9D, 0xC0, 0x00, 0x00, 0xFF, 0xFF, 0x55, 0x55, 0x55, 0x55,
    0xFF, 0x00, 0x09, 0x90, 0x00, 0x49, 0x92, 0x00, 0x00, 0x00, 0xFF, 0xFF, 0x55, 0x55, 0x55, 0x55,
    0xFF, 0x00, 0x48, 0x82, 0x24, 0x49, 0x02, 0x20, 0x00, 0x00, 0xFF, 0xFF, 0x55, 0x55, 0x55, 0x55,
    0x18, 0xFD, 0xD6, 0x6F, 0xE4, 0xB6, 0xFD, 0xFF, 0x00, 0x00, 0xFF, 0xFF, 0x55, 0x55, 0x55, 0x55,
    0xFF, 0x00, 0x00, 0x00, 0x00, 0x49, 0x82, 0x00, 0x00, 0x00, 0xFF, 0xFF, 0x55, 0x55, 0x55, 0x55,
    0xFF, 0x00, 0x49, 0x92, 0x24, 0x49, 0x02, 0x24, 0x00, 0x00, 0xFF, 0xFF, 0x55, 0x55, 0x55, 0x55,
    0x00, 0x01, 0x00, 0x00, 0x00, 0x00, 0x00, 0x00, 0x00, 0x00, 0xFF, 0xFF, 0x55, 0x55, 0x55, 0x55,
    0xBB, 0xFD, 0xFE, 0xEF, 0xFC, 0xEE, 0x6F, 0xFD, 0x00, 0x00, 0xFF, 0xFF, 0x55, 0x55, 0x55, 0x55,
    0x07, 0x74, 0xB7, 0x7D, 0xD8, 0x97, 0xF1, 0x20, 0x00, 0x00, 0xFF, 0xFF, 0x55, 0x55, 0x55, 0x55,
    0xB3, 0xFD, 0xB6, 0xFD, 0x3F, 0xFF, 0xFB, 0x5F, 0x00, 0x00, 0xFF, 0xFF, 0x55, 0x55, 0x55, 0x55,
    0xBB, 0xFD, 0xF6, 0x6F, 0xE7, 0x76, 0x6F, 0xEB, 0x00, 0x00, 0xFF, 0xFF, 0x55, 0x55, 0x55, 0x55,
    0x06, 0x7A, 0xBF, 0xFD, 0xC3, 0xBF, 0xFC, 0x07, 0x00, 0x00, 0xFF, 0xFF, 0x55, 0x55, 0x55, 0x55,
    0x0A, 0x6F, 0xB6, 0xED, 0xFF, 0xF8, 0x9F, 0xFF, 0x00, 0x00, 0xFF, 0xFF, 0x55, 0x55, 0x55, 0x55,
    0xB3, 0xFD, 0xB6, 0x1D, 0xDB, 0xB5, 0x2D, 0xDB, 0x00, 0x00, 0xFF, 0xFF, 0x55, 0x55, 0x55, 0x55,
    0xFF, 0x00, 0x09, 0x90, 0x00, 0x09, 0x90, 0x00, 0x00, 0x00, 0xFF, 0xFF, 0x55, 0x55, 0x55, 0x55,
    0xFF, 0x00, 0x40, 0x02, 0x24, 0x40, 0x02, 0x24, 0x00, 0x00, 0xFF, 0xFF, 0x55, 0x55, 0x55, 0x55,
    0xBE, 0xFE, 0xF6, 0x6F, 0xE7, 0x76, 0x6F, 0xEB, 0x00, 0x00, 0xFF, 0xFF, 0x55, 0x55, 0x55, 0x55,
    0x02, 0x6D, 0xBF, 0xFD, 0xC3, 0xBF, 0xFC, 0x07, 0x00, 0x00, 0xFF, 0xFF, 0x55, 0x55, 0x55, 0x55,
    0x02, 0x71, 0xFE, 0x8F, 0xFF, 0xFA, 0x9F, 0xFF, 0x00, 0x00, 0xFF, 0xFF, 0x55, 0x55, 0x55, 0x55,
    0xBC, 0xFE, 0xF7, 0x1F, 0xFF, 0xF5, 0x2F, 0xFF, 0x00, 0x00, 0xFF, 0xFF, 0x55, 0x55, 0x55, 0x55,
    0xFF, 0x00, 0x40, 0x02, 0x24, 0x40, 0x02, 0x24, 0x00, 0x00, 0xFF, 0xFF, 0x55, 0x55, 0x55, 0x55,
    0xFF, 0x00, 0x01, 0x10, 0x00, 0x01, 0x10, 0x00, 0x00, 0x00, 0xFF, 0xFF, 0x55, 0x55, 0x55, 0x55,
    0x9B, 0xFF, 0xB1, 0x1D, 0x3B, 0xB1, 0x1B, 0x5B, 0x00, 0x00, 0xFF, 0xFF, 0x55, 0x55, 0x55, 0x55,
    0x0C, 0x74, 0xB6, 0xFD, 0xDF, 0xFF, 0xF1, 0x3F, 0x00, 0x00, 0xFF, 0xFF, 0x55, 0x55, 0x55, 0x55,
    0x03, 0x82, 0xF6, 0x6F, 0xFC, 0xD6, 0x8F, 0xFC, 0x00, 0x00, 0xFF, 0xFF, 0x55, 0x55, 0x55, 0x55,
    0x69, 0xF7, 0xBF, 0xFF, 0xF8, 0xAF, 0x7F, 0xF9, 0x00, 0x00, 0xFF, 0xFF, 0x55, 0x55, 0x55, 0x55,
    0x8E, 0xD6, 0xB0, 0x0D, 0xDB, 0xB0, 0x9D, 0x6D, 0x00, 0x00, 0xFF, 0xFF, 0x55, 0x55, 0x55, 0x55,
    0xAA, 0xE4, 0x36, 0x62, 0x23, 0x36, 0x02, 0x24, 0x00, 0x00, 0xFF, 0xFF, 0x55, 0x55, 0x55, 0x55,
    0x1E, 0xC0, 0xB6, 0x6D, 0xDB, 0xB6, 0x61, 0x3B, 0x00, 0x00, 0xFF, 0xFF, 0x55, 0x55, 0x55, 0x55,
    0xF9, 0x00, 0x49, 0x92, 0x24, 0x72, 0x02, 0x38, 0x00, 0x00, 0xFF, 0xFF, 0x55, 0x55, 0x55, 0x55,
    0x00, 0x01, 0x00, 0x00, 0x00, 0x00, 0x00, 0x00, 0x00, 0x00, 0xFF, 0xFF, 0x55, 0x55, 0x55, 0x55,
    0xFC, 0x00, 0x49, 0x92, 0x24, 0xB1, 0x6E, 0x60, 0x00, 0x00, 0xFF, 0xFF, 0x55, 0x55, 0x55, 0x55,
    0x15, 0xBC, 0xB6, 0x6D, 0xDB, 0x36, 0x6A, 0xEF, 0x00, 0x00, 0xFF, 0xFF, 0x55, 0x55, 0x55, 0x55,
    0x09, 0xE2, 0xB6, 0x0D, 0x1B, 0x01, 0xF2, 0xED, 0x00, 0x00, 0xFF, 0xFF, 0x55, 0x55, 0x55, 0x55,
    0x1B, 0xFD, 0xB6, 0x6D, 0xDB, 0x84, 0x1D, 0xD9, 0x00, 0x00, 0xFF, 0xFF, 0x55, 0x55, 0x55, 0x55,
    0x00, 0x01, 0x00, 0x00, 0x00, 0x00, 0x00, 0x00, 0x00, 0x00, 0xFF, 0xFF, 0x55, 0x55, 0x55, 0x55,
    0x00, 0x01, 0x00, 0x00, 0x00, 0x00, 0x00, 0x00, 0x00, 0x00, 0xFF, 0xFF, 0x55, 0x55, 0x55, 0x55,
    0x00, 0x01, 0x00, 0x00, 0x00, 0x00, 0x00, 0x00, 0x00, 0x00, 0xFF, 0xFF, 0x55, 0x55, 0x55, 0x55,
    0x00, 0x01, 0x00, 0x00, 0x00, 0x00, 0x00, 0x00, 0x00, 0x00, 0xFF, 0xFF, 0x55, 0x55, 0x55, 0x55,
    0x00, 0x01, 0x00, 0x00, 0x00, 0x00, 0x00, 0x00, 0x00, 0x00, 0xFF, 0xFF, 0x55, 0x55, 0x55, 0x55,
    0x07, 0xF4, 0xEE, 0x8F, 0xFC, 0xFA, 0xBF, 0xFF, 0x00, 0x00, 0xFF, 0xFF, 0x55, 0x55, 0x55, 0x55,
    0x18, 0xFF, 0x49, 0x12, 0xD8, 0xB5, 0x4D, 0xDB, 0x00, 0x00, 0xFF, 0xFF, 0x55, 0x55, 0x55, 0x55,
    0x19, 0xFF, 0x49, 0x62, 0x24, 0x76, 0x63, 0x33, 0x00, 0x00, 0xFF, 0xFF, 0x55, 0x55, 0x55, 0x55,
    0x07, 0xF4, 0xAF, 0xFD, 0xC0, 0xBF, 0xFC, 0xCF, 0x00, 0x00, 0xFF, 0xFF, 0x55, 0x55, 0x55, 0x55,
    0x1C, 0xF3, 0xFB, 0x8F, 0xFC, 0x56, 0x6E, 0x63, 0x00, 0x00, 0xFF, 0xFF, 0x55, 0x55, 0x55, 0x55,
    0xFF, 0x08, 0x72, 0x02, 0x00, 0x00, 0x30, 0x01, 0x00, 0x00, 0xFF, 0xFF, 0x55, 0x55, 0x55, 0x55,
    0x1F, 0xEB, 0xCA, 0xFF, 0xFF, 0xFF, 0x93, 0x0E, 0x00, 0x00, 0xFF, 0xFF, 0x55, 0x55, 0x55, 0x55,
    0x1A, 0xF1, 0x9F, 0x1D, 0xD8, 0xB2, 0x6D, 0xDB, 0x00, 0x00, 0xFF, 0xFF, 0x55, 0x55, 0x55, 0x55,
    0x37, 0xF5, 0xB6, 0x6D, 0x34, 0xEE, 0xEF, 0xFC, 0x00, 0x00, 0xFF, 0xFF, 0x55, 0x55, 0x55, 0x55,
    0x0F, 0xCD, 0xB6, 0x9D, 0x0E, 0xFF, 0xFF, 0xFF, 0x00, 0x00, 0xFF, 0xFF, 0x55, 0x55, 0x55, 0x55,
    0x76, 0xF6, 0xB6, 0xAD, 0xC7, 0x7F, 0xFC, 0xD3, 0x00, 0x00, 0xFF, 0xFF, 0x55, 0x55, 0x55, 0x55,
    0x00, 0x01, 0x00, 0x00, 0x00, 0x00, 0x00, 0x00, 0x00, 0x00, 0xFF, 0xFF, 0x55, 0x55, 0x55, 0x55,
    0xFD, 0x00, 0x49, 0x92, 0x84, 0x89, 0x91, 0x08, 0x00, 0x00, 0xFF, 0xFF, 0x55, 0x55, 0x55, 0x55,
    0x2C, 0xFB, 0xB6, 0xFD, 0xFF, 0x6F, 0x1F, 0x20, 0x00, 0x00, 0xFF, 0xFF, 0x55, 0x55, 0x55, 0x55,
    0xFD, 0x00, 0x49, 0xC2, 0x24, 0x70, 0x02, 0x25, 0x00, 0x00, 0xFF, 0xFF, 0x55, 0x55, 0x55, 0x55,
    0xFF, 0x00, 0x49, 0x92, 0x00, 0x09, 0x90, 0x00, 0x00, 0x00, 0xFF, 0xFF, 0x55, 0x55, 0x55, 0x55,
    0xFF, 0x00, 0x49, 0x02, 0x24, 0x40, 0x02, 0x24, 0x00, 0x00, 0xFF, 0xFF, 0x55, 0x55, 0x55, 0x55,
    0x07, 0xFD, 0xB6, 0x6D, 0x83, 0x46, 0x63, 0x26, 0x00, 0x00, 0xFF, 0xFF, 0x55, 0x55, 0x55, 0x55,
    0x27, 0xFE, 0x18, 0x9B, 0x24, 0xC9, 0x50, 0xD8, 0x00, 0x00, 0xFF, 0xFF, 0x55, 0x55, 0x55, 0x55,
    0x0A, 0xEF, 0x49, 0xF2, 0xFF, 0x00, 0x64, 0xDB, 0x00, 0x00, 0xFF, 0xFF, 0x55, 0x55, 0x55, 0x55,
    0xFE, 0x00, 0xA3, 0x03, 0x40, 0x15, 0x90, 0x10, 0x00, 0x00, 0xFF, 0xFF, 0x55, 0x55, 0x55, 0x55,
    0x08, 0xED, 0xB6, 0x2D, 0xDB, 0x91, 0xFD, 0xC0, 0x00, 0x00, 0xFF, 0xFF, 0x55, 0x55, 0x55, 0x55,
    0x09, 0xF8, 0xDE, 0x6F, 0xFD, 0x46, 0x6E, 0xF7, 0x00, 0x00, 0xFF, 0xFF, 0x55, 0x55, 0x55, 0x55,
    0xFA, 0x02, 0x4E, 0xC4, 0x64, 0x4A, 0x88, 0xA4, 0x00, 0x00, 0xFF, 0xFF, 0x55, 0x55, 0x55, 0x55,
    0x2C, 0x8A, 0x3F, 0xFC, 0xCF, 0x3F, 0xFD, 0xC7, 0x00, 0x00, 0xFF, 0xFF, 0x55, 0x55, 0x55, 0x55,
    0xFF, 0x00, 0x09, 0x90, 0x24, 0x49, 0x92, 0x24, 0x00, 0x00, 0xFF, 0xFF, 0x55, 0x55, 0x55, 0x55,
    0xFF, 0x00, 0x00, 0x02, 0x20, 0x00, 0x02, 0x20, 0x00, 0x00, 0xFF, 0xFF, 0x55, 0x55, 0x55, 0x55,
    0xFF, 0x00, 0x00, 0x00, 0x20, 0x00, 0x02, 0x20, 0x00, 0x00, 0xFF, 0xFF, 0x55, 0x55, 0x55, 0x55,
    0xFF, 0x00, 0x08, 0x90, 0x00, 0x09, 0x90, 0x00, 0x00, 0x00, 0xFF, 0xFF, 0x55, 0x55, 0x55, 0x55,
    0xFF, 0x00, 0x40, 0x02, 0x24, 0x40, 0x02, 0x24, 0x00, 0x00, 0xFF, 0xFF, 0x55, 0x55, 0x55, 0x55,
    0x00, 0x01, 0x00, 0x00, 0x00, 0x00, 0x00, 0x00, 0x00, 0x00, 0xFF, 0xFF, 0x55, 0x55, 0x55, 0x55,
    0x0D, 0xD2, 0xE6, 0x6F, 0xE4, 0x36, 0x68, 0xDB, 0x00, 0x00, 0xFF, 0xFF, 0x55, 0x55, 0x55, 0x55,
    0xC9, 0xFC, 0xFF, 0xFF, 0xFF, 0x6A, 0x68, 0xDB, 0x00, 0x00, 0xFF, 0xFF, 0x55, 0x55, 0x55, 0x55,
    0x05, 0xAB, 0xFF, 0xF9, 0x07, 0x99, 0x6D, 0xDB, 0x00, 0x00, 0xFF, 0xFF, 0x55, 0x55, 0x55, 0x55,
    0x0C, 0xD1, 0x36, 0x6F, 0x23, 0xB6, 0x61, 0xDB, 0x00, 0x00, 0xFF, 0xFF, 0x55, 0x55, 0x55, 0x55,
    0x89, 0xF9, 0xFF, 0xFF, 0xFF, 0x60, 0x62, 0xDB, 0x00, 0x00, 0xFF, 0xFF, 0x55, 0x55, 0x55, 0x55,
    0x54, 0xE7, 0xFF, 0xFF, 0x9F, 0x21, 0x6C, 0xDB, 0x00, 0x00, 0xFF, 0xFF, 0x55, 0x55, 0x55, 0x55,
    0x01, 0x60, 0xB1, 0x0D, 0xDB, 0xB6, 0x6D, 0xDB, 0x00, 0x00, 0xFF, 0xFF, 0x55, 0x55, 0x55, 0x55,
    0xFF, 0x00, 0x09, 0x90, 0x00, 0x09, 0x90, 0x24, 0x00, 0x00, 0xFF, 0xFF, 0x55, 0x55, 0x55, 0x55,
    0xFF, 0x00, 0x40, 0x02, 0x24, 0x40, 0x92, 0x24, 0x00, 0x00, 0xFF, 0xFF, 0x55, 0x55, 0x55, 0x55,
    0x0A, 0xCD, 0x36, 0x6F, 0x23, 0xB6, 0x61, 0xDB, 0x00, 0x00, 0xFF, 0xFF, 0x55, 0x55, 0x55, 0x55,
    0x7C, 0xF8, 0xFF, 0xFF, 0xFF, 0x60, 0x62, 0xDB, 0x00, 0x00, 0xFF, 0xFF, 0x55, 0x55, 0x55, 0x55,
    0x11, 0xF8, 0xFF, 0xFF, 0xBF, 0xE9, 0x60, 0xDB, 0x00, 0x00, 0xFF, 0xFF, 0x55, 0x55, 0x55, 0x55,
    0x0A, 0x78, 0xF1, 0x0F, 0xFF, 0xF6, 0x6F, 0xDB, 0x00, 0x00, 0xFF, 0xFF, 0x55, 0x55, 0x55, 0x55,
    0xFF, 0x00, 0x40, 0x02, 0x24, 0x40, 0x92, 0x24, 0x00, 0x00, 0xFF, 0xFF, 0x55, 0x55, 0x55, 0x55,
    0xFF, 0x00, 0x01, 0x10, 0x00, 0x01, 0x90, 0x24, 0x00, 0x00, 0xFF, 0xFF, 0x55, 0x55, 0x55, 0x55,
    0x2D, 0xFF, 0xB1, 0x11, 0xDB, 0xB1, 0x6D, 0xDB, 0x00, 0x00, 0xFF, 0xFF, 0x55, 0x55, 0x55, 0x55,
    0xFA, 0x00, 0x00, 0x70, 0x0A, 0x49, 0x92, 0x24, 0x00, 0x00, 0xFF, 0xFF, 0x55, 0x55, 0x55, 0x55,
    0x73, 0xF6, 0xFF, 0x9F, 0x10, 0xB6, 0x6D, 0xDB, 0x00, 0x00, 0xFF, 0xFF, 0x55, 0x55, 0x55, 0x55,
    0x0C, 0xF0, 0x85, 0x03, 0xDB, 0xB6, 0x6F, 0xFB, 0x00, 0x00, 0xFF, 0xFF, 0x55, 0x55, 0x55, 0x55,
    0x07, 0xE8, 0x49, 0x62, 0xDB, 0xFF, 0xF1, 0xBF, 0x00, 0x00, 0xFF, 0xFF, 0x55, 0x55, 0x55, 0x55,
    0x80, 0xFD, 0x6D, 0x69, 0xDB, 0x68, 0xFA, 0xFF, 0x00, 0x00, 0xFF, 0xFF, 0x55, 0x55, 0x55, 0x55,
    0x04, 0xA1, 0xB6, 0x65, 0xDB, 0x85, 0xFD, 0xDA, 0x00, 0x00, 0xFF, 0xFF, 0x55, 0x55, 0x55, 0x55,
    0x21, 0xE8, 0x79, 0x84, 0x3C, 0x46, 0x6E, 0x23, 0x00, 0x00, 0xFF, 0xFF, 0x55, 0x55, 0x55, 0x55,
    0x3E, 0xEF, 0xB6, 0x01, 0x23, 0x51, 0xFE, 0x3F, 0x00, 0x00, 0xFF, 0xFF, 0x55, 0x55, 0x55, 0x55,
    0x24, 0xE8, 0x79, 0xF0, 0xC0, 0x81, 0x0D, 0xDB, 0x00, 0x00, 0xFF, 0xFF, 0x55, 0x55, 0x55, 0x55,
    0x4B, 0xFE, 0xB6, 0x67, 0x01, 0x4E, 0xE2, 0xA4, 0x00, 0x00, 0xFF, 0xFF, 0x55, 0x55, 0x55, 0x55,
    0xBA, 0xEB, 0x97, 0xDE, 0xBF, 0xFF, 0x9F, 0x3F, 0x00, 0x00, 0xFF, 0xFF, 0x55, 0x55, 0x55, 0x55,
    0xFF, 0x02, 0x4C, 0x72, 0x37, 0x00, 0x22, 0x20, 0x00, 0x00, 0xFF, 0xFF, 0x55, 0x55, 0x55, 0x55,
    0x00, 0x01, 0x00, 0x00, 0x00, 0x00, 0x00, 0x00, 0x00, 0x00, 0xFF, 0xFF, 0x55, 0x55, 0x55, 0x55,
    0x00, 0x01, 0x00, 0x00, 0x00, 0x00, 0x00, 0x00, 0x00, 0x00, 0xFF, 0xFF, 0x55, 0x55, 0x55, 0x55,
    0x00, 0x01, 0x00, 0x00, 0x00, 0x00, 0x00, 0x00, 0x00, 0x00, 0xFF, 0xFF, 0x55, 0x55, 0x55, 0x55,
    0x00, 0x01, 0x00, 0x00, 0x00, 0x00, 0x00, 0x00, 0x00, 0x00, 0xFF, 0xFF, 0x55, 0x55, 0x55, 0x55,
    0x00, 0x01, 0x00, 0x00, 0x00, 0x00, 0x00, 0x00, 0x00, 0x00, 0xFF, 0xFF, 0x55, 0x55, 0x55, 0x55,
    0xA9, 0xE3, 0xF8, 0x9F, 0xFF, 0xB6, 0x6D, 0xDB, 0x00, 0x00, 0xFF, 0xFF, 0x55, 0x55, 0x55, 0x55,
    0x2D, 0x67, 0xB1, 0x0D, 0xDB, 0xB6, 0x6D, 0xDB, 0x00, 0x00, 0xFF, 0xFF, 0x55, 0x55, 0x55, 0x55,
    0x2F, 0xB7, 0xF6, 0x6E, 0xE3, 0xB6, 0x9D, 0xFF, 0x00, 0x00, 0xFF, 0xFF, 0x55, 0x55, 0x55, 0x55,
    0x83, 0xE2, 0xFF, 0xFC, 0xC7, 0xB6, 0x0D, 0xDB, 0x00, 0x00, 0xFF, 0xFF, 0x55, 0x55, 0x55, 0x55,
    0x11, 0xE1, 0xB6, 0x6D, 0xDB, 0xB6, 0x65, 0x23, 0x00, 0x00, 0xFF, 0xFF, 0x55, 0x55, 0x55, 0x55,
    0x2D, 0xFF, 0xB6, 0xBD, 0x24, 0x49, 0x9B, 0x00, 0x00, 0x00, 0xFF, 0xFF, 0x55, 0x55, 0x55, 0x55,
    0xFC, 0x01, 0x49, 0x02, 0x26, 0x80, 0x03, 0x28, 0x00, 0x00, 0xFF, 0xFF, 0x55, 0x55, 0x55, 0x55,
    0x00, 0x01, 0x00, 0x00, 0x00, 0x00, 0x00, 0x00, 0x00, 0x00, 0xFF, 0xFF, 0x55, 0x55, 0x55, 0x55,
    0x14, 0xF4, 0xCE, 0x69, 0xDB, 0xB6, 0x6D, 0xAC, 0x00, 0x00, 0xFF, 0xFF, 0x55, 0x55, 0x55, 0x55,
    0x1B, 0xF3, 0x10, 0x6B, 0xDB, 0xB6, 0x9D, 0x24, 0x00, 0x00, 0xFF, 0xFF, 0x55, 0x55, 0x55, 0x55,
    0x17, 0xED, 0x89, 0x6C, 0xDB, 0xB6, 0xDD, 0xC1, 0x00, 0x00, 0xFF, 0xFF, 0x55, 0x55, 0x55, 0x55,
    0x00, 0x01, 0x00, 0x00, 0x00, 0x00, 0x00, 0x00, 0x00, 0x00, 0xFF, 0xFF, 0x55, 0x55, 0x55, 0x55,
    0x1D, 0xFF, 0x66, 0x62, 0xDB, 0xB6, 0x6D, 0x23, 0x00, 0x00, 0xFF, 0xFF, 0x55, 0x55, 0x55, 0x55,
    0x5E, 0x62, 0xB1, 0x61, 0xDB, 0xB6, 0xFD, 0xFF, 0x00, 0x00, 0xFF, 0xFF, 0x55, 0x55, 0x55, 0x55,
    0x1D, 0xFF, 0x09, 0x6D, 0xDB, 0xB6, 0x0D, 0xDB, 0x00, 0x00, 0xFF, 0xFF, 0x55, 0x55, 0x55, 0x55,
    0xFF, 0x00, 0x09, 0x90, 0x00, 0x09, 0x90, 0x00, 0x00, 0x00, 0xFF, 0xFF, 0x55, 0x55, 0x55, 0x55,
    0xFF, 0x00, 0x40, 0x02, 0x24, 0x40, 0x02, 0x24, 0x00, 0x00, 0xFF, 0xFF, 0x55, 0x55, 0x55, 0x55,
    0x08, 0xFB, 0xC8, 0xB3, 0x9F, 0xFC, 0xD7, 0x5F, 0x00, 0x00, 0xFF, 0xFF, 0x55, 0x55, 0x55, 0x55,
    0x02, 0xED, 0xB2, 0x6D, 0xDB, 0xB6, 0x6D, 0x30, 0x00, 0x00, 0xFF, 0xFF, 0x55, 0x55, 0x55, 0x55,
    0xAC, 0xEA, 0xB6, 0x6D, 0xDB, 0xB6, 0x1D, 0xE0, 0x00, 0x00, 0xFF, 0xFF, 0x55, 0x55, 0x55, 0x55,
    0x08, 0xFF, 0x36, 0x6A, 0x7B, 0xB6, 0x95, 0x18, 0x00, 0x00, 0xFF, 0xFF, 0x55, 0x55, 0x55, 0x55,
    0x5E, 0xEF, 0x3F, 0xFC, 0xCF, 0x7F, 0xFD, 0xC7, 0x00, 0x00, 0xFF, 0xFF, 0x55, 0x55, 0x55, 0x55,
    0x00, 0x96, 0x40, 0x0E, 0xF4, 0x00, 0x0F, 0xEC, 0x00, 0x00, 0xFF, 0xFF, 0x55, 0x55, 0x55, 0x55,
    0x00, 0xB3, 0x1F, 0x76, 0x62, 0x2F, 0xF4, 0x00, 0x00, 0x00, 0xFF, 0xFF, 0x55, 0x55, 0x55, 0x55,
    0x0C, 0xF7, 0x3F, 0xFD, 0xD7, 0x7F, 0x9C, 0x07, 0x00, 0x00, 0xFF, 0xFF, 0x55, 0x55, 0x55, 0x55,
    0x00, 0x01, 0x00, 0x00, 0x00, 0x00, 0x00, 0x00, 0x00, 0x00, 0xFF, 0xFF, 0x55, 0x55, 0x55, 0x55,
    0xFF, 0x00, 0x00, 0x02, 0x20, 0x00, 0x02, 0x20, 0x00, 0x00, 0xFF, 0xFF, 0x55, 0x55, 0x55, 0x55,
    0xFF, 0x00, 0x00, 0x02, 0x20, 0x00, 0x02, 0x20, 0x00, 0x00, 0xFF, 0xFF, 0x55, 0x55, 0x55, 0x55,
    0xFF, 0x00, 0x09, 0x90, 0x00, 0x09, 0x90, 0x00, 0x00, 0x00, 0xFF, 0xFF, 0x55, 0x55, 0x55, 0x55,
    0xFF, 0x00, 0x40, 0x02, 0x24, 0x40, 0x02, 0x24, 0x00, 0x00, 0xFF, 0xFF, 0x55, 0x55, 0x55, 0x55,
    0x00, 0x01, 0x00, 0x00, 0x00, 0x00, 0x00, 0x00, 0x00, 0x00, 0xFF, 0xFF, 0x55, 0x55, 0x55, 0x55,
    0x00, 0x01, 0x00, 0x00, 0x00, 0x00, 0x00, 0x00, 0x00, 0x00, 0xFF, 0xFF, 0x55, 0x55, 0x55, 0x55,
    0x00, 0x95, 0x00, 0x00, 0x00, 0x00, 0x04, 0xA0, 0x00, 0x00, 0xFF, 0xFF, 0x55, 0x55, 0x55, 0x55,
    0x10, 0xF6, 0xFB, 0xDF, 0x3F, 0xF9, 0xF9, 0x07, 0x00, 0x00, 0xFF, 0xFF, 0x55, 0x55, 0x55, 0x55,
    0x2B, 0xB8, 0xB1, 0x0D, 0xDB, 0xB6, 0x6D, 0xDB, 0x00, 0x00, 0xFF, 0xFF, 0x55, 0x55, 0x55, 0x55,
    0xFF, 0x00, 0x89, 0x91, 0x0C, 0x39, 0x90, 0x02, 0x00, 0x00, 0xFF, 0xFF, 0x55, 0x55, 0x55, 0x55,
    0xFF, 0x3D, 0x00, 0x0E, 0x80, 0x00, 0xB0, 0x01, 0x00, 0x00, 0xFF, 0xFF, 0x55, 0x55, 0x55, 0x55,
    0xA0, 0x00, 0x49, 0x92, 0x24, 0x4F, 0xB2, 0x24, 0x00, 0x00, 0xFF, 0xFF, 0x55, 0x55, 0x55, 0x55,
    0x15, 0xEB, 0x36, 0x68, 0xE5, 0xC8, 0xBF, 0xFF, 0x00, 0x00, 0xFF, 0xFF, 0x55, 0x55, 0x55, 0x55,
    0x07, 0xFA, 0x4D, 0xF2, 0xFF, 0xFF, 0x5F, 0x41, 0x00, 0x00, 0xFF, 0xFF, 0x55, 0x55, 0x55, 0x55,
    0xFE, 0x04, 0xE2, 0x03, 0xA0, 0x00, 0x20, 0x00, 0x00, 0x00, 0xFF, 0xFF, 0x55, 0x55, 0x55, 0x55,
    0x36, 0xA4, 0xB6, 0x6F, 0xFB, 0xB0, 0x1F, 0xFB, 0x00, 0x00, 0xFF, 0xFF, 0x55, 0x55, 0x55, 0x55,
    0xFE, 0x2D, 0x00, 0x02, 0x00, 0x00, 0x00, 0xA0, 0x00, 0x00, 0xFF, 0xFF, 0x55, 0x55, 0x55, 0x55,
    0xFF, 0x09, 0x13, 0x04, 0x00, 0x00, 0x90, 0x02, 0x00, 0x00, 0xFF, 0xFF, 0x55, 0x55, 0x55, 0x55,
    0x00, 0xED, 0x03, 0xF0, 0x01, 0x2F, 0xF0, 0x00, 0x00, 0x00, 0xFF, 0xFF, 0x55, 0x55, 0x55, 0x55,
    0x00, 0x01, 0x00, 0x00, 0x00, 0x00, 0x00, 0x00, 0x00, 0x00, 0xFF, 0xFF, 0x55, 0x55, 0x55, 0x55,
    0x00, 0x01, 0x00, 0x00, 0x00, 0x00, 0x00, 0x00, 0x00, 0x00, 0xFF, 0xFF, 0x55, 0x55, 0x55, 0x55,
    0x0D, 0xEA, 0xB6, 0x6D, 0xDB, 0xB6, 0x61, 0x2C, 0x00, 0x00, 0xFF, 0xFF, 0x55, 0x55, 0x55, 0x55,
    0xFE, 0x01, 0x49, 0x92, 0x58, 0x15, 0x00, 0x00, 0x00, 0x00, 0xFF, 0xFF, 0x55, 0x55, 0x55, 0x55,
    0x43, 0xC8, 0x88, 0xFF, 0xFB, 0xBF, 0x5F, 0xF8, 0x00, 0x00, 0xFF, 0xFF, 0x55, 0x55, 0x55, 0x55,
    0x00, 0x8B, 0xFF, 0xFF, 0x3F, 0xFF, 0xF5, 0x1F, 0x00, 0x00, 0xFF, 0xFF, 0x55, 0x55, 0x55, 0x55,
    0x08, 0x5C, 0xFF, 0x8F, 0xFC, 0xC6, 0x6F, 0xFF, 0x00, 0x00, 0xFF, 0xFF, 0x55, 0x55, 0x55, 0x55,
    0xD9, 0xF9, 0x87, 0xFD, 0xD8, 0xBF, 0xFD, 0xDB, 0x00, 0x00, 0xFF, 0xFF, 0x55, 0x55, 0x55, 0x55,
    0x23, 0xE7, 0xB6, 0x65, 0x23, 0x46, 0x8E, 0x3C, 0x00, 0x00, 0xFF, 0xFF, 0x55, 0x55, 0x55, 0x55,
    0x41, 0xEF, 0xFF, 0xF1, 0x3F, 0x51, 0x0E, 0x23, 0x00, 0x00, 0xFF, 0xFF, 0x55, 0x55, 0x55, 0x55,
    0x24, 0xE3, 0xB6, 0x0D, 0xDB, 0x81, 0xFD, 0xC0, 0x00, 0x00, 0xFF, 0xFF, 0x55, 0x55, 0x55, 0x55,
    0x09, 0xCB, 0x06, 0x64, 0x23, 0xF6, 0x6E, 0x7B, 0x00, 0x00, 0xFF, 0xFF, 0x55, 0x55, 0x55, 0x55,
    0x39, 0xF6, 0x49, 0x72, 0xF2, 0x07, 0x4E, 0x9B, 0x00, 0x00, 0xFF, 0xFF, 0x55, 0x55, 0x55, 0x55,
    0xF9, 0x01, 0xCF, 0xA3, 0x24, 0x68, 0xE2, 0x24, 0x00, 0x00, 0xFF, 0xFF, 0x55, 0x55, 0x55, 0x55,
    0x00, 0x01, 0x00, 0x00, 0x00, 0x00, 0x00, 0x00, 0x00, 0x00, 0xFF, 0xFF, 0x55, 0x55, 0x55, 0x55,
    0x00, 0x01, 0x00, 0x00, 0x00, 0x00, 0x00, 0x00, 0x00, 0x00, 0xFF, 0xFF, 0x55, 0x55, 0x55, 0x55,
    0x00, 0x01, 0x00, 0x00, 0x00, 0x00, 0x00, 0x00, 0x00, 0x00, 0xFF, 0xFF, 0x55, 0x55, 0x55, 0x55,
    0x00, 0x01, 0x00, 0x00, 0x00, 0x00, 0x00, 0x00, 0x00, 0x00, 0xFF, 0xFF, 0x55, 0x55, 0x55, 0x55,
    0x00, 0x01, 0x00, 0x00, 0x00, 0x00, 0x00, 0x00, 0x00, 0x00, 0xFF, 0xFF, 0x55, 0x55, 0x55, 0x55,
    0x00, 0x01, 0x00, 0x00, 0x00, 0x00, 0x00, 0x00, 0x00, 0x00, 0xFF, 0xFF, 0x55, 0x55, 0x55, 0x55,
    0x11, 0xE1, 0xB6, 0x67, 0x23, 0x76, 0x6F, 0xDB, 0x00, 0x00, 0xFF, 0xFF, 0x55, 0x55, 0x55, 0x55,
    0x87, 0x97, 0xFF, 0xF5, 0xD3, 0x8F, 0x6D, 0xDB, 0x00, 0x00, 0xFF, 0xFF, 0x55, 0x55, 0x55, 0x55,
    0x00, 0x01, 0x00, 0x00, 0x00, 0x00, 0x00, 0x00, 0x00, 0x00, 0xFF, 0xFF, 0x55, 0x55, 0x55, 0x55,
    0x17, 0xFF, 0x36, 0x63, 0xDB, 0xB6, 0x6D, 0x63, 0x00, 0x00, 0xFF, 0xFF, 0x55, 0x55, 0x55, 0x55,
    0x63, 0xFB, 0x87, 0x6D, 0xDB, 0xB6, 0xCD, 0x26, 0x00, 0x00, 0xFF, 0xFF, 0x55, 0x55, 0x55, 0x55,
    0x16, 0xEB, 0xFB, 0x69, 0xDB, 0xB6, 0x9D, 0x0E, 0x00, 0x00, 0xFF, 0xFF, 0x55, 0x55, 0x55, 0x55,
    0x25, 0xDE, 0xB6, 0x6D, 0x1B, 0xB6, 0x69, 0x3B, 0x00, 0x00, 0xFF, 0xFF, 0x55, 0x55, 0x55, 0x55,
    0x4E, 0xEE, 0xC8, 0x9F, 0xFF, 0xFF, 0xF3, 0x1F, 0x00, 0x00, 0xFF, 0xFF, 0x55, 0x55, 0x55, 0x55,
    0x13, 0x56, 0xFF, 0xFF, 0xFF, 0x01, 0x62, 0xDB, 0x00, 0x00, 0xFF, 0xFF, 0x55, 0x55, 0x55, 0x55,
    0xFF, 0x41, 0x80, 0x02, 0x00, 0x02, 0x70, 0x00, 0x00, 0x00, 0xFF, 0xFF, 0x55, 0x55, 0x55, 0x55,
    0x23, 0xDC, 0xB6, 0x0D, 0xDB, 0xB4, 0x1D, 0xDB, 0x00, 0x00, 0xFF, 0xFF, 0x55, 0x55, 0x55, 0x55,
    0x02, 0xF8, 0xF6, 0x6E, 0xF3, 0x76, 0x6F, 0xE4, 0x00, 0x00, 0xFF, 0xFF, 0x55, 0x55, 0x55, 0x55,
    0xFE, 0xFF, 0x49, 0x92, 0x24, 0x49, 0x92, 0x24, 0x00, 0x00, 0xFF, 0xFF, 0x55, 0x55, 0x55, 0x55,
    0x01, 0xF8, 0xB3, 0x4D, 0xDB, 0xB5, 0x1D, 0xD8, 0x00, 0x00, 0xFF, 0xFF, 0x55, 0x55, 0x55, 0x55,
    0xFF, 0x00, 0x09, 0x90, 0x00, 0x09, 0x90, 0x00, 0x00, 0x00, 0xFF, 0xFF, 0x55, 0x55, 0x55, 0x55,
    0xFF, 0x00, 0x40, 0x02, 0x24, 0x40, 0x02, 0x24, 0x00, 0x00, 0xFF, 0xFF, 0x55, 0x55, 0x55, 0x55,
    0x0D, 0xED, 0xF9, 0x91, 0x1F, 0xFF, 0xFD, 0xDF, 0x00, 0x00, 0xFF, 0xFF, 0x55, 0x55, 0x55, 0x55,
    0x62, 0xF4, 0xD6, 0xEF, 0xFE, 0xCE, 0xEF, 0xFF, 0x00, 0x00, 0xFF, 0xFF, 0x55, 0x55, 0x55, 0x55,
    0x09, 0x8C, 0xFF, 0x5F, 0xE4, 0xB0, 0x6E, 0xE3, 0x00, 0x00, 0xFF, 0xFF, 0x55, 0x55, 0x55, 0x55,
    0x03, 0xFF, 0x89, 0x91, 0xD8, 0x89, 0x9D, 0xD8, 0x00, 0x00, 0xFF, 0xFF, 0x55, 0x55, 0x55, 0x55,
    0xFA, 0xFF, 0x09, 0x9C, 0xC4, 0x49, 0x9C, 0xC4, 0x00, 0x00, 0xFF, 0xFF, 0x55, 0x55, 0x55, 0x55,
    0x02, 0x1F, 0x76, 0x6E, 0xF7, 0xF6, 0x6E, 0xE3, 0x00, 0x00, 0xFF, 0xFF, 0x55, 0x55, 0x55, 0x55,
    0xD4, 0xFA, 0x87, 0xFD, 0xD9, 0xAF, 0xFD, 0xD8, 0x00, 0x00, 0xFF, 0xFF, 0x55, 0x55, 0x55, 0x55,
    0xFE, 0x21, 0x02, 0x32, 0xE0, 0x04, 0x5C, 0xA0, 0x00, 0x00, 0xFF, 0xFF, 0x55, 0x55, 0x55, 0x55,
    0x00, 0x01, 0x00, 0x00, 0x00, 0x00, 0x00, 0x00, 0x00, 0x00, 0xFF, 0xFF, 0x55, 0x55, 0x55, 0x55,
    0xFF, 0x00, 0x00, 0x02, 0x20, 0x00, 0x02, 0x20, 0x00, 0x00, 0xFF, 0xFF, 0x55, 0x55, 0x55, 0x55,
    0xFF, 0x00, 0x00, 0x02, 0x20, 0x00, 0x02, 0x20, 0x00, 0x00, 0xFF, 0xFF, 0x55, 0x55, 0x55, 0x55,
    0xFF, 0x00, 0x09, 0x90, 0x00, 0x09, 0x90, 0x00, 0x00, 0x00, 0xFF, 0xFF, 0x55, 0x55, 0x55, 0x55,
    0xFF, 0x00, 0x40, 0x02, 0x24, 0x40, 0x02, 0x24, 0x00, 0x00, 0xFF, 0xFF, 0x55, 0x55, 0x55, 0x55,
    0x00, 0x01, 0x00, 0x00, 0x00, 0x00, 0x00, 0x00, 0x00, 0x00, 0xFF, 0xFF, 0x55, 0x55, 0x55, 0x55,
    0x00, 0x01, 0x00, 0x00, 0x00, 0x00, 0x00, 0x00, 0x00, 0x00, 0xFF, 0xFF, 0x55, 0x55, 0x55, 0x55,
    0xD2, 0xFF, 0xB6, 0x61, 0xDB, 0xB6, 0x9D, 0x24, 0x00, 0x00, 0xFF, 0xFF, 0x55, 0x55, 0x55, 0x55,
    0x78, 0xFF, 0x09, 0x6C, 0xDB, 0xB6, 0x6D, 0x3B, 0x00, 0x00, 0xFF, 0xFF, 0x55, 0x55, 0x55, 0x55,
    0xFF, 0x00, 0x49, 0x92, 0x24, 0x49, 0x02, 0x20, 0x00, 0x00, 0xFF, 0xFF, 0x55, 0x55, 0x55, 0x55,
    0xD1, 0xFF, 0x46, 0x62, 0xDB, 0xB6, 0x9D, 0x24, 0x00, 0x00, 0xFF, 0xFF, 0x55, 0x55, 0x55, 0x55,
    0x41, 0xFF, 0x40, 0x62, 0xDB, 0xB6, 0x6D, 0x3B, 0x00, 0x00, 0xFF, 0xFF, 0x55, 0x55, 0x55, 0x55,
    0xD0, 0xFF, 0xB0, 0x6D, 0xDB, 0xB6, 0x9D, 0xC4, 0x00, 0x00, 0xFF, 0xFF, 0x55, 0x55, 0x55, 0x55,
    0xFF, 0xB4, 0x01, 0x40, 0x00, 0x02, 0x00, 0x00, 0x00, 0x00, 0xFF, 0xFF, 0x55, 0x55, 0x55, 0x55,
    0x06, 0x6E, 0xB5, 0x2D, 0xDB, 0xB0, 0x6D, 0xDB, 0x00, 0x00, 0xFF, 0xFF, 0x55, 0x55, 0x55, 0x55,
    0x0D, 0x4A, 0xF9, 0x8F, 0xFF, 0xFE, 0x6F, 0xDB, 0x00, 0x00, 0xFF, 0xFF, 0x55, 0x55, 0x55, 0x55,
    0xE0, 0xF8, 0xB0, 0x1F, 0xFB, 0xB7, 0x6F, 0xFB, 0x00, 0x00, 0xFF, 0xFF, 0x55, 0x55, 0x55, 0x55,
    0x03, 0x1E, 0xFF, 0xF3, 0x1F, 0xFF, 0xFD, 0xDF, 0x00, 0x00, 0xFF, 0xFF, 0x55, 0x55, 0x55, 0x55,
    0x01, 0x13, 0xCE, 0x6F, 0xFC, 0xF6, 0x6F, 0xFF, 0x00, 0x00, 0xFF, 0xFF, 0x55, 0x55, 0x55, 0x55,
    0xFD, 0xFF, 0x81, 0x9D, 0xD8, 0x89, 0x9D, 0xD8, 0x00, 0x00, 0xFF, 0xFF, 0x55, 0x55, 0x55, 0x55,
    0x2A, 0xFD, 0xB6, 0x6D, 0xDB, 0xB6, 0x61, 0x30, 0x00, 0x00, 0xFF, 0xFF, 0x55, 0x55, 0x55, 0x55,
    0x15, 0xEF, 0xB6, 0x61, 0x30, 0xCC, 0xFF, 0x3F, 0x00, 0x00, 0xFF, 0xFF, 0x55, 0x55, 0x55, 0x55,
    0x0D, 0xEB, 0xCC, 0xFF, 0x3F, 0x0F, 0x31, 0xD8, 0x00, 0x00, 0xFF, 0xFF, 0x55, 0x55, 0x55, 0x55,
    0x23, 0xF5, 0x0F, 0x41, 0xD8, 0xB6, 0x6D, 0xDB, 0x00, 0x00, 0xFF, 0xFF, 0x55, 0x55, 0x55, 0x55,
    0xFF, 0x00, 0x49, 0x90, 0x04, 0x49, 0x90, 0x04, 0x00, 0x00, 0xFF, 0xFF, 0x55, 0x55, 0x55, 0x55,
    0xFF, 0x00, 0x00, 0x02, 0x20, 0x00, 0x02, 0x20, 0x00, 0x00, 0xFF, 0xFF, 0x55, 0x55, 0x55, 0x55,
    0xFF, 0x00, 0x09, 0x90, 0x00, 0x09, 0x90, 0x00, 0x00, 0x00, 0xFF, 0xFF, 0x55, 0x55, 0x55, 0x55,
    0x21, 0xC0, 0xBF, 0xF1, 0x3B, 0xBF, 0xF1, 0xDB, 0x00, 0x00, 0xFF, 0xFF, 0x55, 0x55, 0x55, 0x55,
    0xFB, 0x00, 0x02, 0x0C, 0x38, 0x72, 0x92, 0x24, 0x00, 0x00, 0xFF, 0xFF, 0x55, 0x55, 0x55, 0x55,
    0x3E, 0x00, 0x49, 0x90, 0x24, 0x49, 0x92, 0x24, 0x00, 0x00, 0xFF, 0xFF, 0x55, 0x55, 0x55, 0x55,
    0xFD, 0x00, 0x80, 0x6E, 0x60, 0xB1, 0x9E, 0x24, 0x00, 0x00, 0xFF, 0xFF, 0x55, 0x55, 0x55, 0x55,
    0x00, 0x01, 0x00, 0x00, 0x00, 0x00, 0x00, 0x00, 0x00, 0x00, 0xFF, 0xFF, 0x55, 0x55, 0x55, 0x55,
    0x00, 0x01, 0x00, 0x00, 0x00, 0x00, 0x00, 0x00, 0x00, 0x00, 0xFF, 0xFF, 0x55, 0x55, 0x55, 0x55,
    0x00, 0x01, 0x00, 0x00, 0x00, 0x00, 0x00, 0x00, 0x00, 0x00, 0xFF, 0xFF, 0x55, 0x55, 0x55, 0x55,
    0x00, 0x01, 0x00, 0x00, 0x00, 0x00, 0x00, 0x00, 0x00, 0x00, 0xFF, 0xFF, 0x55, 0x55, 0x55, 0x55,
    0x00, 0x01, 0x00, 0x00, 0x00, 0x00, 0x00, 0x00, 0x00, 0x00, 0xFF, 0xFF, 0x55, 0x55, 0x55, 0x55,
    0x00, 0x01, 0x00, 0x00, 0x00, 0x00, 0x00, 0x00, 0x00, 0x00, 0xFF, 0xFF, 0x55, 0x55, 0x55, 0x55,
    0x00, 0x01, 0x00, 0x00, 0x00, 0x00, 0x00, 0x00, 0x00, 0x00, 0xFF, 0xFF, 0x55, 0x55, 0x55, 0x55,
    0x00, 0x01, 0x00, 0x00, 0x00, 0x00, 0x00, 0x00, 0x00, 0x00, 0xFF, 0xFF, 0x55, 0x55, 0x55, 0x55,
    0x00, 0x01, 0x00, 0x00, 0x00, 0x00, 0x00, 0x00, 0x00, 0x00, 0xFF, 0xFF, 0x55, 0x55, 0x55, 0x55,
    0x00, 0x92, 0x00, 0xA0, 0xFF, 0xFC, 0x9F, 0xFF, 0x00, 0x00, 0xFF, 0xFF, 0x55, 0x55, 0x55, 0x55,
    0x00, 0x91, 0x00, 0xF0, 0x0B, 0x3F, 0xF1, 0x07, 0x00, 0x00, 0xFF, 0xFF, 0x55, 0x55, 0x55, 0x55,
    0x00, 0x01, 0x00, 0x00, 0x00, 0x00, 0x00, 0x00, 0x00, 0x00, 0xFF, 0xFF, 0x55, 0x55, 0x55, 0x55,
    0x22, 0xEA, 0x56, 0x8E, 0xFC, 0xFC, 0x9F, 0xFF, 0x00, 0x00, 0xFF, 0xFF, 0x55, 0x55, 0x55, 0x55,
    0x0C, 0xDE, 0xFF, 0xFF, 0xFF, 0x19, 0x30, 0xDB, 0x00, 0x00, 0xFF, 0xFF, 0x55, 0x55, 0x55, 0x55,
    0x57, 0xEA, 0xFF, 0xF3, 0xFF, 0xC8, 0x6F, 0xFC, 0x00, 0x00, 0xFF, 0xFF, 0x55, 0x55, 0x55, 0x55,
    0xFD, 0x00, 0x4E, 0x80, 0x07, 0x60, 0x00, 0x05, 0x00, 0x00, 0xFF, 0xFF, 0x55, 0x55, 0x55, 0x55,
    0x12, 0xFF, 0x49, 0x90, 0xC4, 0x49, 0x9C, 0xC4, 0x00, 0x00, 0xFF, 0xFF, 0x55, 0x55, 0x55, 0x55,
    0x00, 0x01, 0x00, 0x00, 0x00, 0x00, 0x00, 0x00, 0x00, 0x00, 0xFF, 0xFF, 0x55, 0x55, 0x55, 0x55,
    0x13, 0xFF, 0x48, 0xE2, 0x24, 0x4E, 0xE2, 0x24, 0x00, 0x00, 0xFF, 0xFF, 0x55, 0x55, 0x55, 0x55,
    0xF6, 0xFF, 0xB0, 0x1D, 0xDB, 0xB1, 0x1D, 0xDB, 0x00, 0x00, 0xFF, 0xFF, 0x55, 0x55, 0x55, 0x55,
    0x05, 0xE4, 0xD6, 0x6F, 0xFE, 0xEE, 0x8F, 0xFC, 0x00, 0x00, 0xFF, 0xFF, 0x55, 0x55, 0x55, 0x55,
    0x46, 0xBA, 0xFF, 0xFF, 0xFF, 0xCF, 0x7F, 0xFC, 0x00, 0x00, 0xFF, 0xFF, 0x55, 0x55, 0x55, 0x55,
    0x05, 0xE3, 0x97, 0x7D, 0xDA, 0xAF, 0xFD, 0xC0, 0x00, 0x00, 0xFF, 0xFF, 0x55, 0x55, 0x55, 0x55,
    0xFF, 0x00, 0x09, 0x90, 0x00, 0x09, 0x90, 0x00, 0x00, 0x00, 0xFF, 0xFF, 0x55, 0x55, 0x55, 0x55,
    0xFF, 0x00, 0x40, 0x02, 0x24, 0x40, 0x02, 0x24, 0x00, 0x00, 0xFF, 0xFF, 0x55, 0x55, 0x55, 0x55,
    0xFF, 0x00, 0x00, 0x02, 0x20, 0x00, 0x02, 0x20, 0x00, 0x00, 0xFF, 0xFF, 0x55, 0x55, 0x55, 0x55,
    0xFD, 0xFF, 0x4E, 0xE2, 0x24, 0x4E, 0x62, 0x24, 0x00, 0x00, 0xFF, 0xFF, 0x55, 0x55, 0x55, 0x55,
    0x00, 0x07, 0x00, 0x0E, 0xE0, 0x00, 0x2E, 0xE4, 0x00, 0x00, 0xFF, 0xFF, 0x55, 0x55, 0x55, 0x55,
    0xFF, 0x00, 0x40, 0x02, 0x24, 0x40, 0x02, 0x24, 0x00, 0x00, 0xFF, 0xFF, 0x55, 0x55, 0x55, 0x55,
    0xFE, 0xFF, 0x49, 0x9C, 0xC4, 0x49, 0x9C, 0xC0, 0x00, 0x00, 0xFF, 0xFF, 0x55, 0x55, 0x55, 0x55,
    0x00, 0x30, 0x80, 0x0E, 0xEC, 0x00, 0x0F, 0xE4, 0x00, 0x00, 0xFF, 0xFF, 0x55, 0x55, 0x55, 0x55,
    0xAF, 0xF7, 0x8F, 0xFD, 0xDA, 0xA7, 0x7D, 0xD9, 0x00, 0x00, 0xFF, 0xFF, 0x55, 0x55, 0x55, 0x55,
    0xFF, 0x01, 0x05, 0x68, 0x60, 0x07, 0x14, 0x00, 0x00, 0x00, 0xFF, 0xFF, 0x55, 0x55, 0x55, 0x55,
    0x01, 0x00, 0x49, 0x92, 0x24, 0x49, 0x82, 0x24, 0x00, 0x00, 0xFF, 0xFF, 0x55, 0x55, 0x55, 0x55,
    0xFF, 0x00, 0x00, 0x02, 0x20, 0x00, 0x02, 0x20, 0x00, 0x00, 0xFF, 0xFF, 0x55, 0x55, 0x55, 0x55,
    0xFF, 0x00, 0x00, 0x02, 0x20, 0x00, 0x02, 0x20, 0x00, 0x00, 0xFF, 0xFF, 0x55, 0x55, 0x55, 0x55,
    0xFF, 0x00, 0x09, 0x90, 0x00, 0x09, 0x90, 0x00, 0x00, 0x00, 0xFF, 0xFF, 0x55, 0x55, 0x55, 0x55,
    0xFF, 0x00, 0x40, 0x02, 0x24, 0x40, 0x02, 0x24, 0x00, 0x00, 0xFF, 0xFF, 0x55, 0x55, 0x55, 0x55,
    0x00, 0x01, 0x00, 0x00, 0x00, 0x00, 0x00, 0x00, 0x00, 0x00, 0xFF, 0xFF, 0x55, 0x55, 0x55, 0x55,
    0x00, 0x01, 0x00, 0x00, 0x00, 0x00, 0x00, 0x00, 0x00, 0x00, 0xFF, 0xFF, 0x55, 0x55, 0x55, 0x55,
    0xFE, 0xFF, 0x49, 0x92, 0x24, 0x49, 0x92, 0x24, 0x00, 0x00, 0xFF, 0xFF, 0x55, 0x55, 0x55, 0x55,
    0xFF, 0x00, 0x49, 0x90, 0x04, 0x49, 0x90, 0x04, 0x00, 0x00, 0xFF, 0xFF, 0x55, 0x55, 0x55, 0x55,
    0xFF, 0x00, 0x00, 0x02, 0x20, 0x00, 0x02, 0x20, 0x00, 0x00, 0xFF, 0xFF, 0x55, 0x55, 0x55, 0x55,
    0xFE, 0xFF, 0x49, 0x92, 0x24, 0x49, 0x92, 0x24, 0x00, 0x00, 0xFF, 0xFF, 0x55, 0x55, 0x55, 0x55,
    0xFF, 0x00, 0x49, 0x90, 0x04, 0x49, 0x90, 0x04, 0x00, 0x00, 0xFF, 0xFF, 0x55, 0x55, 0x55, 0x55,
    0xFF, 0x00, 0x00, 0x02, 0x20, 0x00, 0x02, 0x20, 0x00, 0x00, 0xFF, 0xFF, 0x55, 0x55, 0x55, 0x55,
    0xFE, 0xFF, 0x49, 0x92, 0x24, 0x49, 0x92, 0x24, 0x00, 0x00, 0xFF, 0xFF, 0x55, 0x55, 0x55, 0x55,
    0x00, 0x01, 0x00, 0x00, 0x00, 0x00, 0x00, 0x00, 0x00, 0x00, 0xFF, 0xFF, 0x55, 0x55, 0x55, 0x55,
    0x00, 0x01, 0x00, 0x00, 0x00, 0x00, 0x00, 0x00, 0x00, 0x00, 0xFF, 0xFF, 0x55, 0x55, 0x55, 0x55,
    0xFF, 0x00, 0x49, 0x90, 0x04, 0x49, 0x90, 0x04, 0x00, 0x00, 0xFF, 0xFF, 0x55, 0x55, 0x55, 0x55,
    0x03, 0x73, 0xFF, 0xFD, 0x1F, 0xFF, 0xF5, 0x3F, 0x00, 0x00, 0xFF, 0xFF, 0x55, 0x55, 0x55, 0x55,
    0x03, 0x72, 0xF6, 0x6F, 0xFC, 0xD6, 0x8F, 0xFC, 0x00, 0x00, 0xFF, 0xFF, 0x55, 0x55, 0x55, 0x55,
    0x3D, 0xFD, 0xBF, 0xF1, 0xFB, 0x8F, 0xFF, 0x1A, 0x00, 0x00, 0xFF, 0xFF, 0x55, 0x55, 0x55, 0x55,
    0xB6, 0xC9, 0xF8, 0xFF, 0x3F, 0xFF, 0x83, 0xFF, 0x00, 0x00, 0xFF, 0xFF, 0x55, 0x55, 0x55, 0x55,
    0x04, 0xD8, 0xCF, 0x30, 0xD8, 0x83, 0xFD, 0x0C, 0x00, 0x00, 0xFF, 0xFF, 0x55, 0x55, 0x55, 0x55,
    0x00, 0x01, 0x00, 0x00, 0x00, 0x00, 0x00, 0x00, 0x00, 0x00, 0xFF, 0xFF, 0x55, 0x55, 0x55, 0x55,
    0x00, 0x01, 0x00, 0x00, 0x00, 0x00, 0x00, 0x00, 0x00, 0x00, 0xFF, 0xFF, 0x55, 0x55, 0x55, 0x55,
    0xFF, 0x00, 0x49, 0x90, 0x04, 0x49, 0x90, 0x04, 0x00, 0x00, 0xFF, 0xFF, 0x55, 0x55, 0x55, 0x55,
    0xFF, 0x00, 0x00, 0x02, 0x20, 0x00, 0x02, 0x20, 0x00, 0x00, 0xFF, 0xFF, 0x55, 0x55, 0x55, 0x55,
    0xFF, 0x00, 0x09, 0x90, 0x00, 0x09, 0x90, 0x00, 0x00, 0x00, 0xFF, 0xFF, 0x55, 0x55, 0x55, 0x55,
    0xFF, 0x00, 0x40, 0x02, 0x24, 0x40, 0x02, 0x24, 0x00, 0x00, 0xFF, 0xFF, 0x55, 0x55, 0x55, 0x55,
    0x00, 0x01, 0x00, 0x00, 0x00, 0x00, 0x00, 0x00, 0x00, 0x00, 0xFF, 0xFF, 0x55, 0x55, 0x55, 0x55,
    0x00, 0x01, 0x00, 0x00, 0x00, 0x00, 0x00, 0x00, 0x00, 0x00, 0xFF, 0xFF, 0x55, 0x55, 0x55, 0x55,
    0x00, 0x01, 0x00, 0x00, 0x00, 0x00, 0x00, 0x00, 0x00, 0x00, 0xFF, 0xFF, 0x55, 0x55, 0x55, 0x55,
    0x00, 0x01, 0x00, 0x00, 0x00, 0x00, 0x00, 0x00, 0x00, 0x00, 0xFF, 0xFF, 0x55, 0x55, 0x55, 0x55,
    0x00, 0x01, 0x00, 0x00, 0x00, 0x00, 0x00, 0x00, 0x00, 0x00, 0xFF, 0xFF, 0x55, 0x55, 0x55, 0x55,
    0x00, 0x01, 0x00, 0x00, 0x00, 0x00, 0x00, 0x00, 0x00, 0x00, 0xFF, 0xFF, 0x55, 0x55, 0x55, 0x55,
    0x00, 0x01, 0x00, 0x00, 0x00, 0x00, 0x00, 0x00, 0x00, 0x00, 0xFF, 0xFF, 0x55, 0x55, 0x55, 0x55,
    0x00, 0x01, 0x00, 0x00, 0x00, 0x00, 0x00, 0x00, 0x00, 0x00, 0xFF, 0xFF, 0x55, 0x55, 0x55, 0x55,
    0x00, 0x01, 0x00, 0x00, 0x00, 0x00, 0x00, 0x00, 0x00, 0x00, 0xFF, 0xFF, 0x55, 0x55, 0x55, 0x55,
    0x00, 0x01, 0x00, 0x00, 0x00, 0x00, 0x00, 0x00, 0x00, 0x00, 0xFF, 0xFF, 0x55, 0x55, 0x55, 0x55,
    0x00, 0x01, 0x00, 0x00, 0x00, 0x00, 0x00, 0x00, 0x00, 0x00, 0xFF, 0xFF, 0x55, 0x55, 0x55, 0x55,
    0x09, 0x96, 0xB6, 0x6D, 0x1B, 0xB6, 0x67, 0xBB, 0x00, 0x00, 0xFF, 0xFF, 0x55, 0x55, 0x55, 0x55,
    0xCC, 0xFB, 0xF8, 0x9F, 0xFF, 0xFF, 0xFF, 0xFF, 0x00, 0x00, 0xFF, 0xFF, 0x55, 0x55, 0x55, 0x55,
    0x0F, 0xFD, 0x7F, 0xFD, 0x07, 0xFF, 0xF5, 0x7F, 0x00, 0x00, 0xFF, 0xFF, 0x55, 0x55, 0x55, 0x55,
    0x00, 0x01, 0x00, 0x00, 0x00, 0x00, 0x00, 0x00, 0x00, 0x00, 0xFF, 0xFF, 0x55, 0x55, 0x55, 0x55,
    0xFF, 0xF7, 0x01, 0x00, 0x00, 0x00, 0x00, 0x00, 0x00, 0x00, 0xFF, 0xFF, 0x55, 0x55, 0x55, 0x55,
    0x12, 0x00, 0x48, 0x92, 0x24, 0x49, 0x92, 0x24, 0x00, 0x00, 0xFF, 0xFF, 0x55, 0x55, 0x55, 0x55,
    0x13, 0xFF, 0x46, 0x62, 0x27, 0x76, 0x62, 0x27, 0x00, 0x00, 0xFF, 0xFF, 0x55, 0x55, 0x55, 0x55,
    0xF6, 0xFF, 0x81, 0x93, 0x38, 0x89, 0x93, 0x38, 0x00, 0x00, 0xFF, 0xFF, 0x55, 0x55, 0x55, 0x55,
    0xFF, 0x00, 0x00, 0x02, 0x20, 0x00, 0x02, 0x20, 0x00, 0x00, 0xFF, 0xFF, 0x55, 0x55, 0x55, 0x55,
    0x00, 0x01, 0x00, 0x00, 0x00, 0x00, 0x00, 0x00, 0x00, 0x00, 0xFF, 0xFF, 0x55, 0x55, 0x55, 0x55,
    0xFF, 0x00, 0x01, 0x10, 0x00, 0x01, 0x10, 0x00, 0x00, 0x00, 0xFF, 0xFF, 0x55, 0x55, 0x55, 0x55,
    0xFF, 0x00, 0x48, 0x82, 0x24, 0x48, 0x82, 0x24, 0x00, 0x00, 0xFF, 0xFF, 0x55, 0x55, 0x55, 0x55,
    0xFE, 0x26, 0x01, 0x60, 0x00, 0x04, 0x20, 0x00, 0x00, 0x00, 0xFF, 0xFF, 0x55, 0x55, 0x55, 0x55,
    0x39, 0xEB, 0x71, 0x4E, 0xF3, 0xF3, 0x0E, 0xE3, 0x00, 0x00, 0xFF, 0xFF, 0x55, 0x55, 0x55, 0x55,
    0x00, 0xFF, 0x89, 0x90, 0x0C, 0x09, 0x91, 0x14, 0x00, 0x00, 0xFF, 0xFF, 0x55, 0x55, 0x55, 0x55,
    0xFF, 0x00, 0x09, 0x90, 0x00, 0x09, 0x90, 0x00, 0x00, 0x00, 0xFF, 0xFF, 0x55, 0x55, 0x55, 0x55,
    0xFF, 0x00, 0x40, 0x02, 0x24, 0x40, 0x02, 0x24, 0x00, 0x00, 0xFF, 0xFF, 0x55, 0x55, 0x55, 0x55,
    0xFC, 0x0D, 0x00, 0x02, 0x20, 0x02, 0x3E, 0xC0, 0x00, 0x00, 0xFF, 0xFF, 0x55, 0x55, 0x55, 0x55,
    0x59, 0xF2, 0xCE, 0x6F, 0xFE, 0xC6, 0x6F, 0xA3, 0x00, 0x00, 0xFF, 0xFF, 0x55, 0x55, 0x55, 0x55,
    0xFE, 0x05, 0xC9, 0xD1, 0x10, 0x00, 0x0A, 0x35, 0x00, 0x00, 0xFF, 0xFF, 0x55, 0x55, 0x55, 0x55,
    0x01, 0xF4, 0xBF, 0xF1, 0x6B, 0xF9, 0xAF, 0x26, 0x00, 0x00, 0xFF, 0xFF, 0x55, 0x55, 0x55, 0x55,
    0x00, 0xF7, 0x7F, 0xF0, 0x17, 0xFF, 0xD0, 0x01, 0x00, 0x00, 0xFF, 0xFF, 0x55, 0x55, 0x55, 0x55,
    0x00, 0xBD, 0xC0, 0x0E, 0xF0, 0x40, 0x0F, 0xE4, 0x00, 0x00, 0xFF, 0xFF, 0x55, 0x55, 0x55, 0x55,
    0x12, 0xFD, 0xA7, 0xFD, 0xD9, 0x97, 0x1D, 0xD8, 0x00, 0x00, 0xFF, 0xFF, 0x55, 0x55, 0x55, 0x55,
    0x89, 0xE8, 0xCE, 0x6F, 0xFE, 0xDE, 0x6F, 0xFC, 0x00, 0x00, 0xFF, 0xFF, 0x55, 0x55, 0x55, 0x55,
    0x78, 0x01, 0x4F, 0xD2, 0x24, 0x4B, 0x82, 0x24, 0x00, 0x00, 0xFF, 0xFF, 0x55, 0x55, 0x55, 0x55,
    0xFF, 0x00, 0x00, 0x02, 0x20, 0x00, 0x02, 0x20, 0x00, 0x00, 0xFF, 0xFF, 0x55, 0x55, 0x55, 0x55,
    0xFF, 0x00, 0x00, 0x02, 0x20, 0x00, 0x02, 0x20, 0x00, 0x00, 0xFF, 0xFF, 0x55, 0x55, 0x55, 0x55,
    0xFF, 0x00, 0x09, 0x90, 0x00, 0x09, 0x90, 0x00, 0x00, 0x00, 0xFF, 0xFF, 0x55, 0x55, 0x55, 0x55,
    0xFF, 0x00, 0x40, 0x02, 0x24, 0x00, 0x00, 0x00, 0x00, 0x00, 0xFF, 0xFF, 0x55, 0x55, 0x55, 0x55,
    0xFF, 0x00, 0x49, 0x92, 0x24, 0x00, 0x00, 0x00, 0x00, 0x00, 0xFF, 0xFF, 0x55, 0x55, 0x55, 0x55,
    0x00, 0x01, 0x00, 0x00, 0x00, 0x00, 0x00, 0x00, 0x00, 0x00, 0xFF, 0xFF, 0x55, 0x55, 0x55, 0x55,
    0xFE, 0xFF, 0x49, 0x92, 0x24, 0x49, 0x92, 0x24, 0x00, 0x00, 0xFF, 0xFF, 0x55, 0x55, 0x55, 0x55,
    0xFF, 0x00, 0x49, 0x90, 0x04, 0x49, 0x90, 0x04, 0x00, 0x00, 0xFF, 0xFF, 0x55, 0x55, 0x55, 0x55,
    0xFF, 0x00, 0x00, 0x02, 0x20, 0x00, 0x02, 0x20, 0x00, 0x00, 0xFF, 0xFF, 0x55, 0x55, 0x55, 0x55,
    0xFE, 0xFF, 0x49, 0x92, 0x24, 0x49, 0x92, 0x24, 0x00, 0x00, 0xFF, 0xFF, 0x55, 0x55, 0x55, 0x55,
    0xFF, 0x00, 0x49, 0x90, 0x04, 0x49, 0x90, 0x04, 0x00, 0x00, 0xFF, 0xFF, 0x55, 0x55, 0x55, 0x55,
    0xFF, 0x00, 0x00, 0x02, 0x20, 0x00, 0x02, 0x20, 0x00, 0x00, 0xFF, 0xFF, 0x55, 0x55, 0x55, 0x55,
    0xFF, 0xF6, 0x00, 0x00, 0x00, 0x02, 0x10, 0x00, 0x00, 0x00, 0xFF, 0xFF, 0x55, 0x55, 0x55, 0x55,
    0x16, 0x00, 0x49, 0x92, 0x24, 0x4F, 0xB2, 0x24, 0x00, 0x00, 0xFF, 0xFF, 0x55, 0x55, 0x55, 0x55,
    0x05, 0xFF, 0xB6, 0x6D, 0xDB, 0x4E, 0x82, 0x24, 0x00, 0x00, 0xFF, 0xFF, 0x55, 0x55, 0x55, 0x55,
    0xFC, 0xFF, 0xB6, 0x63, 0x3B, 0xB1, 0x03, 0x3B, 0x00, 0x00, 0xFF, 0xFF, 0x55, 0x55, 0x55, 0x55,
    0x1C, 0xE2, 0xFF, 0xFF, 0x3F, 0xFF, 0xF1, 0xDF, 0x00, 0x00, 0xFF, 0xFF, 0x55, 0x55, 0x55, 0x55,
    0xA3, 0xFC, 0xFF, 0xFF, 0xFF, 0x68, 0x68, 0xDB, 0x00, 0x00, 0xFF, 0xFF, 0x55, 0x55, 0x55, 0x55,
    0x4E, 0xC8, 0xAF, 0x7D, 0xD8, 0xB2, 0x6D, 0xDB, 0x00, 0x00, 0xFF, 0xFF, 0x55, 0x55, 0x55, 0x55,
    0x2B, 0xFD, 0x06, 0x63, 0x1B, 0xB6, 0x6D, 0xDB, 0x00, 0x00, 0xFF, 0xFF, 0x55, 0x55, 0x55, 0x55,
    0x15, 0xEF, 0xFF, 0xC3, 0xFC, 0x06, 0x63, 0x1B, 0x00, 0x00, 0xFF, 0xFF, 0x55, 0x55, 0x55, 0x55,
    0x0D, 0xEB, 0x83, 0xFD, 0x10, 0xFF, 0xC3, 0xFC, 0x00, 0x00, 0xFF, 0xFF, 0x55, 0x55, 0x55, 0x55,
    0x23, 0xF4, 0xB6, 0x6D, 0xDB, 0x84, 0xFD, 0x10, 0x00, 0x00, 0xFF, 0xFF, 0x55, 0x55, 0x55, 0x55,
    0xFF, 0x00, 0x49, 0x90, 0x24, 0x49, 0x92, 0x24, 0x00, 0x00, 0xFF, 0xFF, 0x55, 0x55, 0x55, 0x55,
    0x0E, 0x2A, 0xFF, 0x6D, 0xDB, 0xB6, 0x61, 0x3B, 0x00, 0x00, 0xFF, 0xFF, 0x55, 0x55, 0x55, 0x55,
    0xFF, 0x00, 0x09, 0x90, 0x24, 0x00, 0x00, 0x00, 0x00, 0x00, 0xFF, 0xFF, 0x55, 0x55, 0x55, 0x55,
    0x08, 0xD4, 0xBF, 0x6D, 0xDB, 0x31, 0x4E, 0xEB, 0x00, 0x00, 0xFF, 0xFF, 0x55, 0x55, 0x55, 0x55,
    0x82, 0xD6, 0xB6, 0x6D, 0xDB, 0xFF, 0xF3, 0x1F, 0x00, 0x00, 0xFF, 0xFF, 0x55, 0x55, 0x55, 0x55,
    0x00, 0x01, 0x00, 0x00, 0x00, 0x00, 0x00, 0x00, 0x00, 0x00, 0xFF, 0xFF, 0x55, 0x55, 0x55, 0x55,
    0x00, 0x01, 0x00, 0x00, 0x00, 0x00, 0x00, 0x00, 0x00, 0x00, 0xFF, 0xFF, 0x55, 0x55, 0x55, 0x55,
    0x00, 0x01, 0x00, 0x00, 0x00, 0x00, 0x00, 0x00, 0x00, 0x00, 0xFF, 0xFF, 0x55, 0x55, 0x55, 0x55,
    0x00, 0x01, 0x00, 0x00, 0x00, 0x00, 0x00, 0x00, 0x00, 0x00, 0xFF, 0xFF, 0x55, 0x55, 0x55, 0x55,
    0x00, 0x01, 0x00, 0x00, 0x00, 0x00, 0x00, 0x00, 0x00, 0x00, 0xFF, 0xFF, 0x55, 0x55, 0x55, 0x55,
    0x00, 0x01, 0x00, 0x00, 0x00, 0x00, 0x00, 0x00, 0x00, 0x00, 0xFF, 0xFF, 0x55, 0x55, 0x55, 0x55,
    0x00, 0x01, 0x00, 0x00, 0x00, 0x00, 0x00, 0x00, 0x00, 0x00, 0xFF, 0xFF, 0x55, 0x55, 0x55, 0x55,
    0x00, 0x01, 0x00, 0x00, 0x00, 0x00, 0x00, 0x00, 0x00, 0x00, 0xFF, 0xFF, 0x55, 0x55, 0x55, 0x55,
    0x00, 0x01, 0x00, 0x00, 0x00, 0x00, 0x00, 0x00, 0x00, 0x00, 0xFF, 0xFF, 0x55, 0x55, 0x55, 0x55,
    0x00, 0x01, 0x00, 0x00, 0x00, 0x00, 0x00, 0x00, 0x00, 0x00, 0xFF, 0xFF, 0x55, 0x55, 0x55, 0x55,
    0x00, 0xE9, 0x00, 0x0A, 0x20, 0x80, 0x0E, 0xEC, 0x00, 0x00, 0xFF, 0xFF, 0x55, 0x55, 0x55, 0x55,
    0x47, 0xE4, 0xFF, 0xFB, 0x1F, 0x7F, 0xFC, 0xD3, 0x00, 0x00, 0xFF, 0xFF, 0x55, 0x55, 0x55, 0x55,
    0xB2, 0xEB, 0xFF, 0xF1, 0x3F, 0xF9, 0x8F, 0xFF, 0x00, 0x00, 0xFF, 0xFF, 0x55, 0x55, 0x55, 0x55,
    0x01, 0x62, 0xB6, 0x0D, 0xDB, 0xB3, 0x1D, 0xDB, 0x00, 0x00, 0xFF, 0xFF, 0x55, 0x55, 0x55, 0x55,
    0xFE, 0xFF, 0x49, 0x92, 0x24, 0x49, 0x92, 0x24, 0x00, 0x00, 0xFF, 0xFF, 0x55, 0x55, 0x55, 0x55,
    0x00, 0x01, 0x00, 0x00, 0x00, 0x00, 0x00, 0x00, 0x00, 0x00, 0xFF, 0xFF, 0x55, 0x55, 0x55, 0x55,
    0xFF, 0x00, 0x09, 0x90, 0x00, 0x09, 0x90, 0x00, 0x00, 0x00, 0xFF, 0xFF, 0x55, 0x55, 0x55, 0x55,
    0xE5, 0xF6, 0xBF, 0xFF, 0xFB, 0xBF, 0xF3, 0x1B, 0x00, 0x00, 0xFF, 0xFF, 0x55, 0x55, 0x55, 0x55,
    0x04, 0x1A, 0xFF, 0xFD, 0xDF, 0xFF, 0xF1, 0x3F, 0x00, 0x00, 0xFF, 0xFF, 0x55, 0x55, 0x55, 0x55,
    0x00, 0x01, 0x00, 0x00, 0x00, 0x00, 0x00, 0x00, 0x00, 0x00, 0xFF, 0xFF, 0x55, 0x55, 0x55, 0x55,
    0x00, 0x1A, 0xF8, 0x8F, 0xFF, 0xFA, 0x9F, 0xFF, 0x00, 0x00, 0xFF, 0xFF, 0x55, 0x55, 0x55, 0x55,
    0x16, 0xE9, 0xB7, 0x71, 0x5B, 0xB1, 0x19, 0xBB, 0x00, 0x00, 0xFF, 0xFF, 0x55, 0x55, 0x55, 0x55,
    0xFF, 0xF8, 0x02, 0x0E, 0x00, 0x00, 0x00, 0x00, 0x00, 0x00, 0xFF, 0xFF, 0x55, 0x55, 0x55, 0x55,
    0x08, 0xF9, 0x30, 0xF2, 0xFF, 0xFF, 0xFF, 0xFF, 0x00, 0x00, 0xFF, 0xFF, 0x55, 0x55, 0x55, 0x55,
    0xFF, 0x13, 0x00, 0x02, 0xC0, 0x00, 0x0A, 0x60, 0x00, 0x00, 0xFF, 0xFF, 0x55, 0x55, 0x55, 0x55,
    0xFF, 0x00, 0x09, 0x90, 0x00, 0x09, 0x90, 0x24, 0x00, 0x00, 0xFF, 0xFF, 0x55, 0x55, 0x55, 0x55,
    0xFF, 0x00, 0x40, 0x02, 0x24, 0x40, 0x92, 0x24, 0x00, 0x00, 0xFF, 0xFF, 0x55, 0x55, 0x55, 0x55,
    0x32, 0xF3, 0xFB, 0x89, 0x3F, 0xEE, 0x6F, 0xE4, 0x00, 0x00, 0xFF, 0xFF, 0x55, 0x55, 0x55, 0x55,
    0xFF, 0x00, 0x49, 0xF2, 0x24, 0x4B, 0x02, 0xF5, 0x00, 0x00, 0xFF, 0xFF, 0x55, 0x55, 0x55, 0x55,
    0x02, 0x30, 0xB6, 0x6D, 0xDB, 0xB6, 0x2D, 0x2C, 0x00, 0x00, 0xFF, 0xFF, 0x55, 0x55, 0x55, 0x55,
    0x5E, 0x8A, 0xB6, 0x6D, 0xDB, 0xB6, 0x8D, 0xD8, 0x00, 0x00, 0xFF, 0xFF, 0x55, 0x55, 0x55, 0x55,
    0x00, 0x01, 0x00, 0x00, 0x00, 0x00, 0x00, 0x00, 0x00, 0x00, 0xFF, 0xFF, 0x55, 0x55, 0x55, 0x55,
    0x09, 0xF7, 0x46, 0x6E, 0xFD, 0xDE, 0xEF, 0x3E, 0x00, 0x00, 0xFF, 0xFF, 0x55, 0x55, 0x55, 0x55,
    0xD3, 0x01, 0x48, 0xB2, 0x24, 0x4E, 0x92, 0x24, 0x00, 0x00, 0xFF, 0xFF, 0x55, 0x55, 0x55, 0x55,
    0x0E, 0x6D, 0xCE, 0x6F, 0xFE, 0xDE, 0x6F, 0xFC, 0x00, 0x00, 0xFF, 0xFF, 0x55, 0x55, 0x55, 0x55,
    0x93, 0xF1, 0xB0, 0x3D, 0xDB, 0xF4, 0x1F, 0xFF, 0x00, 0x00, 0xFF, 0xFF, 0x55, 0x55, 0x55, 0x55,
    0xFF, 0x00, 0x00, 0x02, 0x20, 0x00, 0x02, 0x20, 0x00, 0x00, 0xFF, 0xFF, 0x55, 0x55, 0x55, 0x55,
    0xFF, 0x00, 0x00, 0x02, 0x20, 0x00, 0x00, 0x00, 0x00, 0x00, 0xFF, 0xFF, 0x55, 0x55, 0x55, 0x55,
    0xFF, 0x00, 0x09, 0x90, 0x24, 0x48, 0x82, 0x24, 0x00, 0x00, 0xFF, 0xFF, 0x55, 0x55, 0x55, 0x55,
    0x27, 0xF9, 0xFF, 0x6F, 0xDB, 0xB6, 0x6D, 0x35, 0x00, 0x00, 0xFF, 0xFF, 0x55, 0x55, 0x55, 0x55,
    0x0B, 0xE2, 0xFF, 0x6F, 0xDB, 0xB6, 0x1D, 0xE2, 0x00, 0x00, 0xFF, 0xFF, 0x55, 0x55, 0x55, 0x55,
    0xFF, 0x00, 0x49, 0x92, 0x24, 0x49, 0x02, 0x20, 0x00, 0x00, 0xFF, 0xFF, 0x55, 0x55, 0x55, 0x55,
    0xFF, 0xB2, 0x00, 0x00, 0x00, 0x02, 0x60, 0x00, 0x00, 0x00, 0xFF, 0xFF, 0x55, 0x55, 0x55, 0x55,
    0x07, 0xF4, 0xB6, 0x0F, 0xE3, 0xF2, 0x9E, 0xE6, 0x00, 0x00, 0xFF, 0xFF, 0x55, 0x55, 0x55, 0x55,
    0xFF, 0x00, 0x00, 0x02, 0x20, 0x00, 0x02, 0x20, 0x00, 0x00, 0xFF, 0xFF, 0x55, 0x55, 0x55, 0x55,
    0xFF, 0xB2, 0x00, 0x00, 0x00, 0x02, 0x60, 0x00, 0x00, 0x00, 0xFF, 0xFF, 0x55, 0x55, 0x55, 0x55,
    0x07, 0xF4, 0xB6, 0x0F, 0xE3, 0xF2, 0x9E, 0xE6, 0x00, 0x00, 0xFF, 0xFF, 0x55, 0x55, 0x55, 0x55,
    0xFF, 0x00, 0x00, 0x02, 0x20, 0x00, 0x02, 0x20, 0x00, 0x00, 0xFF, 0xFF, 0x55, 0x55, 0x55, 0x55,
    0x15, 0xE6, 0xF9, 0xDF, 0xFF, 0xFB, 0x8F, 0xFC, 0x00, 0x00, 0xFF, 0xFF, 0x55, 0x55, 0x55, 0x55,
    0x0B, 0xF1, 0xB2, 0x3D, 0xDB, 0x11, 0xF4, 0xFF, 0x00, 0x00, 0xFF, 0xFF, 0x55, 0x55, 0x55, 0x55,
    0xFF, 0x1F, 0x01, 0x60, 0x00, 0x02, 0x00, 0x00, 0x00, 0x00, 0xFF, 0xFF, 0x55, 0x55, 0x55, 0x55,
    0x00, 0xF0, 0x01, 0x5E, 0xE0, 0x04, 0x2E, 0xE0, 0x00, 0x00, 0xFF, 0xFF, 0x55, 0x55, 0x55, 0x55,
    0xFF, 0x00, 0x00, 0x02, 0x20, 0x00, 0x02, 0x20, 0x00, 0x00, 0xFF, 0xFF, 0x55, 0x55, 0x55, 0x55,
    0x00, 0x01, 0x00, 0x00, 0x00, 0x00, 0x00, 0x00, 0x00, 0x00, 0xFF, 0xFF, 0x55, 0x55, 0x55, 0x55,
    0x00, 0x01, 0x00, 0x00, 0x00, 0x00, 0x00, 0x00, 0x00, 0x00, 0xFF, 0xFF, 0x55, 0x55, 0x55, 0x55,
    0x00, 0x01, 0x00, 0x00, 0x00, 0x00, 0x00, 0x00, 0x00, 0x00, 0xFF, 0xFF, 0x55, 0x55, 0x55, 0x55,
    0x00, 0x01, 0x00, 0x00, 0x00, 0x00, 0x00, 0x00, 0x00, 0x00, 0xFF, 0xFF, 0x55, 0x55, 0x55, 0x55,
    0x0D, 0xEA, 0xC6, 0x62, 0x1B, 0xB6, 0x6D, 0xDB, 0x00, 0x00, 0xFF, 0xFF, 0x55, 0x55, 0x55, 0x55,
    0xFE, 0x01, 0x00, 0x50, 0x01, 0x89, 0x95, 0x24, 0x00, 0x00, 0xFF, 0xFF, 0x55, 0x55, 0x55, 0x55,
    0x36, 0xBA, 0x81, 0xFD, 0xDB, 0xBF, 0xAD, 0xD8, 0x00, 0x00, 0xFF, 0xFF, 0x55, 0x55, 0x55, 0x55,
    0x45, 0x9B, 0xB6, 0x61, 0x7B, 0xB6, 0x69, 0x3B, 0x00, 0x00, 0xFF, 0xFF, 0x55, 0x55, 0x55, 0x55,
    0x0A, 0xDB, 0xFF, 0xFF, 0x3F, 0xFF, 0xF9, 0x5F, 0x00, 0x00, 0xFF, 0xFF, 0x55, 0x55, 0x55, 0x55,
    0x32, 0x98, 0xB0, 0x6E, 0xEF, 0x76, 0x6F, 0xE7, 0x00, 0x00, 0xFF, 0xFF, 0x55, 0x55, 0x55, 0x55,
    0x33, 0xFF, 0x49, 0x90, 0xD4, 0xC9, 0x9C, 0xC0, 0x00, 0x00, 0xFF, 0xFF, 0x55, 0x55, 0x55, 0x55,
    0x00, 0x01, 0x00, 0x00, 0x00, 0x00, 0x00, 0x00, 0x00, 0x00, 0xFF, 0xFF, 0x55, 0x55, 0x55, 0x55,
    0x00, 0x01, 0x00, 0x00, 0x00, 0x00, 0x00, 0x00, 0x00, 0x00, 0xFF, 0xFF, 0x55, 0x55, 0x55, 0x55,
    0x00, 0x01, 0x00, 0x00, 0x00, 0x00, 0x00, 0x00, 0x00, 0x00, 0xFF, 0xFF, 0x55, 0x55, 0x55, 0x55,
    0x00, 0x01, 0x00, 0x00, 0x00, 0x00, 0x00, 0x00, 0x00, 0x00, 0xFF, 0xFF, 0x55, 0x55, 0x55, 0x55,
    0x00, 0x01, 0x00, 0x00, 0x00, 0x00, 0x00, 0x00, 0x00, 0x00, 0xFF, 0xFF, 0x55, 0x55, 0x55, 0x55,
    0x00, 0x01, 0x00, 0x00, 0x00, 0x00, 0x00, 0x00, 0x00, 0x00, 0xFF, 0xFF, 0x55, 0x55, 0x55, 0x55,
    0x00, 0x01, 0x00, 0x00, 0x00, 0x00, 0x00, 0x00, 0x00, 0x00, 0xFF, 0xFF, 0x55, 0x55, 0x55, 0x55,
    0x00, 0x01, 0x00, 0x00, 0x00, 0x00, 0x00, 0x00, 0x00, 0x00, 0xFF, 0xFF, 0x55, 0x55, 0x55, 0x55,
    0x00, 0x01, 0x00, 0x00, 0x00, 0x00, 0x00, 0x00, 0x00, 0x00, 0xFF, 0xFF, 0x55, 0x55, 0x55, 0x55,
    0x00, 0x01, 0x00, 0x00, 0x00, 0x00, 0x00, 0x00, 0x00, 0x00, 0xFF, 0xFF, 0x55, 0x55, 0x55, 0x55,
    0x17, 0xFF, 0x36, 0x63, 0x37, 0x46, 0x62, 0x25, 0x00, 0x00, 0xFF, 0xFF, 0x55, 0x55, 0x55, 0x55,
    0x0B, 0xFF, 0xC9, 0x9C, 0xC8, 0x09, 0x9C, 0x24, 0x00, 0x00, 0xFF, 0xFF, 0x55, 0x55, 0x55, 0x55,
    0x0D, 0xFD, 0xFB, 0xAF, 0xFF, 0xC8, 0xFF, 0xFF, 0x00, 0x00, 0xFF, 0xFF, 0x55, 0x55, 0x55, 0x55,
    0x16, 0xFF, 0xB4, 0x5D, 0xDB, 0x81, 0x1D, 0xD9, 0x00, 0x00, 0xFF, 0xFF, 0x55, 0x55, 0x55, 0x55,
    0xFF, 0xE1, 0x00, 0x00, 0x00, 0x03, 0x70, 0x00, 0x00, 0x00, 0xFF, 0xFF, 0x55, 0x55, 0x55, 0x55,
    0x1A, 0x00, 0x49, 0x92, 0x24, 0x4F, 0x82, 0x24, 0x00, 0x00, 0xFF, 0xFF, 0x55, 0x55, 0x55, 0x55,
    0x00, 0x1A, 0xC0, 0x0F, 0xFC, 0xD0, 0x8F, 0xFC, 0x00, 0x00, 0xFF, 0xFF, 0x55, 0x55, 0x55, 0x55,
    0x1A, 0xEC, 0xBF, 0xFB, 0x7B, 0x8F, 0xF1, 0xD8, 0x00, 0x00, 0xFF, 0xFF, 0x55, 0x55, 0x55, 0x55,
    0x3F, 0xEB, 0xFF, 0xF5, 0x3F, 0xF9, 0x8F, 0xFC, 0x00, 0x00, 0xFF, 0xFF, 0x55, 0x55, 0x55, 0x55,
    0x09, 0x46, 0xB6, 0x1D, 0x20, 0xFF, 0xFF, 0xFF, 0x00, 0x00, 0xFF, 0xFF, 0x55, 0x55, 0x55, 0x55,
    0x40, 0xEA, 0xFA, 0x9F, 0xFF, 0xFF, 0xF3, 0x07, 0x00, 0x00, 0xFF, 0xFF, 0x55, 0x55, 0x55, 0x55,
    0x0F, 0xF6, 0x35, 0x32, 0xEB, 0xF0, 0x6E, 0xF3, 0x00, 0x00, 0xFF, 0xFF, 0x55, 0x55, 0x55, 0x55,
    0x13, 0xFF, 0x49, 0x90, 0xD4, 0x09, 0x9D, 0xCC, 0x00, 0x00, 0xFF, 0xFF, 0x55, 0x55, 0x55, 0x55,
    0x17, 0x00, 0x49, 0x90, 0x24, 0x49, 0x92, 0x24, 0x00, 0x00, 0xFF, 0xFF, 0x55, 0x55, 0x55, 0x55,
    0x69, 0xF7, 0xFF, 0xD3, 0xFF, 0xFB, 0x8F, 0xFF, 0x00, 0x00, 0xFF, 0xFF, 0x55, 0x55, 0x55, 0x55,
    0x0C, 0xAB, 0xF0, 0x2F, 0xFF, 0xF4, 0x1F, 0xFF, 0x00, 0x00, 0xFF, 0xFF, 0x55, 0x55, 0x55, 0x55,
    0xFF, 0x00, 0x40, 0x02, 0x24, 0x40, 0x02, 0x24, 0x00, 0x00, 0xFF, 0xFF, 0x55, 0x55, 0x55, 0x55,
    0xE1, 0x00, 0x89, 0x91, 0x24, 0x49, 0x92, 0x24, 0x00, 0x00, 0xFF, 0xFF, 0x55, 0x55, 0x55, 0x55,
    0x42, 0xF4, 0xFF, 0x2F, 0x36, 0xB6, 0x0D, 0x36, 0x00, 0x00, 0xFF, 0xFF, 0x55, 0x55, 0x55, 0x55,
    0x87, 0xFC, 0xFF, 0x9F, 0xA4, 0xB6, 0x9D, 0x12, 0x00, 0x00, 0xFF, 0xFF, 0x55, 0x55, 0x55, 0x55,
    0x1F, 0xFF, 0xA9, 0x5D, 0xDA, 0xB6, 0x0D, 0xDB, 0x00, 0x00, 0xFF, 0xFF, 0x55, 0x55, 0x55, 0x55,
    0x00, 0x01, 0x00, 0x00, 0x00, 0x00, 0x00, 0x00, 0x00, 0x00, 0xFF, 0xFF, 0x55, 0x55, 0x55, 0x55,
    0xFF, 0x00, 0x49, 0x12, 0x00, 0x01, 0x10, 0x00, 0x00, 0x00, 0xFF, 0xFF, 0x55, 0x55, 0x55, 0x55,
    0xFF, 0x00, 0x49, 0x02, 0x00, 0x00, 0x00, 0x00, 0x00, 0x00, 0xFF, 0xFF, 0x55, 0x55, 0x55, 0x55,
    0xFF, 0x00, 0x49, 0x02, 0x00, 0x00, 0x00, 0x00, 0x00, 0x00, 0xFF, 0xFF, 0x55, 0x55, 0x55, 0x55,
    0xFF, 0x00, 0x49, 0x12, 0x00, 0x01, 0x10, 0x00, 0x00, 0x00, 0xFF, 0xFF, 0x55, 0x55, 0x55, 0x55,
    0x1D, 0xFD, 0xB6, 0xFD, 0x07, 0xFF, 0xF5, 0x9F, 0x00, 0x00, 0xFF, 0xFF, 0x55, 0x55, 0x55, 0x55,
    0x00, 0x01, 0x00, 0x00, 0x00, 0x00, 0x00, 0x00, 0x00, 0x00, 0xFF, 0xFF, 0x55, 0x55, 0x55, 0x55,
    0xFF, 0x00, 0x49, 0x02, 0x20, 0x00, 0x02, 0x20, 0x00, 0x00, 0xFF, 0xFF, 0x55, 0x55, 0x55, 0x55,
    0xFF, 0x43, 0x01, 0x40, 0x00, 0x02, 0x00, 0x00, 0x00, 0x00, 0xFF, 0xFF, 0x55, 0x55, 0x55, 0x55,
    0x11, 0xCB, 0x7F, 0xFE, 0xFF, 0x04, 0x0F, 0xE3, 0x00, 0x00, 0xFF, 0xFF, 0x55, 0x55, 0x55, 0x55,
    0xFF, 0x00, 0x00, 0x02, 0x20, 0x00, 0x02, 0x20, 0x00, 0x00, 0xFF, 0xFF, 0x55, 0x55, 0x55, 0x55,
    0x63, 0xF9, 0xF8, 0x6F, 0x34, 0xB6, 0xFD, 0xFF, 0x00, 0x00, 0xFF, 0xFF, 0x55, 0x55, 0x55, 0x55,
    0x21, 0xEE, 0x7F, 0x12, 0xA2, 0xB6, 0xFD, 0x3F, 0x00, 0x00, 0xFF, 0xFF, 0x55, 0x55, 0x55, 0x55,
    0x3F, 0xF8, 0xFF, 0xFD, 0xDF, 0xB6, 0x9D, 0x52, 0x00, 0x00, 0xFF, 0xFF, 0x55, 0x55, 0x55, 0x55,
    0xFD, 0x00, 0x05, 0x90, 0x0A, 0x49, 0x92, 0x44, 0x00, 0x00, 0xFF, 0xFF, 0x55, 0x55, 0x55, 0x55,
    0x1E, 0xEA, 0x7F, 0x12, 0xA2, 0xB6, 0xFD, 0x5F, 0x00, 0x00, 0xFF, 0xFF, 0x55, 0x55, 0x55, 0x55,
    0x00, 0xFF, 0x49, 0x90, 0x04, 0x00, 0x00, 0x80, 0x00, 0x00, 0xFF, 0xFF, 0x55, 0x55, 0x55, 0x55,
    0xFD, 0x00, 0x31, 0x90, 0x9C, 0x49, 0x02, 0xA0, 0x00, 0x00, 0xFF, 0xFF, 0x55, 0x55, 0x55, 0x55,
    0xCD, 0xFE, 0xFF, 0x8F, 0xA6, 0xB6, 0xED, 0xFF, 0x00, 0x00, 0xFF, 0xFF, 0x55, 0x55, 0x55, 0x55,
    0x01, 0xFF, 0x49, 0x56, 0x0A, 0x00, 0x90, 0x00, 0x00, 0x00, 0xFF, 0xFF, 0x55, 0x55, 0x55, 0x55,
    0x41, 0xFD, 0xB6, 0x6F, 0xDB, 0xB6, 0xFD, 0xC0, 0x00, 0x00, 0xFF, 0xFF, 0x55, 0x55, 0x55, 0x55,
    0x42, 0xFD, 0xFF, 0x6D, 0xDB, 0xB6, 0x6D, 0x23, 0x00, 0x00, 0xFF, 0xFF, 0x55, 0x55, 0x55, 0x55,
    0xA4, 0xE1, 0xB6, 0x6D, 0xDB, 0x76, 0x7E, 0xE3, 0x00, 0x00, 0xFF, 0xFF, 0x55, 0x55, 0x55, 0x55,
    0x32, 0x6F, 0xB6, 0x6D, 0xDB, 0x3F, 0xFC, 0xC7, 0x00, 0x00, 0xFF, 0xFF, 0x55, 0x55, 0x55, 0x55,
    0x06, 0xF6, 0xB6, 0x6D, 0xDB, 0x76, 0x6F, 0xE4, 0x00, 0x00, 0xFF, 0xFF, 0x55, 0x55, 0x55, 0x55,
    0x00, 0x65, 0x00, 0x00, 0x00, 0x7F, 0xF1, 0x0B, 0x00, 0x00, 0xFF, 0xFF, 0x55, 0x55, 0x55, 0x55,
    0xFF, 0x00, 0x49, 0x02, 0x00, 0x00, 0x90, 0x24, 0x00, 0x00, 0xFF, 0xFF, 0x55, 0x55, 0x55, 0x55,
    0xFF, 0x00, 0x49, 0x02, 0x00, 0x00, 0x90, 0x24, 0x00, 0x00, 0xFF, 0xFF, 0x55, 0x55, 0x55, 0x55,
    0xFF, 0x00, 0x49, 0x02, 0x00, 0x00, 0x90, 0x24, 0x00, 0x00, 0xFF, 0xFF, 0x55, 0x55, 0x55, 0x55,
    0xB6, 0xD2, 0xB6, 0xF1, 0x3B, 0xBF, 0x6D, 0xDB, 0x00, 0x00, 0xFF, 0xFF, 0x55, 0x55, 0x55, 0x55,
    0x8D, 0xE0, 0x7F, 0xFC, 0xC3, 0xB6, 0x6D, 0xDB, 0x00, 0x00, 0xFF, 0xFF, 0x55, 0x55, 0x55, 0x55,
    0xB6, 0xD2, 0x36, 0x6E, 0xE7, 0xB6, 0x6D, 0xDB, 0x00, 0x00, 0xFF, 0xFF, 0x55, 0x55, 0x55, 0x55,
    0x8D, 0xE0, 0x8F, 0x7D, 0xD8, 0xB6, 0x6D, 0xDB, 0x00, 0x00, 0xFF, 0xFF, 0x55, 0x55, 0x55, 0x55,
    0x00, 0x01, 0x00, 0x00, 0x00, 0x00, 0x00, 0x00, 0x00, 0x00, 0xFF, 0xFF, 0x55, 0x55, 0x55, 0x55,
    0x00, 0x01, 0x00, 0x00, 0x00, 0x00, 0x00, 0x00, 0x00, 0x00, 0xFF, 0xFF, 0x55, 0x55, 0x55, 0x55,
    0x00, 0x01, 0x00, 0x00, 0x00, 0x00, 0x00, 0x00, 0x00, 0x00, 0xFF, 0xFF, 0x55, 0x55, 0x55, 0x55,
    0x00, 0x01, 0x00, 0x00, 0x00, 0x00, 0x00, 0x00, 0x00, 0x00, 0xFF, 0xFF, 0x55, 0x55, 0x55, 0x55,
    0x00, 0x01, 0x00, 0x00, 0x00, 0x00, 0x00, 0x00, 0x00, 0x00, 0xFF, 0xFF, 0x55, 0x55, 0x55, 0x55,
    0x00, 0x01, 0x00, 0x00, 0x00, 0x00, 0x00, 0x00, 0x00, 0x00, 0xFF, 0xFF, 0x55, 0x55, 0x55, 0x55,
    0x00, 0x01, 0x00, 0x00, 0x00, 0x00, 0x00, 0x00, 0x00, 0x00, 0xFF, 0xFF, 0x55, 0x55, 0x55, 0x55,
    0x00, 0x01, 0x00, 0x00, 0x00, 0x00, 0x00, 0x00, 0x00, 0x00, 0xFF, 0xFF, 0x55, 0x55, 0x55, 0x55,
    0x00, 0x01, 0x00, 0x00, 0x00, 0x00, 0x00, 0x00, 0x00, 0x00, 0xFF, 0xFF, 0x55, 0x55, 0x55, 0x55,
    0x00, 0x01, 0x00, 0x00, 0x00, 0x00, 0x00, 0x00, 0x00, 0x00, 0xFF, 0xFF, 0x55, 0x55, 0x55, 0x55,
    0x01, 0xF0, 0xE0, 0x8F, 0xFE, 0xC8, 0xAF, 0xFF, 0x00, 0x00, 0xFF, 0xFF, 0x55, 0x55, 0x55, 0x55,
    0x16, 0xDC, 0xFF, 0xFF, 0xFF, 0x87, 0x1D, 0xDB, 0x00, 0x00, 0xFF, 0xFF, 0x55, 0x55, 0x55, 0x55,
    0x17, 0xDD, 0xFF, 0xFF, 0xFF, 0xC6, 0x6F, 0xE7, 0x00, 0x00, 0xFF, 0xFF, 0x55, 0x55, 0x55, 0x55,
    0x00, 0xEF, 0x27, 0xF0, 0x02, 0x0F, 0xF0, 0x0B, 0x00, 0x00, 0xFF, 0xFF, 0x55, 0x55, 0x55, 0x55,
    0x1A, 0xEE, 0xFD, 0xBF, 0xFF, 0xC8, 0x6F, 0xE5, 0x00, 0x00, 0xFF, 0xFF, 0x55, 0x55, 0x55, 0x55,
    0x0C, 0xE2, 0xB3, 0x1D, 0x01, 0xFF, 0xFF, 0xFF, 0x00, 0x00, 0xFF, 0xFF, 0x55, 0x55, 0x55, 0x55,
    0x40, 0xE9, 0xD6, 0x8F, 0xFC, 0xFF, 0xFF, 0x3F, 0x00, 0x00, 0xFF, 0xFF, 0x55, 0x55, 0x55, 0x55,
    0x1B, 0xEA, 0xAF, 0xFD, 0xD9, 0x81, 0x23, 0xBB, 0x00, 0x00, 0xFF, 0xFF, 0x55, 0x55, 0x55, 0x55,
    0x19, 0xC1, 0x06, 0x63, 0xDB, 0xFF, 0xF1, 0x5F, 0x00, 0x00, 0xFF, 0xFF, 0x55, 0x55, 0x55, 0x55,
    0x0F, 0xF1, 0x49, 0x62, 0xDB, 0xB6, 0x6D, 0x1B, 0x00, 0x00, 0xFF, 0xFF, 0x55, 0x55, 0x55, 0x55,
    0x1C, 0xFF, 0x1D, 0x6C, 0xDB, 0x4D, 0x92, 0x24, 0x00, 0x00, 0xFF, 0xFF, 0x55, 0x55, 0x55, 0x55,
    0x5F, 0xE4, 0x76, 0x6E, 0xDB, 0xB0, 0x3D, 0xDB, 0x00, 0x00, 0xFF, 0xFF, 0x55, 0x55, 0x55, 0x55,
    0xFE, 0x00, 0xC0, 0x93, 0x24, 0x09, 0x90, 0x03, 0x00, 0x00, 0xFF, 0xFF, 0x55, 0x55, 0x55, 0x55,
    0xFF, 0x01, 0x49, 0x92, 0x24, 0x40, 0x02, 0x25, 0x00, 0x00, 0xFF, 0xFF, 0x55, 0x55, 0x55, 0x55,
    0x2D, 0xFF, 0x48, 0x62, 0xDB, 0xB6, 0x6D, 0xDB, 0x00, 0x00, 0xFF, 0xFF, 0x55, 0x55, 0x55, 0x55,
    0x09, 0xEC, 0xB1, 0x6D, 0xDB, 0x60, 0xC2, 0xFF, 0x00, 0x00, 0xFF, 0xFF, 0x55, 0x55, 0x55, 0x55,
    0x07, 0x93, 0xB6, 0x6D, 0xDB, 0x81, 0xFD, 0xD8, 0x00, 0x00, 0xFF, 0xFF, 0x55, 0x55, 0x55, 0x55,
    0x0F, 0xAF, 0x36, 0x62, 0xE7, 0xD6, 0xEF, 0xFE, 0x00, 0x00, 0xFF, 0xFF, 0x55, 0x55, 0x55, 0x55,
    0x12, 0xF8, 0xFF, 0xFF, 0xFF, 0xCF, 0xF0, 0xD9, 0x00, 0x00, 0xFF, 0xFF, 0x55, 0x55, 0x55, 0x55,
    0xFF, 0x03, 0x00, 0x00, 0x00, 0xB1, 0x90, 0x18, 0x00, 0x00, 0xFF, 0xFF, 0x55, 0x55, 0x55, 0x55,
    0x29, 0xF8, 0x91, 0xFD, 0xC0, 0x3F, 0xFD, 0xD7, 0x00, 0x00, 0xFF, 0xFF, 0x55, 0x55, 0x55, 0x55,
    0x00, 0x01, 0x00, 0x00, 0x00, 0x00, 0x00, 0x00, 0x00, 0x00, 0xFF, 0xFF, 0x55, 0x55, 0x55, 0x55,
    0xFF, 0x00, 0x01, 0x10, 0x00, 0x01, 0x10, 0x00, 0x00, 0x00, 0xFF, 0xFF, 0x55, 0x55, 0x55, 0x55,
    0xFF, 0x00, 0x48, 0x82, 0x24, 0x48, 0x82, 0x24, 0x00, 0x00, 0xFF, 0xFF, 0x55, 0x55, 0x55, 0x55,
    0x00, 0x01, 0x00, 0x00, 0x00, 0x00, 0x00, 0x00, 0x00, 0x00, 0xFF, 0xFF, 0x55, 0x55, 0x55, 0x55,
    0xFF, 0x00, 0x01, 0x10, 0x00, 0x01, 0x10, 0x00, 0x00, 0x00, 0xFF, 0xFF, 0x55, 0x55, 0x55, 0x55,
    0xFF, 0x27, 0x02, 0x44, 0x00, 0x06, 0x10, 0x00, 0x00, 0x00, 0xFF, 0xFF, 0x55, 0x55, 0x55, 0x55,
    0x2A, 0xD8, 0xB6, 0x0D, 0xDB, 0xB3, 0x5D, 0xDB, 0x00, 0x00, 0xFF, 0xFF, 0x55, 0x55, 0x55, 0x55,
    0xFF, 0x00, 0x00, 0x02, 0x20, 0x00, 0x02, 0x20, 0x00, 0x00, 0xFF, 0xFF, 0x55, 0x55, 0x55, 0x55,
    0xFE, 0xFF, 0x49, 0x92, 0x24, 0x49, 0x92, 0x24, 0x00, 0x00, 0xFF, 0xFF, 0x55, 0x55, 0x55, 0x55,
    0x01, 0x26, 0xB0, 0x6E, 0xE3, 0xF6, 0x6E, 0xF7, 0x00, 0x00, 0xFF, 0xFF, 0x55, 0x55, 0x55, 0x55,
    0xFF, 0x00, 0x00, 0x02, 0x20, 0x00, 0x02, 0x20, 0x00, 0x00, 0xFF, 0xFF, 0x55, 0x55, 0x55, 0x55,
    0xFE, 0xFF, 0x49, 0x92, 0x24, 0x49, 0x92, 0x24, 0x00, 0x00, 0xFF, 0xFF, 0x55, 0x55, 0x55, 0x55,
    0x00, 0x2A, 0xFF, 0xFF, 0xFF, 0x80, 0x0A, 0x00, 0x00, 0x00, 0xFF, 0xFF, 0x55, 0x55, 0x55, 0x55,
    0x46, 0xE6, 0xFF, 0xFF, 0xFF, 0xCA, 0x6F, 0xFC, 0x00, 0x00, 0xFF, 0xFF, 0x55, 0x55, 0x55, 0x55,
    0x10, 0xF8, 0x85, 0xF9, 0x59, 0xAF, 0xF1, 0xD8, 0x00, 0x00, 0xFF, 0xFF, 0x55, 0x55, 0x55, 0x55,
    0x85, 0xF8, 0xFF, 0xF1, 0x9F, 0xF9, 0xB3, 0xFF, 0x00, 0x00, 0xFF, 0xFF, 0x55, 0x55, 0x55, 0x55,
    0x19, 0xFF, 0xB6, 0x6B, 0x23, 0xB0, 0x22, 0x2F, 0x00, 0x00, 0xFF, 0xFF, 0x55, 0x55, 0x55, 0x55,
    0x06, 0xE7, 0xFF, 0xF5, 0x07, 0x7F, 0xFD, 0xCF, 0x00, 0x00, 0xFF, 0xFF, 0x55, 0x55, 0x55, 0x55,
    0xFF, 0x00, 0x49, 0x90, 0x04, 0x49, 0x90, 0x04, 0x00, 0x00, 0xFF, 0xFF, 0x55, 0x55, 0x55, 0x55,
    0x00, 0x01, 0x00, 0x00, 0x00, 0x00, 0x00, 0x00, 0x00, 0x00, 0xFF, 0xFF, 0x55, 0x55, 0x55, 0x55,
    0xF9, 0x00, 0x10, 0x03, 0x2A, 0x30, 0x8E, 0xA0, 0x00, 0x00, 0xFF, 0xFF, 0x55, 0x55, 0x55, 0x55,
    0xF4, 0x00, 0x09, 0x95, 0x88, 0x39, 0x9C, 0x22, 0x00, 0x00, 0xFF, 0xFF, 0x55, 0x55, 0x55, 0x55,
    0x01, 0xE6, 0xF7, 0x7E, 0xEB, 0x37, 0x72, 0xBB, 0x00, 0x00, 0xFF, 0xFF, 0x55, 0x55, 0x55, 0x55,
    0x00, 0xE4, 0x7F, 0xF1, 0x07, 0xFF, 0xF5, 0x7F, 0x00, 0x00, 0xFF, 0xFF, 0x55, 0x55, 0x55, 0x55,
    0xFE, 0x01, 0x31, 0x90, 0x02, 0x19, 0x10, 0x00, 0x00, 0x00, 0xFF, 0xFF, 0x55, 0x55, 0x55, 0x55,
    0x1C, 0xD8, 0x8F, 0x7D, 0xDA, 0x9F, 0x7D, 0xD8, 0x00, 0x00, 0xFF, 0xFF, 0x55, 0x55, 0x55, 0x55,
    0xFF, 0x00, 0x49, 0x92, 0x24, 0x00, 0x00, 0x00, 0x00, 0x00, 0xFF, 0xFF, 0x55, 0x55, 0x55, 0x55,
    0xFF, 0x00, 0x49, 0x92, 0x24, 0x00, 0x00, 0x00, 0x00, 0x00, 0xFF, 0xFF, 0x55, 0x55, 0x55, 0x55,
    0xFF, 0x00, 0x49, 0x92, 0x24, 0x00, 0x00, 0x00, 0x00, 0x00, 0xFF, 0xFF, 0x55, 0x55, 0x55, 0x55,
    0xFF, 0x00, 0x49, 0x92, 0x24, 0x40, 0x02, 0x24, 0x00, 0x00, 0xFF, 0xFF, 0x55, 0x55, 0x55, 0x55,
    0x00, 0x01, 0x00, 0x00, 0x00, 0x00, 0x00, 0x00, 0x00, 0x00, 0xFF, 0xFF, 0x55, 0x55, 0x55, 0x55,
    0x00, 0x01, 0x00, 0x00, 0x00, 0x00, 0x00, 0x00, 0x00, 0x00, 0xFF, 0xFF, 0x55, 0x55, 0x55, 0x55,
    0x00, 0x01, 0x00, 0x00, 0x00, 0x00, 0x00, 0x00, 0x00, 0x00, 0xFF, 0xFF, 0x55, 0x55, 0x55, 0x55,
    0x00, 0x01, 0x00, 0x00, 0x00, 0x00, 0x00, 0x00, 0x00, 0x00, 0xFF, 0xFF, 0x55, 0x55, 0x55, 0x55,
    0x00, 0x01, 0x00, 0x00, 0x00, 0x00, 0x00, 0x00, 0x00, 0x00, 0xFF, 0xFF, 0x55, 0x55, 0x55, 0x55,
    0x00, 0x01, 0x00, 0x00, 0x00, 0x00, 0x00, 0x00, 0x00, 0x00, 0xFF, 0xFF, 0x55, 0x55, 0x55, 0x55,
    0x00, 0x01, 0x00, 0x00, 0x00, 0x00, 0x00, 0x00, 0x00, 0x00, 0xFF, 0xFF, 0x55, 0x55, 0x55, 0x55,
    0x00, 0x01, 0x00, 0x00, 0x00, 0x00, 0x00, 0x00, 0x00, 0x00, 0xFF, 0xFF, 0x55, 0x55, 0x55, 0x55,
    0x00, 0x01, 0x00, 0x00, 0x00, 0x00, 0x00, 0x00, 0x00, 0x00, 0xFF, 0xFF, 0x55, 0x55, 0x55, 0x55,
    0x00, 0x01, 0x00, 0x00, 0x00, 0x00, 0x00, 0x00, 0x00, 0x00, 0xFF, 0xFF, 0x55, 0x55, 0x55, 0x55,
    0x00, 0x01, 0x00, 0x00, 0x00, 0x00, 0x00, 0x00, 0x00, 0x00, 0xFF, 0xFF, 0x55, 0x55, 0x55, 0x55,
    0x00, 0x01, 0x00, 0x00, 0x00, 0x00, 0x00, 0x00, 0x00, 0x00, 0xFF, 0xFF, 0x55, 0x55, 0x55, 0x55,
    0x00, 0x01, 0x00, 0x00, 0x00, 0x00, 0x00, 0x00, 0x00, 0x00, 0xFF, 0xFF, 0x55, 0x55, 0x55, 0x55,
    0x52, 0xE3, 0xFA, 0xCF, 0xFF, 0xF9, 0x6F, 0xDB, 0x00, 0x00, 0xFF, 0xFF, 0x55, 0x55, 0x55, 0x55,
    0x2D, 0xBE, 0xB5, 0x3D, 0xDB, 0xB0, 0x6D, 0xDB, 0x00, 0x00, 0xFF, 0xFF, 0x55, 0x55, 0x55, 0x55,
    0x10, 0xA2, 0x76, 0x6E, 0xF3, 0xB6, 0x6E, 0xDB, 0x00, 0x00, 0xFF, 0xFF, 0x55, 0x55, 0x55, 0x55,
    0x6E, 0xFF, 0x09, 0x9C, 0xCC, 0x49, 0x6D, 0xDB, 0x00, 0x00, 0xFF, 0xFF, 0x55, 0x55, 0x55, 0x55,
    0xB0, 0x00, 0xC9, 0x97, 0x24, 0x49, 0x92, 0x24, 0x00, 0x00, 0xFF, 0xFF, 0x55, 0x55, 0x55, 0x55,
    0xB3, 0xF8, 0x6A, 0x62, 0xDB, 0xFF, 0xFF, 0xFF, 0x00, 0x00, 0xFF, 0xFF, 0x55, 0x55, 0x55, 0x55,
    0x1F, 0xEC, 0xE9, 0x60, 0xDB, 0xF6, 0x6F, 0xFF, 0x00, 0x00, 0xFF, 0xFF, 0x55, 0x55, 0x55, 0x55,
    0x0F, 0x96, 0xB6, 0x63, 0x9B, 0xBF, 0xF7, 0x1B, 0x00, 0x00, 0xFF, 0xFF, 0x55, 0x55, 0x55, 0x55,
    0x5F, 0xFF, 0x49, 0x90, 0x44, 0x49, 0x96, 0x84, 0x00, 0x00, 0xFF, 0xFF, 0x55, 0x55, 0x55, 0x55,
    0x3E, 0xD7, 0xB6, 0x61, 0x7B, 0xB6, 0x69, 0x3B, 0x00, 0x00, 0xFF, 0xFF, 0x55, 0x55, 0x55, 0x55,
    0xFE, 0xFF, 0x49, 0x92, 0x24, 0x49, 0x92, 0x24, 0x00, 0x00, 0xFF, 0xFF, 0x55, 0x55, 0x55, 0x55,
    0x16, 0xFF, 0xB5, 0x1D, 0xD8, 0x91, 0x9D, 0xD9, 0x00, 0x00, 0xFF, 0xFF, 0x55, 0x55, 0x55, 0x55,
    0x00, 0xA3, 0xD8, 0x0F, 0xFE, 0xE8, 0x8F, 0xFC, 0x00, 0x00, 0xFF, 0xFF, 0x55, 0x55, 0x55, 0x55,
    0x32, 0xFF, 0xA1, 0x9D, 0xD9, 0x91, 0x1D, 0xD8, 0x00, 0x00, 0xFF, 0xFF, 0x55, 0x55, 0x55, 0x55,
    0x00, 0x01, 0x00, 0x00, 0x00, 0x00, 0x00, 0x00, 0x00, 0x00, 0xFF, 0xFF, 0x55, 0x55, 0x55, 0x55,
    0x0A, 0xF0, 0xB9, 0x94, 0x4B, 0xFC, 0x0F, 0x26, 0x00, 0x00, 0xFF, 0xFF, 0x55, 0x55, 0x55, 0x55,
    0x07, 0xF0, 0x8F, 0xFD, 0xD8, 0xA7, 0x4D, 0xD8, 0x00, 0x00, 0xFF, 0xFF, 0x55, 0x55, 0x55, 0x55,
    0xC7, 0xFC, 0xC6, 0x6F, 0xFE, 0xCE, 0xEF, 0xFF, 0x00, 0x00, 0xFF, 0xFF, 0x55, 0x55, 0x55, 0x55,
    0x03, 0x3F, 0xAF, 0x7D, 0xD9, 0x87, 0x7D, 0xDB, 0x00, 0x00, 0xFF, 0xFF, 0x55, 0x55, 0x55, 0x55,
    0x0E, 0xFF, 0x36, 0x62, 0x3B, 0xB6, 0x6D, 0xDB, 0x00, 0x00, 0xFF, 0xFF, 0x55, 0x55, 0x55, 0x55,
    0xF7, 0xFF, 0x09, 0x9C, 0xC4, 0xB6, 0x6D, 0xDB, 0x00, 0x00, 0xFF, 0xFF, 0x55, 0x55, 0x55, 0x55,
    0x00, 0x01, 0x00, 0x00, 0x00, 0x00, 0x00, 0x00, 0x00, 0x00, 0xFF, 0xFF, 0x55, 0x55, 0x55, 0x55,
    0xFF, 0x00, 0x01, 0x10, 0x00, 0x01, 0x10, 0x00, 0x00, 0x00, 0xFF, 0xFF, 0x55, 0x55, 0x55, 0x55,
    0xFF, 0x00, 0x48, 0x82, 0x24, 0x00, 0x00, 0x00, 0x00, 0x00, 0xFF, 0xFF, 0x55, 0x55, 0x55, 0x55,
    0xFF, 0x00, 0x49, 0x92, 0x24, 0x00, 0x00, 0x00, 0x00, 0x00, 0xFF, 0xFF, 0x55, 0x55, 0x55, 0x55,
    0xFF, 0x00, 0x01, 0x10, 0x00, 0x01, 0x10, 0x00, 0x00, 0x00, 0xFF, 0xFF, 0x55, 0x55, 0x55, 0x55,
    0xFF, 0x03, 0x11, 0x10, 0x02, 0x31, 0x90, 0x00, 0x00, 0x00, 0xFF, 0xFF, 0x55, 0x55, 0x55, 0x55,
    0xF9, 0x00, 0x48, 0x02, 0x27, 0x60, 0x02, 0x25, 0x00, 0x00, 0xFF, 0xFF, 0x55, 0x55, 0x55, 0x55,
    0xFF, 0x00, 0x00, 0x02, 0x20, 0x00, 0x02, 0x20, 0x00, 0x00, 0xFF, 0xFF, 0x55, 0x55, 0x55, 0x55,
    0x89, 0xFB, 0xFF, 0x9F, 0xFF, 0xFD, 0xBF, 0xFF, 0x00, 0x00, 0xFF, 0xFF, 0x55, 0x55, 0x55, 0x55,
    0x09, 0x93, 0xB0, 0x0E, 0xEF, 0x45, 0xFE, 0xFF, 0x00, 0x00, 0xFF, 0xFF, 0x55, 0x55, 0x55, 0x55,
    0xFF, 0x00, 0x00, 0x02, 0x20, 0x00, 0x02, 0x20, 0x00, 0x00, 0xFF, 0xFF, 0x55, 0x55, 0x55, 0x55,
    0xFE, 0xFF, 0x49, 0x92, 0x24, 0x49, 0x92, 0x24, 0x00, 0x00, 0xFF, 0xFF, 0x55, 0x55, 0x55, 0x55,
    0x01, 0x32, 0xB6, 0x6D, 0xDB, 0xB6, 0x6D, 0xA8, 0x00, 0x00, 0xFF, 0xFF, 0x55, 0x55, 0x55, 0x55,
    0x0D, 0xEA, 0xC6, 0x6F, 0xFC, 0xDE, 0xBF, 0xFC, 0x00, 0x00, 0xFF, 0xFF, 0x55, 0x55, 0x55, 0x55,
    0x56, 0xFF, 0x89, 0x9D, 0xDA, 0xA1, 0x1D, 0xD8, 0x00, 0x00, 0xFF, 0xFF, 0x55, 0x55, 0x55, 0x55,
    0x20, 0xD7, 0xFB, 0x8F, 0xFF, 0xCE, 0x6F, 0xFE, 0x00, 0x00, 0xFF, 0xFF, 0x55, 0x55, 0x55, 0x55,
    0xFD, 0x03, 0xCC, 0xA0, 0x00, 0x30, 0x00, 0x01, 0x00, 0x00, 0xFF, 0xFF, 0x55, 0x55, 0x55, 0x55,
    0x30, 0xE8, 0x3F, 0xFC, 0xD8, 0xA7, 0x7D, 0xD9, 0x00, 0x00, 0xFF, 0xFF, 0x55, 0x55, 0x55, 0x55,
    0xFF, 0x00, 0x49, 0x90, 0x04, 0x49, 0x90, 0x04, 0x00, 0x00, 0xFF, 0xFF, 0x55, 0x55, 0x55, 0x55,
    0x00, 0x01, 0x00, 0x00, 0x00, 0x00, 0x00, 0x00, 0x00, 0x00, 0xFF, 0xFF, 0x55, 0x55, 0x55, 0x55,
    0xFC, 0x00, 0xC8, 0x86, 0x14, 0xC8, 0x81, 0x44, 0x00, 0x00, 0xFF, 0xFF, 0x55, 0x55, 0x55, 0x55,
    0x17, 0xF6, 0x2E, 0x8D, 0xCC, 0x3C, 0xFC, 0xDA, 0x00, 0x00, 0xFF, 0xFF, 0x55, 0x55, 0x55, 0x55,
    0x05, 0x72, 0xB7, 0x73, 0x7B, 0xB7, 0x71, 0xDB, 0x00, 0x00, 0xFF, 0xFF, 0x55, 0x55, 0x55, 0x55,
    0xFF, 0xA0, 0x00, 0x02, 0x60, 0x02, 0x60, 0x00, 0x00, 0x00, 0xFF, 0xFF, 0x55, 0x55, 0x55, 0x55,
    0x34, 0xCC, 0xF8, 0xBF, 0xFF, 0xF9, 0xFF, 0xFF, 0x00, 0x00, 0xFF, 0xFF, 0x55, 0x55, 0x55, 0x55,
    0xE4, 0x01, 0x48, 0xB2, 0x24, 0x4D, 0xF2, 0x24, 0x00, 0x00, 0xFF, 0xFF, 0x55, 0x55, 0x55, 0x55,
    0xC3, 0xFF, 0xB6, 0xDD, 0x24, 0x4B, 0x82, 0x24, 0x00, 0x00, 0xFF, 0xFF, 0x55, 0x55, 0x55, 0x55,
    0xC6, 0xF5, 0xB6, 0x1D, 0x3B, 0xB3, 0x07, 0x1B, 0x00, 0x00, 0xFF, 0xFF, 0x55, 0x55, 0x55, 0x55,
    0xC5, 0xFF, 0xB6, 0x9D, 0xA4, 0x49, 0x96, 0x04, 0x00, 0x00, 0xFF, 0xFF, 0x55, 0x55, 0x55, 0x55,
    0x00, 0x01, 0x00, 0x00, 0x00, 0x00, 0x00, 0x00, 0x00, 0x00, 0xFF, 0xFF, 0x55, 0x55, 0x55, 0x55,
    0x00, 0x01, 0x00, 0x00, 0x00, 0x00, 0x00, 0x00, 0x00, 0x00, 0xFF, 0xFF, 0x55, 0x55, 0x55, 0x55,
    0x00, 0x01, 0x00, 0x00, 0x00, 0x00, 0x00, 0x00, 0x00, 0x00, 0xFF, 0xFF, 0x55, 0x55, 0x55, 0x55,
    0x00, 0x01, 0x00, 0x00, 0x00, 0x00, 0x00, 0x00, 0x00, 0x00, 0xFF, 0xFF, 0x55, 0x55, 0x55, 0x55,
    0x00, 0x01, 0x00, 0x00, 0x00, 0x00, 0x00, 0x00, 0x00, 0x00, 0xFF, 0xFF, 0x55, 0x55, 0x55, 0x55,
    0x00, 0x01, 0x00, 0x00, 0x00, 0x00, 0x00, 0x00, 0x00, 0x00, 0xFF, 0xFF, 0x55, 0x55, 0x55, 0x55,
    0x00, 0x01, 0x00, 0x00, 0x00, 0x00, 0x00, 0x00, 0x00, 0x00, 0xFF, 0xFF, 0x55, 0x55, 0x55, 0x55,
    0x00, 0x01, 0x00, 0x00, 0x00, 0x00, 0x00, 0x00, 0x00, 0x00, 0xFF, 0xFF, 0x55, 0x55, 0x55, 0x55,
    0x00, 0x01, 0x00, 0x00, 0x00, 0x00, 0x00, 0x00, 0x00, 0x00, 0xFF, 0xFF, 0x55, 0x55, 0x55, 0x55,
    0x00, 0x01, 0x00, 0x00, 0x00, 0x00, 0x00, 0x00, 0x00, 0x00, 0xFF, 0xFF, 0x55, 0x55, 0x55, 0x55,
    0x00, 0x01, 0x00, 0x00, 0x00, 0x00, 0x00, 0x00, 0x00, 0x00, 0xFF, 0xFF, 0x55, 0x55, 0x55, 0x55,
    0x00, 0x01, 0x00, 0x00, 0x00, 0x00, 0x00, 0x00, 0x00, 0x00, 0xFF, 0xFF, 0x55, 0x55, 0x55, 0x55,
    0x00, 0x01, 0x00, 0x00, 0x00, 0x00, 0x00, 0x00, 0x00, 0x00, 0xFF, 0xFF, 0x55, 0x55, 0x55, 0x55,
    0x00, 0x01, 0x00, 0x00, 0x00, 0x00, 0x00, 0x00, 0x00, 0x00, 0xFF, 0xFF, 0x55, 0x55, 0x55, 0x55,
    0x0B, 0xED, 0xB6, 0x0D, 0x26, 0xFC, 0x9F, 0x9F, 0x00, 0x00, 0xFF, 0xFF, 0x55, 0x55, 0x55, 0x55,
    0x10, 0xE9, 0xB6, 0x1D, 0xC2, 0x3F, 0xFD, 0xC7, 0x00, 0x00, 0xFF, 0xFF, 0x55, 0x55, 0x55, 0x55,
    0x12, 0x73, 0xB6, 0x6D, 0xDB, 0xB6, 0x61, 0x3B, 0x00, 0x00, 0xFF, 0xFF, 0x55, 0x55, 0x55, 0x55,
    0x17, 0xEE, 0x90, 0xC4, 0x9F, 0xF9, 0xF1, 0xD7, 0x00, 0x00, 0xFF, 0xFF, 0x55, 0x55, 0x55, 0x55,
    0x00, 0x01, 0x00, 0x00, 0x00, 0x00, 0x00, 0x00, 0x00, 0x00, 0xFF, 0xFF, 0x55, 0x55, 0x55, 0x55,
    0xFE, 0xFF, 0x49, 0x92, 0x24, 0x49, 0x92, 0x24, 0x00, 0x00, 0xFF, 0xFF, 0x55, 0x55, 0x55, 0x55,
    0xFF, 0x00, 0x09, 0x90, 0x00, 0x49, 0x92, 0x24, 0x00, 0x00, 0xFF, 0xFF, 0x55, 0x55, 0x55, 0x55,
    0xFF, 0x00, 0x40, 0x02, 0x24, 0x49, 0x92, 0x24, 0x00, 0x00, 0xFF, 0xFF, 0x55, 0x55, 0x55, 0x55,
    0xFE, 0x62, 0x02, 0x44, 0x00, 0x06, 0x10, 0x00, 0x00, 0x00, 0xFF, 0xFF, 0x55, 0x55, 0x55, 0x55,
    0xFF, 0x04, 0x49, 0x90, 0x1C, 0x4F, 0xE1, 0x10, 0x00, 0x00, 0xFF, 0xFF, 0x55, 0x55, 0x55, 0x55,
    0x6B, 0xE8, 0xFF, 0xFF, 0xFF, 0x7F, 0xFE, 0xE3, 0x00, 0x00, 0xFF, 0xFF, 0x55, 0x55, 0x55, 0x55,
    0x03, 0xEF, 0xAF, 0xFD, 0xC0, 0xBF, 0xFC, 0xCF, 0x00, 0x00, 0xFF, 0xFF, 0x55, 0x55, 0x55, 0x55,
    0x04, 0xEC, 0xEE, 0xEF, 0xFC, 0xF8, 0xAF, 0xFF, 0x00, 0x00, 0xFF, 0xFF, 0x55, 0x55, 0x55, 0x55,
    0xFA, 0x00, 0x48, 0xA2, 0x24, 0x4B, 0xC2, 0x24, 0x00, 0x00, 0xFF, 0xFF, 0x55, 0x55, 0x55, 0x55,
    0x2A, 0xF4, 0xB6, 0x6D, 0xDB, 0x36, 0x68, 0xE5, 0x00, 0x00, 0xFF, 0xFF, 0x55, 0x55, 0x55, 0x55,
    0xC8, 0xFD, 0xB6, 0x6D, 0xDB, 0x6A, 0xFA, 0xFF, 0x00, 0x00, 0xFF, 0xFF, 0x55, 0x55, 0x55, 0x55,
    0x1E, 0xE0, 0xB6, 0x6D, 0xDB, 0x21, 0xFC, 0x07, 0x00, 0x00, 0xFF, 0xFF, 0x55, 0x55, 0x55, 0x55,
    0xFF, 0x00, 0x01, 0x10, 0x00, 0x01, 0x10, 0x00, 0x00, 0x00, 0xFF, 0xFF, 0x55, 0x55, 0x55, 0x55,
    0xFF, 0x00, 0x48, 0x82, 0x24, 0x48, 0x82, 0x24, 0x00, 0x00, 0xFF, 0xFF, 0x55, 0x55, 0x55, 0x55,
    0xFF, 0x00, 0x49, 0x02, 0x00, 0x00, 0x00, 0x00, 0x00, 0x00, 0xFF, 0xFF, 0x55, 0x55, 0x55, 0x55,
    0xFF, 0x00, 0x49, 0x02, 0x20, 0x00, 0x02, 0x20, 0x00, 0x00, 0xFF, 0xFF, 0x55, 0x55, 0x55, 0x55,
    0x00, 0x01, 0x00, 0x00, 0x00, 0x00, 0x00, 0x00, 0x00, 0x00, 0xFF, 0xFF, 0x55, 0x55, 0x55, 0x55,
    0xFF, 0x00, 0x01, 0x10, 0x00, 0x01, 0x10, 0x00, 0x00, 0x00, 0xFF, 0xFF, 0x55, 0x55, 0x55, 0x55,
    0xFF, 0x00, 0x00, 0x80, 0x24, 0x48, 0x82, 0x24, 0x00, 0x00, 0xFF, 0xFF, 0x55, 0x55, 0x55, 0x55,
    0xFF, 0x00, 0x00, 0x90, 0x24, 0x49, 0x92, 0x24, 0x00, 0x00, 0xFF, 0xFF, 0x55, 0x55, 0x55, 0x55,
    0xFF, 0x00, 0x01, 0x10, 0x00, 0x01, 0x10, 0x00, 0x00, 0x00, 0xFF, 0xFF, 0x55, 0x55, 0x55, 0x55,
    0x03, 0xEC, 0x76, 0x6F, 0xF3, 0xB6, 0x6E, 0x23, 0x00, 0x00, 0xFF, 0xFF, 0x55, 0x55, 0x55, 0x55,
    0xFF, 0x07, 0x40, 0x02, 0x38, 0x00, 0x03, 0x28, 0x00, 0x00, 0xFF, 0xFF, 0x55, 0x55, 0x55, 0x55,
    0xFF, 0x00, 0x00, 0x02, 0x20, 0x00, 0x02, 0x20, 0x00, 0x00, 0xFF, 0xFF, 0x55, 0x55, 0x55, 0x55,
    0x52, 0xFE, 0xF8, 0x6F, 0x35, 0xB6, 0x6D, 0xDB, 0x00, 0x00, 0xFF, 0xFF, 0x55, 0x55, 0x55, 0x55,
    0x05, 0xDA, 0x7F, 0x1F, 0xE2, 0xB6, 0x6F, 0xFB, 0x00, 0x00, 0xFF, 0xFF, 0x55, 0x55, 0x55, 0x55,
    0xFF, 0x00, 0x00, 0x02, 0x20, 0x00, 0x02, 0x20, 0x00, 0x00, 0xFF, 0xFF, 0x55, 0x55, 0x55, 0x55,
    0xFE, 0xFF, 0x49, 0x92, 0x24, 0x49, 0x92, 0x24, 0x00, 0x00, 0xFF, 0xFF, 0x55, 0x55, 0x55, 0x55,
    0x00, 0x28, 0xFF, 0xFF, 0xFF, 0xFF, 0x0F, 0xA8, 0x00, 0x00, 0xFF, 0xFF, 0x55, 0x55, 0x55, 0x55,
    0xFE, 0x13, 0x00, 0x00, 0xEC, 0x00, 0x60, 0x01, 0x00, 0x00, 0xFF, 0xFF, 0x55, 0x55, 0x55, 0x55,
    0x04, 0x9E, 0xB5, 0x6D, 0xDB, 0x81, 0x7D, 0xDA, 0x00, 0x00, 0xFF, 0xFF, 0x55, 0x55, 0x55, 0x55,
    0xFC, 0x00, 0x31, 0x90, 0x00, 0xC9, 0x90, 0x14, 0x00, 0x00, 0xFF, 0xFF, 0x55, 0x55, 0x55, 0x55,
    0xFE, 0xFF, 0x49, 0x92, 0x24, 0x49, 0x92, 0x24, 0x00, 0x00, 0xFF, 0xFF, 0x55, 0x55, 0x55, 0x55,
    0xFF, 0x00, 0x78, 0xA2, 0x24, 0x4C, 0xE2, 0x24, 0x00, 0x00, 0xFF, 0xFF, 0x55, 0x55, 0x55, 0x55,
    0xFF, 0x00, 0x49, 0x90, 0x24, 0x01, 0x10, 0x00, 0x00, 0x00, 0xFF, 0xFF, 0x55, 0x55, 0x55, 0x55,
    0xFF, 0x00, 0x49, 0x92, 0x24, 0x08, 0x80, 0x00, 0x00, 0x00, 0xFF, 0xFF, 0x55, 0x55, 0x55, 0x55,
    0x88, 0xFF, 0xB1, 0x61, 0xDB, 0x89, 0x9D, 0xD8, 0x00, 0x00, 0xFF, 0xFF, 0x55, 0x55, 0x55, 0x55,
    0x88, 0xFF, 0x81, 0x6D, 0xDB, 0x4E, 0xE2, 0x24, 0x00, 0x00, 0xFF, 0xFF, 0x55, 0x55, 0x55, 0x55,
    0xFF, 0x00, 0x48, 0x92, 0x24, 0x48, 0x82, 0x24, 0x00, 0x00, 0xFF, 0xFF, 0x55, 0x55, 0x55, 0x55,
    0x10, 0xFA, 0xFB, 0xAF, 0xFF, 0xC8, 0xEF, 0xFE, 0x00, 0x00, 0xFF, 0xFF, 0x55, 0x55, 0x55, 0x55,
    0xFF, 0x37, 0x00, 0x04, 0x80, 0x00, 0x0C, 0x20, 0x00, 0x00, 0xFF, 0xFF, 0x55, 0x55, 0x55, 0x55,
    0x00, 0x01, 0x00, 0x00, 0x00, 0x00, 0x00, 0x00, 0x00, 0x00, 0xFF, 0xFF, 0x55, 0x55, 0x55, 0x55,
    0xFF, 0x64, 0x05, 0x60, 0x00, 0x07, 0x10, 0x00, 0x00, 0x00, 0xFF, 0xFF, 0x55, 0x55, 0x55, 0x55,
    0xAD, 0x00, 0x48, 0xA0, 0x44, 0x4B, 0xC6, 0x84, 0x00, 0x00, 0xFF, 0xFF, 0x55, 0x55, 0x55, 0x55,
    0xFF, 0x6A, 0x00, 0x0A, 0xC0, 0x00, 0x0E, 0x20, 0x00, 0x00, 0xFF, 0xFF, 0x55, 0x55, 0x55, 0x55,
    0x00, 0x01, 0x00, 0x00, 0x00, 0x00, 0x00, 0x00, 0x00, 0x00, 0xFF, 0xFF, 0x55, 0x55, 0x55, 0x55,
    0x00, 0x01, 0x00, 0x00, 0x00, 0x00, 0x00, 0x00, 0x00, 0x00, 0xFF, 0xFF, 0x55, 0x55, 0x55, 0x55,
    0x00, 0x01, 0x00, 0x00, 0x00, 0x00, 0x00, 0x00, 0x00, 0x00, 0xFF, 0xFF, 0x55, 0x55, 0x55, 0x55,
    0x00, 0x01, 0x00, 0x00, 0x00, 0x00, 0x00, 0x00, 0x00, 0x00, 0xFF, 0xFF, 0x55, 0x55, 0x55, 0x55,
    0x00, 0x01, 0x00, 0x00, 0x00, 0x00, 0x00, 0x00, 0x00, 0x00, 0xFF, 0xFF, 0x55, 0x55, 0x55, 0x55,
    0x00, 0x01, 0x00, 0x00, 0x00, 0x00, 0x00, 0x00, 0x00, 0x00, 0xFF, 0xFF, 0x55, 0x55, 0x55, 0x55,
    0x00, 0x01, 0x00, 0x00, 0x00, 0x00, 0x00, 0x00, 0x00, 0x00, 0xFF, 0xFF, 0x55, 0x55, 0x55, 0x55,
    0x00, 0x01, 0x00, 0x00, 0x00, 0x00, 0x00, 0x00, 0x00, 0x00, 0xFF, 0xFF, 0x55, 0x55, 0x55, 0x55,
    0x00, 0x01, 0x00, 0x00, 0x00, 0x00, 0x00, 0x00, 0x00, 0x00, 0xFF, 0xFF, 0x55, 0x55, 0x55, 0x55,
    0x00, 0x01, 0x00, 0x00, 0x00, 0x00, 0x00, 0x00, 0x00, 0x00, 0xFF, 0xFF, 0x55, 0x55, 0x55, 0x55,
    0x00, 0x01, 0x00, 0x00, 0x00, 0x00, 0x00, 0x00, 0x00, 0x00, 0xFF, 0xFF, 0x55, 0x55, 0x55, 0x55,
    0x00, 0x01, 0x00, 0x00, 0x00, 0x00, 0x00, 0x00, 0x00, 0x00, 0xFF, 0xFF, 0x55, 0x55, 0x55, 0x55,
    0x00, 0x01, 0x00, 0x00, 0x00, 0x00, 0x00, 0x00, 0x00, 0x00, 0xFF, 0xFF, 0x55, 0x55, 0x55, 0x55,
    0x00, 0x01, 0x00, 0x00, 0x00, 0x00, 0x00, 0x00, 0x00, 0x00, 0xFF, 0xFF, 0x55, 0x55, 0x55, 0x55,
    0x05, 0xFD, 0xF9, 0xF1, 0xDF, 0xFF, 0xFD, 0xDF, 0x00, 0x00, 0xFF, 0xFF, 0x55, 0x55, 0x55, 0x55,
    0xBB, 0xFE, 0x7F, 0xDC, 0xDF, 0xFB, 0x8D, 0xDF, 0x00, 0x00, 0xFF, 0xFF, 0x55, 0x55, 0x55, 0x55,
    0xFD, 0x00, 0x49, 0x94, 0x18, 0xC9, 0x90, 0x03, 0x00, 0x00, 0xFF, 0xFF, 0x55, 0x55, 0x55, 0x55,
    0xFE, 0x00, 0x80, 0x03, 0x25, 0x60, 0x82, 0x27, 0x00, 0x00, 0xFF, 0xFF, 0x55, 0x55, 0x55, 0x55,
    0x00, 0x01, 0x00, 0x00, 0x00, 0x00, 0x00, 0x00, 0x00, 0x00, 0xFF, 0xFF, 0x55, 0x55, 0x55, 0x55,
    0xFE, 0xFF, 0x49, 0x92, 0x24, 0x49, 0x92, 0x24, 0x00, 0x00, 0xFF, 0xFF, 0x55, 0x55, 0x55, 0x55,
    0x00, 0x01, 0x00, 0x00, 0x00, 0x00, 0x00, 0x00, 0x00, 0x00, 0xFF, 0xFF, 0x55, 0x55, 0x55, 0x55,
    0x00, 0x01, 0x00, 0x00, 0x00, 0x00, 0x00, 0x00, 0x00, 0x00, 0xFF, 0xFF, 0x55, 0x55, 0x55, 0x55,
    0x0D, 0xE1, 0xFA, 0x8F, 0xFF, 0xCE, 0xEF, 0xFE, 0x00, 0x00, 0xFF, 0xFF, 0x55, 0x55, 0x55, 0x55,
    0xFB, 0x02, 0x8D, 0xC0, 0x00, 0x3B, 0xA0, 0x02, 0x00, 0x00, 0xFF, 0xFF, 0x55, 0x55, 0x55, 0x55,
    0xFD, 0x00, 0xD0, 0x01, 0x46, 0x68, 0x88, 0xC7, 0x00, 0x00, 0xFF, 0xFF, 0x55, 0x55, 0x55, 0x55,
    0x1E, 0xFF, 0x09, 0x9D, 0xD4, 0x49, 0x90, 0x44, 0x00, 0x00, 0xFF, 0xFF, 0x55, 0x55, 0x55, 0x55,
    0x4A, 0xFB, 0xF8, 0xAF, 0xFF, 0xFB, 0xC3, 0xBF, 0x00, 0x00, 0xFF, 0xFF, 0x55, 0x55, 0x55, 0x55,
    0x08, 0x6F, 0xB5, 0x3D, 0xDB, 0xB0, 0x6D, 0xDB, 0x00, 0x00, 0xFF, 0xFF, 0x55, 0x55, 0x55, 0x55,
    0xD6, 0xFC, 0xC6, 0xEF, 0xFC, 0xB6, 0x6D, 0xDB, 0x00, 0x00, 0xFF, 0xFF, 0x55, 0x55, 0x55, 0x55,
    0x06, 0x6E, 0x0F, 0x7A, 0x18, 0xB6, 0x6D, 0xDB, 0x00, 0x00, 0xFF, 0xFF, 0x55, 0x55, 0x55, 0x55,
    0x8E, 0xFD, 0xFF, 0xF5, 0xBF, 0xFF, 0xF3, 0xFF, 0x00, 0x00, 0xFF, 0xFF, 0x55, 0x55, 0x55, 0x55,
    0xC6, 0xFF, 0x4E, 0xE2, 0x26, 0x66, 0x62, 0x24, 0x00, 0x00, 0xFF, 0xFF, 0x55, 0x55, 0x55, 0x55,
    0x06, 0x3A, 0xB7, 0x7D, 0xD8, 0x9F, 0xFD, 0xD8, 0x00, 0x00, 0xFF, 0xFF, 0x55, 0x55, 0x55, 0x55,
    0xFF, 0x00, 0x49, 0x90, 0x04, 0x49, 0x90, 0x04, 0x00, 0x00, 0xFF, 0xFF, 0x55, 0x55, 0x55, 0x55,
    0xFF, 0x00, 0x00, 0x02, 0x20, 0x00, 0x02, 0x20, 0x00, 0x00, 0xFF, 0xFF, 0x55, 0x55, 0x55, 0x55,
    0x00, 0x01, 0x00, 0x00, 0x00, 0x00, 0x00, 0x00, 0x00, 0x00, 0xFF, 0xFF, 0x55, 0x55, 0x55, 0x55,
    0xFF, 0x00, 0x01, 0x10, 0x00, 0x01, 0x10, 0x00, 0x00, 0x00, 0xFF, 0xFF, 0x55, 0x55, 0x55, 0x55,
    0xFF, 0x00, 0x48, 0x82, 0x24, 0x48, 0x82, 0x24, 0x00, 0x00, 0xFF, 0xFF, 0x55, 0x55, 0x55, 0x55,
    0x00, 0x01, 0x00, 0x00, 0x00, 0x00, 0x00, 0x00, 0x00, 0x00, 0xFF, 0xFF, 0x55, 0x55, 0x55, 0x55,
    0xFF, 0x00, 0x01, 0x10, 0x00, 0x01, 0x10, 0x00, 0x00, 0x00, 0xFF, 0xFF, 0x55, 0x55, 0x55, 0x55,
    0x22, 0xD0, 0xB6, 0x6B, 0x7B, 0xB6, 0x61, 0xDB, 0x00, 0x00, 0xFF, 0xFF, 0x55, 0x55, 0x55, 0x55,
    0xFD, 0x2B, 0x00, 0x02, 0xC0, 0x00, 0x26, 0x00, 0x00, 0x00, 0xFF, 0xFF, 0x55, 0x55, 0x55, 0x55,
    0xFF, 0x00, 0x00, 0x02, 0x20, 0x00, 0x02, 0x20, 0x00, 0x00, 0xFF, 0xFF, 0x55, 0x55, 0x55, 0x55,
    0x00, 0x01, 0x00, 0x00, 0x00, 0x00, 0x00, 0x00, 0x00, 0x00, 0xFF, 0xFF, 0x55, 0x55, 0x55, 0x55,
    0xFF, 0x00, 0x49, 0x90, 0x04, 0x49, 0x90, 0x04, 0x00, 0x00, 0xFF, 0xFF, 0x55, 0x55, 0x55, 0x55,
    0xFF, 0x00, 0x00, 0x02, 0x20, 0x00, 0x02, 0x20, 0x00, 0x00, 0xFF, 0xFF, 0x55, 0x55, 0x55, 0x55,
    0xFE, 0xFF, 0x49, 0x92, 0x24, 0x49, 0x92, 0x24, 0x00, 0x00, 0xFF, 0xFF, 0x55, 0x55, 0x55, 0x55,
    0x00, 0x01, 0x00, 0x00, 0x00, 0x00, 0x00, 0x00, 0x00, 0x00, 0xFF, 0xFF, 0x55, 0x55, 0x55, 0x55,
    0x05, 0x4F, 0xCE, 0x6F, 0xFD, 0xC6, 0xEF, 0xFD, 0x00, 0x00, 0xFF, 0xFF, 0x55, 0x55, 0x55, 0x55,
    0xAE, 0xF8, 0x97, 0xFD, 0xDA, 0x8F, 0xFD, 0xD8, 0x00, 0x00, 0xFF, 0xFF, 0x55, 0x55, 0x55, 0x55,
    0x1A, 0xFD, 0x36, 0x62, 0xBB, 0xB6, 0x69, 0xBB, 0x00, 0x00, 0xFF, 0xFF, 0x55, 0x55, 0x55, 0x55,
    0x46, 0xF8, 0xFF, 0xF3, 0xBF, 0xFF, 0xF7, 0x1F, 0x00, 0x00, 0xFF, 0xFF, 0x55, 0x55, 0x55, 0x55,
    0x12, 0x00, 0x48, 0x92, 0x24, 0x49, 0x92, 0x24, 0x00, 0x00, 0xFF, 0xFF, 0x55, 0x55, 0x55, 0x55,
    0xFF, 0x00, 0x01, 0x10, 0x00, 0x49, 0x92, 0x24, 0x00, 0x00, 0xFF, 0xFF, 0x55, 0x55, 0x55, 0x55,
    0xFF, 0x00, 0x08, 0x80, 0x00, 0x09, 0x90, 0x00, 0x00, 0x00, 0xFF, 0xFF, 0x55, 0x55, 0x55, 0x55,
    0xFF, 0x00, 0x40, 0x02, 0x24, 0x40, 0x02, 0x24, 0x00, 0x00, 0xFF, 0xFF, 0x55, 0x55, 0x55, 0x55,
    0xFF, 0x00, 0x01, 0x10, 0x00, 0x01, 0x10, 0x00, 0x00, 0x00, 0xFF, 0xFF, 0x55, 0x55, 0x55, 0x55,
    0xFF, 0x00, 0x48, 0x82, 0x24, 0x48, 0x82, 0x24, 0x00, 0x00, 0xFF, 0xFF, 0x55, 0x55, 0x55, 0x55,
    0x87, 0xFF, 0x46, 0x62, 0xDB, 0xB6, 0x6D, 0xDB, 0x00, 0x00, 0xFF, 0xFF, 0x55, 0x55, 0x55, 0x55,
    0x03, 0xF2, 0x7F, 0x60, 0xDB, 0xBF, 0xFD, 0xDB, 0x00, 0x00, 0xFF, 0xFF, 0x55, 0x55, 0x55, 0x55,
    0x00, 0x01, 0x00, 0x00, 0x00, 0x00, 0x00, 0x00, 0x00, 0x00, 0xFF, 0xFF, 0x55, 0x55, 0x55, 0x55,
    0x48, 0xFF, 0x48, 0x62, 0xDB, 0xB6, 0x6D, 0xDB, 0x00, 0x00, 0xFF, 0xFF, 0x55, 0x55, 0x55, 0x55,
    0x48, 0x4F, 0xB1, 0x61, 0xDB, 0xB6, 0x6D, 0xDB, 0x00, 0x00, 0xFF, 0xFF, 0x55, 0x55, 0x55, 0x55,
    0x4F, 0xFF, 0x49, 0x60, 0xDB, 0xB6, 0x6D, 0xDB, 0x00, 0x00, 0xFF, 0xFF, 0x55, 0x55, 0x55, 0x55,
    0x00, 0x01, 0x00, 0x00, 0x00, 0x00, 0x00, 0x00, 0x00, 0x00, 0xFF, 0xFF, 0x55, 0x55, 0x55, 0x55,
    0x00, 0x01, 0x00, 0x00, 0x00, 0x00, 0x00, 0x00, 0x00, 0x00, 0xFF, 0xFF, 0x55, 0x55, 0x55, 0x55,
    0x00, 0x01, 0x00, 0x00, 0x00, 0x00, 0x00, 0x00, 0x00, 0x00, 0xFF, 0xFF, 0x55, 0x55, 0x55, 0x55,
    0x00, 0x01, 0x00, 0x00, 0x00, 0x00, 0x00, 0x00, 0x00, 0x00, 0xFF, 0xFF, 0x55, 0x55, 0x55, 0x55,
    0x00, 0x01, 0x00, 0x00, 0x00, 0x00, 0x00, 0x00, 0x00, 0x00, 0xFF, 0xFF, 0x55, 0x55, 0x55, 0x55,
    0x00, 0x01, 0x00, 0x00, 0x00, 0x00, 0x00, 0x00, 0x00, 0x00, 0xFF, 0xFF, 0x55, 0x55, 0x55, 0x55,
    0x00, 0x01, 0x00, 0x00, 0x00, 0x00, 0x00, 0x00, 0x00, 0x00, 0xFF, 0xFF, 0x55, 0x55, 0x55, 0x55,
    0x00, 0x01, 0x00, 0x00, 0x00, 0x00, 0x00, 0x00, 0x00, 0x00, 0xFF, 0xFF, 0x55, 0x55, 0x55, 0x55,
    0x00, 0x01, 0x00, 0x00, 0x00, 0x00, 0x00, 0x00, 0x00, 0x00, 0xFF, 0xFF, 0x55, 0x55, 0x55, 0x55,
    0x00, 0x01, 0x00, 0x00, 0x00, 0x00, 0x00, 0x00, 0x00, 0x00, 0xFF, 0xFF, 0x55, 0x55, 0x55, 0x55,
    0x00, 0x01, 0x00, 0x00, 0x00, 0x00, 0x00, 0x00, 0x00, 0x00, 0xFF, 0xFF, 0x55, 0x55, 0x55, 0x55,
    0x00, 0x01, 0x00, 0x00, 0x00, 0x00, 0x00, 0x00, 0x00, 0x00, 0xFF, 0xFF, 0x55, 0x55, 0x55, 0x55,
    0x00, 0x01, 0x00, 0x00, 0x00, 0x00, 0x00, 0x00, 0x00, 0x00, 0xFF, 0xFF, 0x55, 0x55, 0x55, 0x55,
    0x00, 0x01, 0x00, 0x00, 0x00, 0x00, 0x00, 0x00, 0x00, 0x00, 0xFF, 0xFF, 0x55, 0x55, 0x55, 0x55,
    0xFF, 0x05, 0x00, 0x02, 0x20, 0x02, 0x4A, 0x00, 0x00, 0x00, 0xFF, 0xFF, 0x55, 0x55, 0x55, 0x55,
    0x8F, 0xF3, 0xFA, 0xAD, 0xC7, 0x7D, 0xFD, 0xC3, 0x00, 0x00, 0xFF, 0xFF, 0x55, 0x55, 0x55, 0x55,
    0x08, 0xE2, 0xE6, 0x8F, 0xFC, 0xFB, 0xD3, 0x7F, 0x00, 0x00, 0xFF, 0xFF, 0x55, 0x55, 0x55, 0x55,
    0xFF, 0x01, 0x4B, 0xE2, 0x24, 0x49, 0x12, 0x0A, 0x00, 0x00, 0xFF, 0xFF, 0x55, 0x55, 0x55, 0x55,
    0x0E, 0xEA, 0xB6, 0x6D, 0xDB, 0xB6, 0x1D, 0xC2, 0x00, 0x00, 0xFF, 0xFF, 0x55, 0x55, 0x55, 0x55,
    0xFE, 0xFF, 0x49, 0x92, 0x24, 0x49, 0x92, 0x24, 0x00, 0x00, 0xFF, 0xFF, 0x55, 0x55, 0x55, 0x55,
    0x25, 0x7E, 0xC6, 0xEF, 0xFD, 0xE6, 0xEF, 0xFC, 0x00, 0x00, 0xFF, 0xFF, 0x55, 0x55, 0x55, 0x55,
    0xFF, 0x03, 0x50, 0x02, 0x26, 0x70, 0x82, 0x24, 0x00, 0x00, 0xFF, 0xFF, 0x55, 0x55, 0x55, 0x55,
    0x03, 0xF5, 0xE6, 0xEF, 0xFD, 0xD6, 0x6F, 0xE4, 0x00, 0x00, 0xFF, 0xFF, 0x55, 0x55, 0x55, 0x55,
    0x7C, 0xF4, 0xD1, 0xFF, 0xFE, 0xFF, 0xFF, 0xFF, 0x00, 0x00, 0xFF, 0xFF, 0x55, 0x55, 0x55, 0x55,
    0xEC, 0x01, 0x48, 0xB2, 0x24, 0x4C, 0xE2, 0x24, 0x00, 0x00, 0xFF, 0xFF, 0x55, 0x55, 0x55, 0x55,
    0xFE, 0x3E, 0x00, 0x3A, 0x60, 0x06, 0x10, 0x00, 0x00, 0x00, 0xFF, 0xFF, 0x55, 0x55, 0x55, 0x55,
    0x33, 0xF9, 0xFD, 0x99, 0x7F, 0xFF, 0xF5, 0x1F, 0x00, 0x00, 0xFF, 0xFF, 0x55, 0x55, 0x55, 0x55,
    0x00, 0x01, 0x00, 0x00, 0x00, 0x00, 0x00, 0x00, 0x00, 0x00, 0xFF, 0xFF, 0x55, 0x55, 0x55, 0x55,
    0x00, 0xEA, 0x80, 0x08, 0xE5, 0xE8, 0x8F, 0xFC, 0x00, 0x00, 0xFF, 0xFF, 0x55, 0x55, 0x55, 0x55,
    0x0F, 0xFA, 0x4D, 0xFE, 0xFF, 0xFF, 0xFF, 0x01, 0x00, 0x00, 0xFF, 0xFF, 0x55, 0x55, 0x55, 0x55,
    0xFE, 0xFF, 0x49, 0x92, 0x24, 0x49, 0x92, 0x24, 0x00, 0x00, 0xFF, 0xFF, 0x55, 0x55, 0x55, 0x55,
    0xFF, 0x02, 0x21, 0x10, 0x03, 0x89, 0x90, 0x5C, 0x00, 0x00, 0xFF, 0xFF, 0x55, 0x55, 0x55, 0x55,
    0x18, 0xFA, 0x9F, 0xFD, 0x0C, 0xFF, 0xFF, 0xFF, 0x00, 0x00, 0xFF, 0xFF, 0x55, 0x55, 0x55, 0x55,
    0x02, 0x46, 0xB6, 0x8F, 0xE5, 0xFF, 0xFF, 0xFF, 0x00, 0x00, 0xFF, 0xFF, 0x55, 0x55, 0x55, 0x55,
    0xFF, 0x00, 0x00, 0x02, 0x20, 0x00, 0x02, 0x20, 0x00, 0x00, 0xFF, 0xFF, 0x55, 0x55, 0x55, 0x55,
    0x00, 0x01, 0x00, 0x00, 0x00, 0x00, 0x00, 0x00, 0x00, 0x00, 0xFF, 0xFF, 0x55, 0x55, 0x55, 0x55,
    0xFF, 0x00, 0x01, 0x10, 0x00, 0x01, 0x90, 0x24, 0x00, 0x00, 0xFF, 0xFF, 0x55, 0x55, 0x55, 0x55,
    0xFF, 0x00, 0x00, 0x00, 0x00, 0x00, 0x90, 0x24, 0x00, 0x00, 0xFF, 0xFF, 0x55, 0x55, 0x55, 0x55,
    0xFF, 0x00, 0x00, 0x00, 0x00, 0x00, 0x90, 0x24, 0x00, 0x00, 0xFF, 0xFF, 0x55, 0x55, 0x55, 0x55,
    0xFF, 0x00, 0x01, 0x10, 0x00, 0x01, 0x90, 0x24, 0x00, 0x00, 0xFF, 0xFF, 0x55, 0x55, 0x55, 0x55,
    0x00, 0x01, 0x00, 0x00, 0x00, 0x00, 0x00, 0x00, 0x00, 0x00, 0xFF, 0xFF, 0x55, 0x55, 0x55, 0x55,
    0xFF, 0x04, 0x04, 0x60, 0x00, 0x01, 0x90, 0x24, 0x00, 0x00, 0xFF, 0xFF, 0x55, 0x55, 0x55, 0x55,
    0xFF, 0x00, 0x00, 0x02, 0x20, 0x00, 0x92, 0x24, 0x00, 0x00, 0xFF, 0xFF, 0x55, 0x55, 0x55, 0x55,
    0x45, 0xFF, 0xB6, 0x6D, 0x1B, 0x36, 0x62, 0x33, 0x00, 0x00, 0xFF, 0xFF, 0x55, 0x55, 0x55, 0x55,
    0x0B, 0xF6, 0xB6, 0xDD, 0x24, 0xFF, 0xFF, 0x0F, 0x00, 0x00, 0xFF, 0xFF, 0x55, 0x55, 0x55, 0x55,
    0x00, 0x01, 0x00, 0x00, 0x00, 0x00, 0x00, 0x00, 0x00, 0x00, 0xFF, 0xFF, 0x55, 0x55, 0x55, 0x55,
    0xFE, 0xFF, 0x49, 0x92, 0x24, 0x49, 0x92, 0x24, 0x00, 0x00, 0xFF, 0xFF, 0x55, 0x55, 0x55, 0x55,
    0x00, 0x1F, 0x00, 0x00, 0x28, 0xFF, 0xFF, 0xFF, 0x00, 0x00, 0xFF, 0xFF, 0x55, 0x55, 0x55, 0x55,
    0x66, 0xEF, 0xC6, 0x8F, 0xFC, 0xFF, 0xFF, 0xFF, 0x00, 0x00, 0xFF, 0xFF, 0x55, 0x55, 0x55, 0x55,
    0x4F, 0xDE, 0x8F, 0x7D, 0xDA, 0x87, 0x4D, 0xDB, 0x00, 0x00, 0xFF, 0xFF, 0x55, 0x55, 0x55, 0x55,
    0xFF, 0x03, 0x49, 0x90, 0x18, 0x09, 0x91, 0x08, 0x00, 0x00, 0xFF, 0xFF, 0x55, 0x55, 0x55, 0x55,
    0x11, 0xF9, 0x7F, 0xF0, 0xD7, 0xFF, 0xFC, 0xCB, 0x00, 0x00, 0xFF, 0xFF, 0x55, 0x55, 0x55, 0x55,
    0x00, 0x01, 0x00, 0x00, 0x00, 0x00, 0x00, 0x00, 0x00, 0x00, 0xFF, 0xFF, 0x55, 0x55, 0x55, 0x55,
    0x00, 0x01, 0x00, 0x00, 0x00, 0x00, 0x00, 0x00, 0x00, 0x00, 0xFF, 0xFF, 0x55, 0x55, 0x55, 0x55,
    0xFF, 0x00, 0x09, 0x90, 0x00, 0x09, 0x90, 0x00, 0x00, 0x00, 0xFF, 0xFF, 0x55, 0x55, 0x55, 0x55,
    0xFF, 0x00, 0x40, 0x02, 0x24, 0x40, 0x02, 0x24, 0x00, 0x00, 0xFF, 0xFF, 0x55, 0x55, 0x55, 0x55,
    0xFF, 0x00, 0x01, 0x10, 0x00, 0x01, 0x10, 0x00, 0x00, 0x00, 0xFF, 0xFF, 0x55, 0x55, 0x55, 0x55,
    0xFF, 0x00, 0x48, 0x82, 0x24, 0x48, 0x82, 0x24, 0x00, 0x00, 0xFF, 0xFF, 0x55, 0x55, 0x55, 0x55,
    0x00, 0x01, 0x00, 0x00, 0x00, 0x00, 0x00, 0x00, 0x00, 0x00, 0xFF, 0xFF, 0x55, 0x55, 0x55, 0x55,
    0xFF, 0x00, 0x40, 0x02, 0x24, 0x40, 0x02, 0x24, 0x00, 0x00, 0xFF, 0xFF, 0x55, 0x55, 0x55, 0x55,
    0x00, 0x01, 0x00, 0x00, 0x00, 0x00, 0x00, 0x00, 0x00, 0x00, 0xFF, 0xFF, 0x55, 0x55, 0x55, 0x55,
    0x00, 0x01, 0x00, 0x00, 0x00, 0x00, 0x00, 0x00, 0x00, 0x00, 0xFF, 0xFF, 0x55, 0x55, 0x55, 0x55,
    0x00, 0x01, 0x00, 0x00, 0x00, 0x00, 0x00, 0x00, 0x00, 0x00, 0xFF, 0xFF, 0x55, 0x55, 0x55, 0x55,
    0x00, 0x01, 0x00, 0x00, 0x00, 0x00, 0x00, 0x00, 0x00, 0x00, 0xFF, 0xFF, 0x55, 0x55, 0x55, 0x55,
    0x00, 0x01, 0x00, 0x00, 0x00, 0x00, 0x00, 0x00, 0x00, 0x00, 0xFF, 0xFF, 0x55, 0x55, 0x55, 0x55,
    0x00, 0x01, 0x00, 0x00, 0x00, 0x00, 0x00, 0x00, 0x00, 0x00, 0xFF, 0xFF, 0x55, 0x55, 0x55, 0x55,
    0x00, 0x01, 0x00, 0x00, 0x00, 0x00, 0x00, 0x00, 0x00, 0x00, 0xFF, 0xFF, 0x55, 0x55, 0x55, 0x55,
    0x00, 0x01, 0x00, 0x00, 0x00, 0x00, 0x00, 0x00, 0x00, 0x00, 0xFF, 0xFF, 0x55, 0x55, 0x55, 0x55,
    0x00, 0x01, 0x00, 0x00, 0x00, 0x00, 0x00, 0x00, 0x00, 0x00, 0xFF, 0xFF, 0x55, 0x55, 0x55, 0x55,
    0x00, 0x01, 0x00, 0x00, 0x00, 0x00, 0x00, 0x00, 0x00, 0x00, 0xFF, 0xFF, 0x55, 0x55, 0x55, 0x55,
    0x00, 0x01, 0x00, 0x00, 0x00, 0x00, 0x00, 0x00, 0x00, 0x00, 0xFF, 0xFF, 0x55, 0x55, 0x55, 0x55,
    0x00, 0x01, 0x00, 0x00, 0x00, 0x00, 0x00, 0x00, 0x00, 0x00, 0xFF, 0xFF, 0x55, 0x55, 0x55, 0x55,
    0x00, 0x01, 0x00, 0x00, 0x00, 0x00, 0x00, 0x00, 0x00, 0x00, 0xFF, 0xFF, 0x55, 0x55, 0x55, 0x55,
    0x00, 0x01, 0x00, 0x00, 0x00, 0x00, 0x00, 0x00, 0x00, 0x00, 0xFF, 0xFF, 0x55, 0x55, 0x55, 0x55,
    0x00, 0x01, 0x00, 0x00, 0x00, 0x00, 0x00, 0x00, 0x00, 0x00, 0xFF, 0xFF, 0x55, 0x55, 0x55, 0x55,
    0x00, 0x01, 0x00, 0x00, 0x00, 0x00, 0x00, 0x00, 0x00, 0x00, 0xFF, 0xFF, 0x55, 0x55, 0x55, 0x55,
    0x00, 0x01, 0x00, 0x00, 0x00, 0x00, 0x00, 0x00, 0x00, 0x00, 0xFF, 0xFF, 0x55, 0x55, 0x55, 0x55,
    0x00, 0x01, 0x00, 0x00, 0x00, 0x00, 0x00, 0x00, 0x00, 0x00, 0xFF, 0xFF, 0x55, 0x55, 0x55, 0x55,
    0x13, 0xF5, 0x60, 0x62, 0xDB, 0xB6, 0x6D, 0xDB, 0x00, 0x00, 0xFF, 0xFF, 0x55, 0x55, 0x55, 0x55,
    0x0A, 0xF0, 0x21, 0x64, 0x9B, 0x36, 0x62, 0xEF, 0x00, 0x00, 0xFF, 0xFF, 0x55, 0x55, 0x55, 0x55,
    0x0B, 0xF6, 0x7F, 0xF0, 0xD3, 0xBF, 0xFC, 0xDA, 0x00, 0x00, 0xFF, 0xFF, 0x55, 0x55, 0x55, 0x55,
    0xFF, 0x08, 0x04, 0x20, 0xA0, 0x00, 0x02, 0x20, 0x00, 0x00, 0xFF, 0xFF, 0x55, 0x55, 0x55, 0x55,
    0x96, 0xFC, 0x3F, 0xFC, 0xD7, 0x7F, 0xFC, 0xDF, 0x00, 0x00, 0xFF, 0xFF, 0x55, 0x55, 0x55, 0x55,
    0xFE, 0xFF, 0x49, 0x92, 0x24, 0x49, 0x92, 0x24, 0x00, 0x00, 0xFF, 0xFF, 0x55, 0x55, 0x55, 0x55,
    0x98, 0xF4, 0xC6, 0xEF, 0xFD, 0xE6, 0xEF, 0x3C, 0x00, 0x00, 0xFF, 0xFF, 0x55, 0x55, 0x55, 0x55,
    0xC8, 0x01, 0x48, 0xB2, 0x24, 0x4E, 0x92, 0x24, 0x00, 0x00, 0xFF, 0xFF, 0x55, 0x55, 0x55, 0x55,
    0x00, 0xDD, 0x40, 0x0E, 0xF4, 0x00, 0x0F, 0xEC, 0x00, 0x00, 0xFF, 0xFF, 0x55, 0x55, 0x55, 0x55,
    0xFE, 0x59, 0x00, 0x00, 0x60, 0x00, 0x0C, 0x20, 0x00, 0x00, 0xFF, 0xFF, 0x55, 0x55, 0x55, 0x55,
    0x09, 0x00, 0x48, 0x92, 0x24, 0x49, 0x92, 0x24, 0x00, 0x00, 0xFF, 0xFF, 0x55, 0x55, 0x55, 0x55,
    0xFE, 0x03, 0x01, 0x90, 0x01, 0x29, 0x90, 0x03, 0x00, 0x00, 0xFF, 0xFF, 0x55, 0x55, 0x55, 0x55,
    0xFD, 0x00, 0x00, 0x02, 0x28, 0xC0, 0x02, 0x30, 0x00, 0x00, 0xFF, 0xFF, 0x55, 0x55, 0x55, 0x55,
    0x00, 0x01, 0x00, 0x00, 0x00, 0x00, 0x00, 0x00, 0x00, 0x00, 0xFF, 0xFF, 0x55, 0x55, 0x55, 0x55,
    0x48, 0xFD, 0xCE, 0xEF, 0xFC, 0xEE, 0x6F, 0xFD, 0x00, 0x00, 0xFF, 0xFF, 0x55, 0x55, 0x55, 0x55,
    0x08, 0xE0, 0x87, 0x71, 0x81, 0xFF, 0xFF, 0x3F, 0x00, 0x00, 0xFF, 0xFF, 0x55, 0x55, 0x55, 0x55,
    0xFF, 0xEF, 0x00, 0x00, 0x00, 0x00, 0x10, 0x00, 0x00, 0x00, 0xFF, 0xFF, 0x55, 0x55, 0x55, 0x55,
    0x0E, 0x00, 0x49, 0x90, 0x24, 0x49, 0x92, 0x24, 0x00, 0x00, 0xFF, 0xFF, 0x55, 0x55, 0x55, 0x55,
    0x73, 0xFF, 0x60, 0x63, 0xDB, 0xB6, 0x6D, 0xDB, 0x00, 0x00, 0xFF, 0xFF, 0x55, 0x55, 0x55, 0x55,
    0xC3, 0xFC, 0xE9, 0x60, 0xDB, 0xB6, 0x6D, 0xDB, 0x00, 0x00, 0xFF, 0xFF, 0x55, 0x55, 0x55, 0x55,
    0x24, 0x9E, 0xA1, 0x6C, 0xDB, 0xFF, 0xFF, 0xFF, 0x00, 0x00, 0xFF, 0xFF, 0x55, 0x55, 0x55, 0x55,
    0xFF, 0x00, 0x01, 0x10, 0x00, 0x01, 0x90, 0x24, 0x00, 0x00, 0xFF, 0xFF, 0x55, 0x55, 0x55, 0x55,
    0xFF, 0x00, 0x00, 0x00, 0x00, 0x00, 0x90, 0x00, 0x00, 0x00, 0xFF, 0xFF, 0x55, 0x55, 0x55, 0x55,
    0xFF, 0x00, 0x00, 0x00, 0x00, 0x00, 0x00, 0x24, 0x00, 0x00, 0xFF, 0xFF, 0x55, 0x55, 0x55, 0x55,
    0xFF, 0x00, 0x00, 0x02, 0x20, 0x00, 0x92, 0x24, 0x00, 0x00, 0xFF, 0xFF, 0x55, 0x55, 0x55, 0x55,
    0xFE, 0xFF, 0x49, 0x92, 0x24, 0x49, 0x92, 0x24, 0x00, 0x00, 0xFF, 0xFF, 0x55, 0x55, 0x55, 0x55,
    0x00, 0x01, 0x00, 0x00, 0x00, 0x00, 0x00, 0x00, 0x00, 0x00, 0xFF, 0xFF, 0x55, 0x55, 0x55, 0x55,
    0xFF, 0x00, 0x09, 0x90, 0x00, 0x09, 0x90, 0x00, 0x00, 0x00, 0xFF, 0xFF, 0x55, 0x55, 0x55, 0x55,
    0xFF, 0x00, 0x40, 0x02, 0x24, 0x40, 0x02, 0x24, 0x00, 0x00, 0xFF, 0xFF, 0x55, 0x55, 0x55, 0x55,
    0xEE, 0xFE, 0x36, 0x6E, 0xE7, 0xF6, 0x6F, 0xFF, 0x00, 0x00, 0xFF, 0xFF, 0x55, 0x55, 0x55, 0x55,
    0x0A, 0xFF, 0x09, 0x9C, 0xD8, 0x89, 0x9D, 0xD8, 0x00, 0x00, 0xFF, 0xFF, 0x55, 0x55, 0x55, 0x55,
    0x49, 0xC9, 0xB6, 0x6D, 0xDB, 0x0E, 0xEC, 0x3F, 0x00, 0x00, 0xFF, 0xFF, 0x55, 0x55, 0x55, 0x55,
    0x02, 0x56, 0xFF, 0x6F, 0xDB, 0xB6, 0x1D, 0xD8, 0x00, 0x00, 0xFF, 0xFF, 0x55, 0x55, 0x55, 0x55,
    0xFA, 0xFF, 0x49, 0x60, 0xDB, 0xB6, 0x6D, 0xDB, 0x00, 0x00, 0xFF, 0xFF, 0x55, 0x55, 0x55, 0x55,
    0x17, 0xEF, 0x29, 0x65, 0xDB, 0xB6, 0x6D, 0xDB, 0x00, 0x00, 0xFF, 0xFF, 0x55, 0x55, 0x55, 0x55,
    0x00, 0x01, 0x00, 0x00, 0x00, 0x00, 0x00, 0x00, 0x00, 0x00, 0xFF, 0xFF, 0x55, 0x55, 0x55, 0x55,
    0x1F, 0xE0, 0xB6, 0x6D, 0x83, 0x46, 0xEE, 0xFE, 0x00, 0x00, 0xFF, 0xFF, 0x55, 0x55, 0x55, 0x55,
    0xC5, 0xFC, 0xB6, 0xAD, 0xA6, 0xFF, 0xFF, 0xFF, 0x00, 0x00, 0xFF, 0xFF, 0x55, 0x55, 0x55, 0x55,
    0x1A, 0xEC, 0xB6, 0x5D, 0xC2, 0x7F, 0xF0, 0x9F, 0x00, 0x00, 0xFF, 0xFF, 0x55, 0x55, 0x55, 0x55,
    0xFF, 0x00, 0x49, 0x12, 0x00, 0x01, 0x10, 0x00, 0x00, 0x00, 0xFF, 0xFF, 0x55, 0x55, 0x55, 0x55,
    0x38, 0xF1, 0xF6, 0x7F, 0xE7, 0x77, 0x7F, 0xEB, 0x00, 0x00, 0xFF, 0xFF, 0x55, 0x55, 0x55, 0x55,
    0x06, 0xF3, 0x3F, 0xFC, 0xCB, 0x7F, 0xFA, 0xFF, 0x00, 0x00, 0xFF, 0xFF, 0x55, 0x55, 0x55, 0x55,
    0xFE, 0x14, 0x01, 0x60, 0x00, 0x00, 0x00, 0x01, 0x00, 0x00, 0xFF, 0xFF, 0x55, 0x55, 0x55, 0x55,
    0xFF, 0x00, 0x08, 0x80, 0x00, 0x48, 0x82, 0x24, 0x00, 0x00, 0xFF, 0xFF, 0x55, 0x55, 0x55, 0x55,
    0xFF, 0x00, 0x00, 0x00, 0x00, 0x49, 0x92, 0x24, 0x00, 0x00, 0xFF, 0xFF, 0x55, 0x55, 0x55, 0x55,
    0xFF, 0x00, 0x00, 0x00, 0x00, 0x40, 0x02, 0x24, 0x00, 0x00, 0xFF, 0xFF, 0x55, 0x55, 0x55, 0x55,
    0xFF, 0x00, 0x00, 0x00, 0x00, 0x49, 0x92, 0x24, 0x00, 0x00, 0xFF, 0xFF, 0x55, 0x55, 0x55, 0x55,
    0x00, 0x01, 0x00, 0x00, 0x00, 0x00, 0x00, 0x00, 0x00, 0x00, 0xFF, 0xFF, 0x55, 0x55, 0x55, 0x55,
    0x00, 0x01, 0x00, 0x00, 0x00, 0x00, 0x00, 0x00, 0x00, 0x00, 0xFF, 0xFF, 0x55, 0x55, 0x55, 0x55,
    0x00, 0x01, 0x00, 0x00, 0x00, 0x00, 0x00, 0x00, 0x00, 0x00, 0xFF, 0xFF, 0x55, 0x55, 0x55, 0x55,
    0x00, 0x01, 0x00, 0x00, 0x00, 0x00, 0x00, 0x00, 0x00, 0x00, 0xFF, 0xFF, 0x55, 0x55, 0x55, 0x55,
    0x00, 0x01, 0x00, 0x00, 0x00, 0x00, 0x00, 0x00, 0x00, 0x00, 0xFF, 0xFF, 0x55, 0x55, 0x55, 0x55,
    0x00, 0x01, 0x00, 0x00, 0x00, 0x00, 0x00, 0x00, 0x00, 0x00, 0xFF, 0xFF, 0x55, 0x55, 0x55, 0x55,
    0x00, 0x01, 0x00, 0x00, 0x00, 0x00, 0x00, 0x00, 0x00, 0x00, 0xFF, 0xFF, 0x55, 0x55, 0x55, 0x55,
    0x00, 0x01, 0x00, 0x00, 0x00, 0x00, 0x00, 0x00, 0x00, 0x00, 0xFF, 0xFF, 0x55, 0x55, 0x55, 0x55,
    0x00, 0x01, 0x00, 0x00, 0x00, 0x00, 0x00, 0x00, 0x00, 0x00, 0xFF, 0xFF, 0x55, 0x55, 0x55, 0x55,
    0x00, 0x01, 0x00, 0x00, 0x00, 0x00, 0x00, 0x00, 0x00, 0x00, 0xFF, 0xFF, 0x55, 0x55, 0x55, 0x55,
    0x00, 0x01, 0x00, 0x00, 0x00, 0x00, 0x00, 0x00, 0x00, 0x00, 0xFF, 0xFF, 0x55, 0x55, 0x55, 0x55,
    0x00, 0x01, 0x00, 0x00, 0x00, 0x00, 0x00, 0x00, 0x00, 0x00, 0xFF, 0xFF, 0x55, 0x55, 0x55, 0x55,
    0x00, 0x01, 0x00, 0x00, 0x00, 0x00, 0x00, 0x00, 0x00, 0x00, 0xFF, 0xFF, 0x55, 0x55, 0x55, 0x55,
    0x00, 0x01, 0x00, 0x00, 0x00, 0x00, 0x00, 0x00, 0x00, 0x00, 0xFF, 0xFF, 0x55, 0x55, 0x55, 0x55,
    0x00, 0x01, 0x00, 0x00, 0x00, 0x00, 0x00, 0x00, 0x00, 0x00, 0xFF, 0xFF, 0x55, 0x55, 0x55, 0x55,
    0x00, 0x01, 0x00, 0x00, 0x00, 0x00, 0x00, 0x00, 0x00, 0x00, 0xFF, 0xFF, 0x55, 0x55, 0x55, 0x55,
    0x00, 0x01, 0x00, 0x00, 0x00, 0x00, 0x00, 0x00, 0x00, 0x00, 0xFF, 0xFF, 0x55, 0x55, 0x55, 0x55,
    0x00, 0x01, 0x00, 0x00, 0x00, 0x00, 0x00, 0x00, 0x00, 0x00, 0xFF, 0xFF, 0x55, 0x55, 0x55, 0x55,
    0x12, 0xFD, 0x76, 0x6F, 0xFD, 0xE6, 0x8F, 0x3C, 0x00, 0x00, 0xFF, 0xFF, 0x55, 0x55, 0x55, 0x55,
    0x00, 0xEA, 0x1F, 0x10, 0x00, 0x04, 0x20, 0x00, 0x00, 0x00, 0xFF, 0xFF, 0x55, 0x55, 0x55, 0x55,
    0x09, 0xF8, 0xFF, 0xFD, 0xDF, 0xFF, 0x9D, 0x1F, 0x00, 0x00, 0xFF, 0xFF, 0x55, 0x55, 0x55, 0x55,
    0xF7, 0xFF, 0x49, 0x9C, 0xC4, 0x49, 0x9C, 0xC0, 0x00, 0x00, 0xFF, 0xFF, 0x55, 0x55, 0x55, 0x55,
    0xFE, 0xFF, 0x49, 0x92, 0x24, 0x49, 0x92, 0x24, 0x00, 0x00, 0xFF, 0xFF, 0x55, 0x55, 0x55, 0x55,
    0x00, 0x01, 0x00, 0x00, 0x00, 0x00, 0x00, 0x00, 0x00, 0x00, 0xFF, 0xFF, 0x55, 0x55, 0x55, 0x55,
    0xFF, 0x00, 0x49, 0x12, 0x00, 0x01, 0x10, 0x00, 0x00, 0x00, 0xFF, 0xFF, 0x55, 0x55, 0x55, 0x55,
    0xFC, 0xFF, 0xB6, 0x9D, 0x04, 0x49, 0x92, 0x24, 0x00, 0x00, 0xFF, 0xFF, 0x55, 0x55, 0x55, 0x55,
    0x23, 0xF4, 0xB6, 0x9D, 0x52, 0xFF, 0xFF, 0xFF, 0x00, 0x00, 0xFF, 0xFF, 0x55, 0x55, 0x55, 0x55,
    0x00, 0xCA, 0x00, 0x00, 0x00, 0x11, 0xF0, 0x00, 0x00, 0x00, 0xFF, 0xFF, 0x55, 0x55, 0x55, 0x55,
    0x00, 0x01, 0x00, 0x00, 0x00, 0x00, 0x00, 0x00, 0x00, 0x00, 0xFF, 0xFF, 0x55, 0x55, 0x55, 0x55,
    0x00, 0x01, 0x00, 0x00, 0x00, 0x00, 0x00, 0x00, 0x00, 0x00, 0xFF, 0xFF, 0x55, 0x55, 0x55, 0x55,
    0xFF, 0x00, 0x49, 0x92, 0x24, 0x09, 0x90, 0x00, 0x00, 0x00, 0xFF, 0xFF, 0x55, 0x55, 0x55, 0x55,
    0x4A, 0xFF, 0xB6, 0x6A, 0xDB, 0x89, 0x93, 0x38, 0x00, 0x00, 0xFF, 0xFF, 0x55, 0x55, 0x55, 0x55,
    0x22, 0xF5, 0x09, 0x61, 0xDB, 0xFF, 0xFF, 0xFF, 0x00, 0x00, 0xFF, 0xFF, 0x55, 0x55, 0x55, 0x55,
    0xFF, 0x01, 0x02, 0x90, 0x24, 0x4B, 0x82, 0x24, 0x00, 0x00, 0xFF, 0xFF, 0x55, 0x55, 0x55, 0x55,
    0x00, 0x01, 0x00, 0x00, 0x00, 0x00, 0x00, 0x00, 0x00, 0x00, 0xFF, 0xFF, 0x55, 0x55, 0x55, 0x55,
    0x01, 0xEB, 0xB6, 0x6D, 0xDB, 0xEE, 0x8F, 0xFC, 0x00, 0x00, 0xFF, 0xFF, 0x55, 0x55, 0x55, 0x55,
    0xFF, 0x00, 0x49, 0x92, 0x24, 0x00, 0x02, 0x20, 0x00, 0x00, 0xFF, 0xFF, 0x55, 0x55, 0x55, 0x55,
    0xFF, 0x00, 0x00, 0x00, 0x00, 0x49, 0x92, 0x24, 0x00, 0x00, 0xFF, 0xFF, 0x55, 0x55, 0x55, 0x55,
    0x00, 0x01, 0x00, 0x00, 0x00, 0x00, 0x00, 0x00, 0x00, 0x00, 0xFF, 0xFF, 0x55, 0x55, 0x55, 0x55,
    0xFF, 0x00, 0x09, 0x90, 0x00, 0x09, 0x90, 0x00, 0x00, 0x00, 0xFF, 0xFF, 0x55, 0x55, 0x55, 0x55,
    0xFF, 0x00, 0x40, 0x02, 0x24, 0x40, 0x02, 0x24, 0x00, 0x00, 0xFF, 0xFF, 0x55, 0x55, 0x55, 0x55,
    0x00, 0x01, 0x00, 0x00, 0x00, 0x00, 0x00, 0x00, 0x00, 0x00, 0xFF, 0xFF, 0x55, 0x55, 0x55, 0x55,
    0xFE, 0xFF, 0x49, 0x92, 0x24, 0x49, 0x92, 0x24, 0x00, 0x00, 0xFF, 0xFF, 0x55, 0x55, 0x55, 0x55,
    0x00, 0x01, 0x00, 0x00, 0x00, 0x00, 0x00, 0x00, 0x00, 0x00, 0xFF, 0xFF, 0x55, 0x55, 0x55, 0x55,
    0xFF, 0x00, 0x09, 0x90, 0x00, 0x09, 0x90, 0x00, 0x00, 0x00, 0xFF, 0xFF, 0x55, 0x55, 0x55, 0x55,
    0xFF, 0x00, 0x40, 0x02, 0x24, 0x40, 0x02, 0x24, 0x00, 0x00, 0xFF, 0xFF, 0x55, 0x55, 0x55, 0x55,
    0xFF, 0x00, 0x00, 0x00, 0x00, 0x00, 0x90, 0x00, 0x00, 0x00, 0xFF, 0xFF, 0x55, 0x55, 0x55, 0x55,
    0xFF, 0x00, 0x00, 0x00, 0x00, 0x00, 0x00, 0x24, 0x00, 0x00, 0xFF, 0xFF, 0x55, 0x55, 0x55, 0x55,
    0x27, 0xB4, 0xFE, 0x6F, 0xE5, 0xB6, 0x61, 0xDB, 0x00, 0x00, 0xFF, 0xFF, 0x55, 0x55, 0x55, 0x55,
    0xFD, 0x00, 0x50, 0x03, 0x40, 0x03, 0x90, 0x13, 0x00, 0x00, 0xFF, 0xFF, 0x55, 0x55, 0x55, 0x55,
    0x15, 0xF4, 0xB6, 0x3D, 0xD8, 0xCF, 0xF0, 0x3F, 0x00, 0x00, 0xFF, 0xFF, 0x55, 0x55, 0x55, 0x55,
    0x1A, 0x8C, 0xB6, 0x6D, 0xDB, 0xB6, 0x1D, 0xD8, 0x00, 0x00, 0xFF, 0xFF, 0x55, 0x55, 0x55, 0x55,
    0x00, 0x01, 0x00, 0x00, 0x00, 0x00, 0x00, 0x00, 0x00, 0x00, 0xFF, 0xFF, 0x55, 0x55, 0x55, 0x55,
    0x01, 0xF2, 0xCE, 0xEF, 0xFC, 0xEE, 0x6F, 0xE5, 0x00, 0x00, 0xFF, 0xFF, 0x55, 0x55, 0x55, 0x55,
    0xFF, 0x03, 0x70, 0x8A, 0x27, 0x50, 0x0F, 0x00, 0x00, 0x00, 0xFF, 0xFF, 0x55, 0x55, 0x55, 0x55,
    0x2A, 0xED, 0xFF, 0xF3, 0x3F, 0xB6, 0x4D, 0xD8, 0x00, 0x00, 0xFF, 0xFF, 0x55, 0x55, 0x55, 0x55,
    0xFF, 0x00, 0x01, 0x90, 0x24, 0x01, 0x10, 0x00, 0x00, 0x00, 0xFF, 0xFF, 0x55, 0x55, 0x55, 0x55,
    0x69, 0xFF, 0xB1, 0x61, 0xDB, 0x49, 0x92, 0x24, 0x00, 0x00, 0xFF, 0xFF, 0x55, 0x55, 0x55, 0x55,
    0x9F, 0xFB, 0x4C, 0x61, 0xDB, 0xFF, 0xFD, 0xDF, 0x00, 0x00, 0xFF, 0xFF, 0x55, 0x55, 0x55, 0x55,
    0x24, 0xC0, 0xC8, 0x6F, 0xDB, 0xF8, 0xAF, 0xFF, 0x00, 0x00, 0xFF, 0xFF, 0x55, 0x55, 0x55, 0x55,
    0x99, 0xDD, 0xB7, 0x6D, 0xDB, 0xB1, 0x0D, 0xDB, 0x00, 0x00, 0xFF, 0xFF, 0x55, 0x55, 0x55, 0x55,
    0x00, 0x01, 0x00, 0x00, 0x00, 0x00, 0x00, 0x00, 0x00, 0x00, 0xFF, 0xFF, 0x55, 0x55, 0x55, 0x55,
    0xFF, 0x00, 0x40, 0x02, 0x24, 0x40, 0x02, 0x24, 0x00, 0x00, 0xFF, 0xFF, 0x55, 0x55, 0x55, 0x55,
    0x00, 0x01, 0x00, 0x00, 0x00, 0x00, 0x00, 0x00, 0x00, 0x00, 0xFF, 0xFF, 0x55, 0x55, 0x55, 0x55,
    0x00, 0x01, 0x00, 0x00, 0x00, 0x00, 0x00, 0x00, 0x00, 0x00, 0xFF, 0xFF, 0x55, 0x55, 0x55, 0x55,
    0x00, 0x01, 0x00, 0x00, 0x00, 0x00, 0x00, 0x00, 0x00, 0x00, 0xFF, 0xFF, 0x55, 0x55, 0x55, 0x55,
    0x00, 0x01, 0x00, 0x00, 0x00, 0x00, 0x00, 0x00, 0x00, 0x00, 0xFF, 0xFF, 0x55, 0x55, 0x55, 0x55,
    0x00, 0x01, 0x00, 0x00, 0x00, 0x00, 0x00, 0x00, 0x00, 0x00, 0xFF, 0xFF, 0x55, 0x55, 0x55, 0x55,
    0x00, 0x01, 0x00, 0x00, 0x00, 0x00, 0x00, 0x00, 0x00, 0x00, 0xFF, 0xFF, 0x55, 0x55, 0x55, 0x55,
    0x00, 0x01, 0x00, 0x00, 0x00, 0x00, 0x00, 0x00, 0x00, 0x00, 0xFF, 0xFF, 0x55, 0x55, 0x55, 0x55,
    0x00, 0x01, 0x00, 0x00, 0x00, 0x00, 0x00, 0x00, 0x00, 0x00, 0xFF, 0xFF, 0x55, 0x55, 0x55, 0x55,
    0x00, 0x01, 0x00, 0x00, 0x00, 0x00, 0x00, 0x00, 0x00, 0x00, 0xFF, 0xFF, 0x55, 0x55, 0x55, 0x55,
    0x00, 0x01, 0x00, 0x00, 0x00, 0x00, 0x00, 0x00, 0x00, 0x00, 0xFF, 0xFF, 0x55, 0x55, 0x55, 0x55,
    0x00, 0x01, 0x00, 0x00, 0x00, 0x00, 0x00, 0x00, 0x00, 0x00, 0xFF, 0xFF, 0x55, 0x55, 0x55, 0x55,
    0x00, 0x01, 0x00, 0x00, 0x00, 0x00, 0x00, 0x00, 0x00, 0x00, 0xFF, 0xFF, 0x55, 0x55, 0x55, 0x55,
    0x00, 0x01, 0x00, 0x00, 0x00, 0x00, 0x00, 0x00, 0x00, 0x00, 0xFF, 0xFF, 0x55, 0x55, 0x55, 0x55,
    0x00, 0x01, 0x00, 0x00, 0x00, 0x00, 0x00, 0x00, 0x00, 0x00, 0xFF, 0xFF, 0x55, 0x55, 0x55, 0x55,
    0x00, 0x01, 0x00, 0x00, 0x00, 0x00, 0x00, 0x00, 0x00, 0x00, 0xFF, 0xFF, 0x55, 0x55, 0x55, 0x55,
    0x00, 0x01, 0x00, 0x00, 0x00, 0x00, 0x00, 0x00, 0x00, 0x00, 0xFF, 0xFF, 0x55, 0x55, 0x55, 0x55,
    0x00, 0x01, 0x00, 0x00, 0x00, 0x00, 0x00, 0x00, 0x00, 0x00, 0xFF, 0xFF, 0x55, 0x55, 0x55, 0x55,
    0x00, 0x01, 0x00, 0x00, 0x00, 0x00, 0x00, 0x00, 0x00, 0x00, 0xFF, 0xFF, 0x55, 0x55, 0x55, 0x55,
    0x01, 0xBD, 0xB6, 0x6D, 0x1B, 0xB6, 0x67, 0xBB, 0x00, 0x00, 0xFF, 0xFF, 0x55, 0x55, 0x55, 0x55,
    0xFF, 0x06, 0x05, 0x26, 0xC0, 0x80, 0x22, 0x35, 0x00, 0x00, 0xFF, 0xFF, 0x55, 0x55, 0x55, 0x55,
    0x00, 0x01, 0x00, 0x00, 0x00, 0x00, 0x00, 0x00, 0x00, 0x00, 0xFF, 0xFF, 0x55, 0x55, 0x55, 0x55,
    0xFF, 0x04, 0x02, 0x48, 0x00, 0xA1, 0x90, 0x24, 0x00, 0x00, 0xFF, 0xFF, 0x55, 0x55, 0x55, 0x55,
    0x13, 0xE6, 0x7F, 0xFC, 0xD3, 0x21, 0x6C, 0xDB, 0x00, 0x00, 0xFF, 0xFF, 0x55, 0x55, 0x55, 0x55,
    0xFF, 0x00, 0x49, 0x02, 0x00, 0x00, 0x00, 0x00, 0x00, 0x00, 0xFF, 0xFF, 0x55, 0x55, 0x55, 0x55,
    0xFF, 0x00, 0x49, 0x82, 0x24, 0x48, 0x82, 0x24, 0x00, 0x00, 0xFF, 0xFF, 0x55, 0x55, 0x55, 0x55,
    0xFF, 0x00, 0x01, 0x10, 0x00, 0x01, 0x10, 0x00, 0x00, 0x00, 0xFF, 0xFF, 0x55, 0x55, 0x55, 0x55,
    0x03, 0x12, 0x37, 0x72, 0xDB, 0xB7, 0x7D, 0xDB, 0x00, 0x00, 0xFF, 0xFF, 0x55, 0x55, 0x55, 0x55,
    0x0A, 0x96, 0xCB, 0x6F, 0xE7, 0xB6, 0x6E, 0xE3, 0x00, 0x00, 0xFF, 0xFF, 0x55, 0x55, 0x55, 0x55,
    0x39, 0xFF, 0x89, 0x9C, 0xD0, 0x49, 0x9D, 0xC4, 0x00, 0x00, 0xFF, 0xFF, 0x55, 0x55, 0x55, 0x55,
    0x00, 0x01, 0x00, 0x00, 0x00, 0x00, 0x00, 0x00, 0x00, 0x00, 0xFF, 0xFF, 0x55, 0x55, 0x55, 0x55,
    0x00, 0x01, 0x00, 0x00, 0x00, 0x00, 0x00, 0x00, 0x00, 0x00, 0xFF, 0xFF, 0x55, 0x55, 0x55, 0x55,
    0xFF, 0x00, 0x09, 0x90, 0x00, 0x09, 0x90, 0x00, 0x00, 0x00, 0xFF, 0xFF, 0x55, 0x55, 0x55, 0x55,
    0xFF, 0x00, 0x40, 0x00, 0x04, 0x40, 0x00, 0x04, 0x00, 0x00, 0xFF, 0xFF, 0x55, 0x55, 0x55, 0x55,
    0xFE, 0x07, 0x00, 0x00, 0x0C, 0x80, 0x01, 0x04, 0x00, 0x00, 0xFF, 0xFF, 0x55, 0x55, 0x55, 0x55,
    0x35, 0xEE, 0x87, 0xFD, 0xD9, 0xA7, 0xFD, 0xD8, 0x00, 0x00, 0xFF, 0xFF, 0x55, 0x55, 0x55, 0x55,
    0x00, 0x01, 0x00, 0x00, 0x00, 0x00, 0x00, 0x00, 0x00, 0x00, 0xFF, 0xFF, 0x55, 0x55, 0x55, 0x55,
    0xFF, 0x11, 0x07, 0x50, 0x60, 0x04, 0x2C, 0x20, 0x00, 0x00, 0xFF, 0xFF, 0x55, 0x55, 0x55, 0x55,
    0xFF, 0x00, 0x00, 0x02, 0x20, 0x00, 0x02, 0x20, 0x00, 0x00, 0xFF, 0xFF, 0x55, 0x55, 0x55, 0x55,
    0x90, 0xA6, 0xFA, 0xB1, 0x5F, 0xFD, 0x99, 0x3F, 0x00, 0x00, 0xFF, 0xFF, 0x55, 0x55, 0x55, 0x55,
    0x00, 0x01, 0x00, 0x00, 0x00, 0x00, 0x00, 0x00, 0x00, 0x00, 0xFF, 0xFF, 0x55, 0x55, 0x55, 0x55,
    0xFF, 0x00, 0x09, 0x90, 0x00, 0x09, 0x90, 0x00, 0x00, 0x00, 0xFF, 0xFF, 0x55, 0x55, 0x55, 0x55,
    0xFF, 0x00, 0x40, 0x02, 0x24, 0x40, 0x02, 0x24, 0x00, 0x00, 0xFF, 0xFF, 0x55, 0x55, 0x55, 0x55,
    0x00, 0x01, 0x00, 0x00, 0x00, 0x00, 0x00, 0x00, 0x00, 0x00, 0xFF, 0xFF, 0x55, 0x55, 0x55, 0x55,
    0xFE, 0xFF, 0x49, 0x92, 0x24, 0x49, 0x92, 0x24, 0x00, 0x00, 0xFF, 0xFF, 0x55, 0x55, 0x55, 0x55,
    0x00, 0x01, 0x00, 0x00, 0x00, 0x00, 0x00, 0x00, 0x00, 0x00, 0xFF, 0xFF, 0x55, 0x55, 0x55, 0x55,
    0xFF, 0x00, 0x09, 0x90, 0x00, 0x09, 0x90, 0x00, 0x00, 0x00, 0xFF, 0xFF, 0x55, 0x55, 0x55, 0x55,
    0xFF, 0x00, 0x40, 0x02, 0x24, 0x40, 0x02, 0x24, 0x00, 0x00, 0xFF, 0xFF, 0x55, 0x55, 0x55, 0x55,
    0xFF, 0x00, 0x09, 0x90, 0x00, 0x09, 0x90, 0x00, 0x00, 0x00, 0xFF, 0xFF, 0x55, 0x55, 0x55, 0x55,
    0xFF, 0x00, 0x40, 0x02, 0x24, 0x40, 0x02, 0x24, 0x00, 0x00, 0xFF, 0xFF, 0x55, 0x55, 0x55, 0x55,
    0x00, 0x01, 0x00, 0x00, 0x00, 0x00, 0x00, 0x00, 0x00, 0x00, 0xFF, 0xFF, 0x55, 0x55, 0x55, 0x55,
    0x15, 0x00, 0x49, 0x90, 0x24, 0x49, 0x92, 0x24, 0x00, 0x00, 0xFF, 0xFF, 0x55, 0x55, 0x55, 0x55,
    0x0B, 0xE8, 0xCC, 0x6F, 0x2C, 0xB6, 0x61, 0xDB, 0x00, 0x00, 0xFF, 0xFF, 0x55, 0x55, 0x55, 0x55,
    0xFD, 0x01, 0x00, 0x0F, 0x00, 0x15, 0x90, 0x58, 0x00, 0x00, 0xFF, 0xFF, 0x55, 0x55, 0x55, 0x55,
    0x36, 0xBB, 0xB6, 0x5D, 0xD8, 0x7F, 0xF0, 0xFF, 0x00, 0x00, 0xFF, 0xFF, 0x55, 0x55, 0x55, 0x55,
    0x1C, 0xF8, 0x36, 0x68, 0xDB, 0xB6, 0xED, 0xFC, 0x00, 0x00, 0xFF, 0xFF, 0x55, 0x55, 0x55, 0x55,
    0xFC, 0x04, 0x00, 0x70, 0x02, 0x49, 0x88, 0x24, 0x00, 0x00, 0xFF, 0xFF, 0x55, 0x55, 0x55, 0x55,
    0xFE, 0x03, 0x00, 0x03, 0xA0, 0x00, 0x04, 0x00, 0x00, 0x00, 0xFF, 0xFF, 0x55, 0x55, 0x55, 0x55,
    0xFF, 0x00, 0x01, 0x90, 0x24, 0x49, 0x92, 0x24, 0x00, 0x00, 0xFF, 0xFF, 0x55, 0x55, 0x55, 0x55,
    0x21, 0xF0, 0xFF, 0x6F, 0xF3, 0xD6, 0x8F, 0xFC, 0x00, 0x00, 0xFF, 0xFF, 0x55, 0x55, 0x55, 0x55,
    0xFF, 0x00, 0x00, 0x02, 0x28, 0x80, 0x03, 0x26, 0x00, 0x00, 0xFF, 0xFF, 0x55, 0x55, 0x55, 0x55,
    0xFE, 0x5D, 0x01, 0x70, 0x00, 0x05, 0x46, 0xC0, 0x00, 0x00, 0xFF, 0xFF, 0x55, 0x55, 0x55, 0x55,
    0x12, 0x54, 0xB1, 0x0D, 0xDB, 0xB6, 0x6D, 0xDB, 0x00, 0x00, 0xFF, 0xFF, 0x55, 0x55, 0x55, 0x55,
    0x00, 0x01, 0x00, 0x00, 0x00, 0x00, 0x00, 0x00, 0x00, 0x00, 0xFF, 0xFF, 0x55, 0x55, 0x55, 0x55,
    0x00, 0x01, 0x00, 0x00, 0x00, 0x00, 0x00, 0x00, 0x00, 0x00, 0xFF, 0xFF, 0x55, 0x55, 0x55, 0x55,
    0x00, 0x01, 0x00, 0x00, 0x00, 0x00, 0x00, 0x00, 0x00, 0x00, 0xFF, 0xFF, 0x55, 0x55, 0x55, 0x55,
    0x00, 0x01, 0x00, 0x00, 0x00, 0x00, 0x00, 0x00, 0x00, 0x00, 0xFF, 0xFF, 0x55, 0x55, 0x55, 0x55,
    0x00, 0x01, 0x00, 0x00, 0x00, 0x00, 0x00, 0x00, 0x00, 0x00, 0xFF, 0xFF, 0x55, 0x55, 0x55, 0x55,
    0x00, 0x01, 0x00, 0x00, 0x00, 0x00, 0x00, 0x00, 0x00, 0x00, 0xFF, 0xFF, 0x55, 0x55, 0x55, 0x55,
    0x00, 0x01, 0x00, 0x00, 0x00, 0x00, 0x00, 0x00, 0x00, 0x00, 0xFF, 0xFF, 0x55, 0x55, 0x55, 0x55,
    0x00, 0x01, 0x00, 0x00, 0x00, 0x00, 0x00, 0x00, 0x00, 0x00, 0xFF, 0xFF, 0x55, 0x55, 0x55, 0x55,
    0x00, 0x01, 0x00, 0x00, 0x00, 0x00, 0x00, 0x00, 0x00, 0x00, 0xFF, 0xFF, 0x55, 0x55, 0x55, 0x55,
    0x00, 0x01, 0x00, 0x00, 0x00, 0x00, 0x00, 0x00, 0x00, 0x00, 0xFF, 0xFF, 0x55, 0x55, 0x55, 0x55,
    0x00, 0x01, 0x00, 0x00, 0x00, 0x00, 0x00, 0x00, 0x00, 0x00, 0xFF, 0xFF, 0x55, 0x55, 0x55, 0x55,
    0x00, 0x01, 0x00, 0x00, 0x00, 0x00, 0x00, 0x00, 0x00, 0x00, 0xFF, 0xFF, 0x55, 0x55, 0x55, 0x55,
    0x00, 0x01, 0x00, 0x00, 0x00, 0x00, 0x00, 0x00, 0x00, 0x00, 0xFF, 0xFF, 0x55, 0x55, 0x55, 0x55,
    0x00, 0x01, 0x00, 0x00, 0x00, 0x00, 0x00, 0x00, 0x00, 0x00, 0xFF, 0xFF, 0x55, 0x55, 0x55, 0x55,
    0x00, 0x01, 0x00, 0x00, 0x00, 0x00, 0x00, 0x00, 0x00, 0x00, 0xFF, 0xFF, 0x55, 0x55, 0x55, 0x55,
    0x00, 0x01, 0x00, 0x00, 0x00, 0x00, 0x00, 0x00, 0x00, 0x00, 0xFF, 0xFF, 0x55, 0x55, 0x55, 0x55,
    0x00, 0x01, 0x00, 0x00, 0x00, 0x00, 0x00, 0x00, 0x00, 0x00, 0xFF, 0xFF, 0x55, 0x55, 0x55, 0x55,
    0x00, 0x01, 0x00, 0x00, 0x00, 0x00, 0x00, 0x00, 0x00, 0x00, 0xFF, 0xFF, 0x55, 0x55, 0x55, 0x55,
    0x00, 0x01, 0x00, 0x00, 0x00, 0x00, 0x00, 0x00, 0x00, 0x00, 0xFF, 0xFF, 0x55, 0x55, 0x55, 0x55,
    0x00, 0x01, 0x00, 0x00, 0x00, 0x00, 0x00, 0x00, 0x00, 0x00, 0xFF, 0xFF, 0x55, 0x55, 0x55, 0x55,
    0x00, 0x01, 0x00, 0x00, 0x00, 0x00, 0x00, 0x00, 0x00, 0x00, 0xFF, 0xFF, 0x55, 0x55, 0x55, 0x55,
    0x18, 0xF8, 0xB6, 0x6D, 0xEF, 0x76, 0x6F, 0xE4, 0x00, 0x00, 0xFF, 0xFF, 0x55, 0x55, 0x55, 0x55,
    0x25, 0xFF, 0xB6, 0x9D, 0xD9, 0x81, 0x5D, 0x1B, 0x00, 0x00, 0xFF, 0xFF, 0x55, 0x55, 0x55, 0x55,
    0x27, 0xF9, 0xB6, 0xBD, 0x7F, 0xFD, 0x91, 0xD7, 0x00, 0x00, 0xFF, 0xFF, 0x55, 0x55, 0x55, 0x55,
    0x00, 0x01, 0x00, 0x00, 0x00, 0x00, 0x00, 0x00, 0x00, 0x00, 0xFF, 0xFF, 0x55, 0x55, 0x55, 0x55,
    0xFF, 0x00, 0x49, 0x12, 0x00, 0x01, 0x10, 0x00, 0x00, 0x00, 0xFF, 0xFF, 0x55, 0x55, 0x55, 0x55,
    0x00, 0x01, 0x00, 0x00, 0x00, 0x00, 0x00, 0x00, 0x00, 0x00, 0xFF, 0xFF, 0x55, 0x55, 0x55, 0x55,
    0xFF, 0x00, 0x01, 0x10, 0x00, 0x01, 0x10, 0x00, 0x00, 0x00, 0xFF, 0xFF, 0x55, 0x55, 0x55, 0x55,
    0xFF, 0x00, 0x48, 0x82, 0x24, 0x48, 0x82, 0x24, 0x00, 0x00, 0xFF, 0xFF, 0x55, 0x55, 0x55, 0x55,
    0xFF, 0x00, 0x49, 0x90, 0x04, 0x49, 0x90, 0x04, 0x00, 0x00, 0xFF, 0xFF, 0x55, 0x55, 0x55, 0x55,
    0xFF, 0x00, 0x00, 0x02, 0x20, 0x00, 0x02, 0x20, 0x00, 0x00, 0xFF, 0xFF, 0x55, 0x55, 0x55, 0x55,
    0x00, 0x01, 0x00, 0x00, 0x00, 0x00, 0x00, 0x00, 0x00, 0x00, 0xFF, 0xFF, 0x55, 0x55, 0x55, 0x55,
    0x00, 0x01, 0x00, 0x00, 0x00, 0x00, 0x00, 0x00, 0x00, 0x00, 0xFF, 0xFF, 0x55, 0x55, 0x55, 0x55,
    0xFF, 0x00, 0x09, 0x90, 0x00, 0x09, 0x90, 0x00, 0x00, 0x00, 0xFF, 0xFF, 0x55, 0x55, 0x55, 0x55,
    0xFF, 0x00, 0x40, 0x00, 0x04, 0x40, 0x00, 0x04, 0x00, 0x00, 0xFF, 0xFF, 0x55, 0x55, 0x55, 0x55,
    0x1D, 0xD2, 0xBF, 0xF3, 0x9B, 0xBF, 0xF7, 0x1B, 0x00, 0x00, 0xFF, 0xFF, 0x55, 0x55, 0x55, 0x55,
    0x27, 0xE1, 0x3F, 0xFC, 0xCF, 0x3F, 0xFD, 0xC7, 0x00, 0x00, 0xFF, 0xFF, 0x55, 0x55, 0x55, 0x55,
    0xD9, 0x00, 0x49, 0x9E, 0xA4, 0x49, 0x96, 0x04, 0x00, 0x00, 0xFF, 0xFF, 0x55, 0x55, 0x55, 0x55,
    0xFF, 0x00, 0x80, 0x02, 0x30, 0x40, 0x03, 0x3C, 0x00, 0x00, 0xFF, 0xFF, 0x55, 0x55, 0x55, 0x55,
    0xFF, 0x00, 0x00, 0x02, 0x20, 0x00, 0x02, 0x20, 0x00, 0x00, 0xFF, 0xFF, 0x55, 0x55, 0x55, 0x55,
    0xAB, 0xC3, 0xFA, 0xB1, 0x7F, 0xFD, 0x99, 0x3F, 0x00, 0x00, 0xFF, 0xFF, 0x55, 0x55, 0x55, 0x55,
    0x00, 0x01, 0x00, 0x00, 0x00, 0x00, 0x00, 0x00, 0x00, 0x00, 0xFF, 0xFF, 0x55, 0x55, 0x55, 0x55,
    0xFF, 0x00, 0x09, 0x90, 0x00, 0x09, 0x90, 0x00, 0x00, 0x00, 0xFF, 0xFF, 0x55, 0x55, 0x55, 0x55,
    0xFF, 0x00, 0x40, 0x02, 0x24, 0x40, 0x02, 0x24, 0x00, 0x00, 0xFF, 0xFF, 0x55, 0x55, 0x55, 0x55,
    0x00, 0x01, 0x00, 0x00, 0x00, 0x00, 0x00, 0x00, 0x00, 0x00, 0xFF, 0xFF, 0x55, 0x55, 0x55, 0x55,
    0xFF, 0xFE, 0x00, 0x00, 0x00, 0x00, 0x10, 0x00, 0x00, 0x00, 0xFF, 0xFF, 0x55, 0x55, 0x55, 0x55,
    0x00, 0x01, 0x00, 0x00, 0x00, 0x00, 0x00, 0x00, 0x00, 0x00, 0xFF, 0xFF, 0x55, 0x55, 0x55, 0x55,
    0xFF, 0x00, 0x09, 0x90, 0x00, 0x09, 0x90, 0x00, 0x00, 0x00, 0xFF, 0xFF, 0x55, 0x55, 0x55, 0x55,
    0xFE, 0xFF, 0x89, 0x9D, 0xD8, 0x89, 0x1D, 0xD8, 0x00, 0x00, 0xFF, 0xFF, 0x55, 0x55, 0x55, 0x55,
    0xFF, 0x00, 0x09, 0x90, 0x00, 0x09, 0x90, 0x00, 0x00, 0x00, 0xFF, 0xFF, 0x55, 0x55, 0x55, 0x55,
    0xFF, 0x00, 0x40, 0x02, 0x24, 0x40, 0x02, 0x24, 0x00, 0x00, 0xFF, 0xFF, 0x55, 0x55, 0x55, 0x55,
    0x00, 0x01, 0x00, 0x00, 0x00, 0x00, 0x00, 0x00, 0x00, 0x00, 0xFF, 0xFF, 0x55, 0x55, 0x55, 0x55,
    0x15, 0x00, 0x49, 0x92, 0x24, 0x49, 0x92, 0x04, 0x00, 0x00, 0xFF, 0xFF, 0x55, 0x55, 0x55, 0x55,
    0x0B, 0xE8, 0xB6, 0x6D, 0x1B, 0xC6, 0xC2, 0xFC, 0x00, 0x00, 0xFF, 0xFF, 0x55, 0x55, 0x55, 0x55,
    0xFC, 0x01, 0x89, 0x55, 0x01, 0x00, 0x00, 0xF0, 0x00, 0x00, 0xFF, 0xFF, 0x55, 0x55, 0x55, 0x55,
    0x29, 0xAE, 0xFF, 0xFF, 0x47, 0x81, 0x6D, 0xDB, 0x00, 0x00, 0xFF, 0xFF, 0x55, 0x55, 0x55, 0x55,
    0x22, 0xEA, 0xCE, 0x6F, 0xFE, 0x46, 0x6E, 0x83, 0x00, 0x00, 0xFF, 0xFF, 0x55, 0x55, 0x55, 0x55,
    0xFC, 0x01, 0x70, 0x0A, 0x00, 0x00, 0x20, 0x00, 0x00, 0x00, 0xFF, 0xFF, 0x55, 0x55, 0x55, 0x55,
    0x1D, 0xED, 0xFF, 0xF3, 0x9F, 0x7F, 0xD0, 0xC1, 0x00, 0x00, 0xFF, 0xFF, 0x55, 0x55, 0x55, 0x55,
    0xF7, 0x01, 0x49, 0x92, 0xA4, 0xC9, 0x91, 0x08, 0x00, 0x00, 0xFF, 0xFF, 0x55, 0x55, 0x55, 0x55,
    0xFD, 0x00, 0x03, 0x00, 0x00, 0x00, 0x08, 0x28, 0x00, 0x00, 0xFF, 0xFF, 0x55, 0x55, 0x55, 0x55,
    0x0B, 0xD9, 0x81, 0x2D, 0xDB, 0xB6, 0x6D, 0xDB, 0x00, 0x00, 0xFF, 0xFF, 0x55, 0x55, 0x55, 0x55,
    0x0E, 0xF8, 0xFD, 0x95, 0x07, 0xB6, 0x6D, 0xDB, 0x00, 0x00, 0xFF, 0xFF, 0x55, 0x55, 0x55, 0x55,
    0x00, 0x01, 0x00, 0x00, 0x00, 0x00, 0x00, 0x00, 0x00, 0x00, 0xFF, 0xFF, 0x55, 0x55, 0x55, 0x55,
    0x00, 0x01, 0x00, 0x00, 0x00, 0x00, 0x00, 0x00, 0x00, 0x00, 0xFF, 0xFF, 0x55, 0x55, 0x55, 0x55,
    0x00, 0x01, 0x00, 0x00, 0x00, 0x00, 0x00, 0x00, 0x00, 0x00, 0xFF, 0xFF, 0x55, 0x55, 0x55, 0x55,
    0x00, 0x01, 0x00, 0x00, 0x00, 0x00, 0x00, 0x00, 0x00, 0x00, 0xFF, 0xFF, 0x55, 0x55, 0x55, 0x55,
    0x00, 0x01, 0x00, 0x00, 0x00, 0x00, 0x00, 0x00, 0x00, 0x00, 0xFF, 0xFF, 0x55, 0x55, 0x55, 0x55,
    0x00, 0x01, 0x00, 0x00, 0x00, 0x00, 0x00, 0x00, 0x00, 0x00, 0xFF, 0xFF, 0x55, 0x55, 0x55, 0x55,
    0x00, 0x01, 0x00, 0x00, 0x00, 0x00, 0x00, 0x00, 0x00, 0x00, 0xFF, 0xFF, 0x55, 0x55, 0x55, 0x55,
    0x00, 0x01, 0x00, 0x00, 0x00, 0x00, 0x00, 0x00, 0x00, 0x00, 0xFF, 0xFF, 0x55, 0x55, 0x55, 0x55,
    0x00, 0x01, 0x00, 0x00, 0x00, 0x00, 0x00, 0x00, 0x00, 0x00, 0xFF, 0xFF, 0x55, 0x55, 0x55, 0x55,
    0x00, 0x01, 0x00, 0x00, 0x00, 0x00, 0x00, 0x00, 0x00, 0x00, 0xFF, 0xFF, 0x55, 0x55, 0x55, 0x55,
    0x00, 0x01, 0x00, 0x00, 0x00, 0x00, 0x00, 0x00, 0x00, 0x00, 0xFF, 0xFF, 0x55, 0x55, 0x55, 0x55,
    0x00, 0x01, 0x00, 0x00, 0x00, 0x00, 0x00, 0x00, 0x00, 0x00, 0xFF, 0xFF, 0x55, 0x55, 0x55, 0x55,
    0x00, 0x01, 0x00, 0x00, 0x00, 0x00, 0x00, 0x00, 0x00, 0x00, 0xFF, 0xFF, 0x55, 0x55, 0x55, 0x55,
    0x00, 0x01, 0x00, 0x00, 0x00, 0x00, 0x00, 0x00, 0x00, 0x00, 0xFF, 0xFF, 0x55, 0x55, 0x55, 0x55,
    0x00, 0x01, 0x00, 0x00, 0x00, 0x00, 0x00, 0x00, 0x00, 0x00, 0xFF, 0xFF, 0x55, 0x55, 0x55, 0x55,
    0x00, 0x01, 0x00, 0x00, 0x00, 0x00, 0x00, 0x00, 0x00, 0x00, 0xFF, 0xFF, 0x55, 0x55, 0x55, 0x55,
    0x00, 0x01, 0x00, 0x00, 0x00, 0x00, 0x00, 0x00, 0x00, 0x00, 0xFF, 0xFF, 0x55, 0x55, 0x55, 0x55,
    0x00, 0x01, 0x00, 0x00, 0x00, 0x00, 0x00, 0x00, 0x00, 0x00, 0xFF, 0xFF, 0x55, 0x55, 0x55, 0x55,
    0x00, 0x01, 0x00, 0x00, 0x00, 0x00, 0x00, 0x00, 0x00, 0x00, 0xFF, 0xFF, 0x55, 0x55, 0x55, 0x55,
    0x00, 0x01, 0x00, 0x00, 0x00, 0x00, 0x00, 0x00, 0x00, 0x00, 0xFF, 0xFF, 0x55, 0x55, 0x55, 0x55,
    0x00, 0x01, 0x00, 0x00, 0x00, 0x00, 0x00, 0x00, 0x00, 0x00, 0xFF, 0xFF, 0x55, 0x55, 0x55, 0x55,
    0x59, 0x9C, 0xB6, 0x6D, 0xDB, 0x36, 0x6E, 0xE7, 0x00, 0x00, 0xFF, 0xFF, 0x55, 0x55, 0x55, 0x55,
    0x70, 0xC5, 0xC6, 0xEF, 0xFC, 0xFF, 0xFF, 0xFF, 0x00, 0x00, 0xFF, 0xFF, 0x55, 0x55, 0x55, 0x55,
    0x2C, 0xC4, 0xB4, 0x07, 0x3B, 0xFF, 0xFF, 0xFF, 0x00, 0x00, 0xFF, 0xFF, 0x55, 0x55, 0x55, 0x55,
    0x30, 0xE2, 0xFF, 0xFC, 0xC3, 0xFF, 0xF3, 0x9F, 0x00, 0x00, 0xFF, 0xFF, 0x55, 0x55, 0x55, 0x55,
    0x04, 0xE0, 0xB6, 0x6D, 0x83, 0x56, 0xEE, 0xFE, 0x00, 0x00, 0xFF, 0xFF, 0x55, 0x55, 0x55, 0x55,
    0x14, 0xD7, 0xFE, 0x9F, 0xFF, 0xFF, 0xFF, 0x21, 0x00, 0x00, 0xFF, 0xFF, 0x55, 0x55, 0x55, 0x55,
    0x17, 0xE7, 0xB6, 0x1D, 0xC2, 0x7F, 0xF0, 0x7F, 0x00, 0x00, 0xFF, 0xFF, 0x55, 0x55, 0x55, 0x55,
    0xFF, 0x00, 0x01, 0x10, 0x00, 0x01, 0x10, 0x00, 0x00, 0x00, 0xFF, 0xFF, 0x55, 0x55, 0x55, 0x55,
    0xFF, 0x00, 0x48, 0x82, 0x24, 0x48, 0x82, 0x24, 0x00, 0x00, 0xFF, 0xFF, 0x55, 0x55, 0x55, 0x55,
    0xFF, 0x00, 0x49, 0x90, 0x04, 0x49, 0x90, 0x04, 0x00, 0x00, 0xFF, 0xFF, 0x55, 0x55, 0x55, 0x55,
    0xF9, 0xFF, 0x49, 0x9C, 0xC4, 0x49, 0x9C, 0xC0, 0x00, 0x00, 0xFF, 0xFF, 0x55, 0x55, 0x55, 0x55,
    0x00, 0x01, 0x00, 0x00, 0x00, 0x00, 0x00, 0x00, 0x00, 0x00, 0xFF, 0xFF, 0x55, 0x55, 0x55, 0x55,
    0x00, 0x01, 0x00, 0x00, 0x00, 0x00, 0x00, 0x00, 0x00, 0x00, 0xFF, 0xFF, 0x55, 0x55, 0x55, 0x55,
    0xFF, 0x00, 0x09, 0x90, 0x00, 0x09, 0x90, 0x00, 0x00, 0x00, 0xFF, 0xFF, 0x55, 0x55, 0x55, 0x55,
    0xFF, 0x00, 0x40, 0x00, 0x04, 0x40, 0x00, 0x04, 0x00, 0x00, 0xFF, 0xFF, 0x55, 0x55, 0x55, 0x55,
    0xFF, 0x00, 0x40, 0x02, 0x24, 0x40, 0x02, 0x24, 0x00, 0x00, 0xFF, 0xFF, 0x55, 0x55, 0x55, 0x55,
    0xFE, 0x15, 0x02, 0x42, 0xC0, 0x05, 0x78, 0x40, 0x00, 0x00, 0xFF, 0xFF, 0x55, 0x55, 0x55, 0x55,
    0x13, 0xCC, 0x36, 0x6E, 0xEF, 0x36, 0x6F, 0xE7, 0x00, 0x00, 0xFF, 0xFF, 0x55, 0x55, 0x55, 0x55,
    0x38, 0xED, 0x8F, 0x7D, 0xDA, 0x9F, 0x7D, 0xD8, 0x00, 0x00, 0xFF, 0xFF, 0x55, 0x55, 0x55, 0x55,
    0xFF, 0x00, 0x00, 0x02, 0x20, 0x00, 0x02, 0x20, 0x00, 0x00, 0xFF, 0xFF, 0x55, 0x55, 0x55, 0x55,
    0xFF, 0xC9, 0x01, 0x72, 0xE0, 0x06, 0x5C, 0xA0, 0x00, 0x00, 0xFF, 0xFF, 0x55, 0x55, 0x55, 0x55,
    0x00, 0x01, 0x00, 0x00, 0x00, 0x00, 0x00, 0x00, 0x00, 0x00, 0xFF, 0xFF, 0x55, 0x55, 0x55, 0x55,
    0xFF, 0x00, 0x09, 0x90, 0x00, 0x09, 0x90, 0x00, 0x00, 0x00, 0xFF, 0xFF, 0x55, 0x55, 0x55, 0x55,
    0xFF, 0x00, 0x40, 0x02, 0x24, 0x40, 0x02, 0x24, 0x00, 0x00, 0xFF, 0xFF, 0x55, 0x55, 0x55, 0x55,
    0x00, 0x01, 0x00, 0x00, 0x00, 0x00, 0x00, 0x00, 0x00, 0x00, 0xFF, 0xFF, 0x55, 0x55, 0x55, 0x55,
    0x1B, 0xEF, 0xF9, 0xDF, 0xFF, 0xFB, 0x8F, 0xFC, 0x00, 0x00, 0xFF, 0xFF, 0x55, 0x55, 0x55, 0x55,
    0x06, 0xF7, 0xB0, 0x2D, 0xDB, 0x15, 0xF0, 0xFF, 0x00, 0x00, 0xFF, 0xFF, 0x55, 0x55, 0x55, 0x55,
    0x04, 0xF9, 0xC6, 0x6F, 0xFD, 0xEA, 0xFF, 0xFF, 0x00, 0x00, 0xFF, 0xFF, 0x55, 0x55, 0x55, 0x55,
    0x1A, 0xEF, 0x8F, 0xFD, 0xDA, 0x9F, 0x1D, 0xD8, 0x00, 0x00, 0xFF, 0xFF, 0x55, 0x55, 0x55, 0x55,
    0xFF, 0x00, 0x09, 0x90, 0x00, 0x09, 0x90, 0x24, 0x00, 0x00, 0xFF, 0xFF, 0x55, 0x55, 0x55, 0x55,
    0xFF, 0x00, 0x40, 0x02, 0x24, 0x40, 0x92, 0x24, 0x00, 0x00, 0xFF, 0xFF, 0x55, 0x55, 0x55, 0x55,
    0x35, 0xFF, 0xB6, 0x6D, 0x1B, 0x06, 0xE3, 0x24, 0x00, 0x00, 0xFF, 0xFF, 0x55, 0x55, 0x55, 0x55,
    0xFF, 0x02, 0x39, 0x41, 0x00, 0x00, 0x04, 0x35, 0x00, 0x00, 0xFF, 0xFF, 0x55, 0x55, 0x55, 0x55,
    0x15, 0xF4, 0xFF, 0xF3, 0x0C, 0x83, 0x6D, 0xDB, 0x00, 0x00, 0xFF, 0xFF, 0x55, 0x55, 0x55, 0x55,
    0x1A, 0x8D, 0x81, 0x6D, 0xDB, 0xB6, 0x6D, 0xDB, 0x00, 0x00, 0xFF, 0xFF, 0x55, 0x55, 0x55, 0x55,
    0x00, 0x01, 0x00, 0x00, 0x00, 0x00, 0x00, 0x00, 0x00, 0x00, 0xFF, 0xFF, 0x55, 0x55, 0x55, 0x55,
    0x00, 0x01, 0x00, 0x00, 0x00, 0x00, 0x00, 0x00, 0x00, 0x00, 0xFF, 0xFF, 0x55, 0x55, 0x55, 0x55,
    0x00, 0x01, 0x00, 0x00, 0x00, 0x00, 0x00, 0x00, 0x00, 0x00, 0xFF, 0xFF, 0x55, 0x55, 0x55, 0x55,
    0x00, 0x01, 0x00, 0x00, 0x00, 0x00, 0x00, 0x00, 0x00, 0x00, 0xFF, 0xFF, 0x55, 0x55, 0x55, 0x55,
    0x83, 0xFC, 0xC6, 0xEF, 0xFC, 0xFE, 0xEF, 0xFF, 0x00, 0x00, 0xFF, 0xFF, 0x55, 0x55, 0x55, 0x55,
    0xFE, 0x01, 0xC0, 0x83, 0x26, 0x00, 0x00, 0x00, 0x00, 0x00, 0xFF, 0xFF, 0x55, 0x55, 0x55, 0x55,
    0xFF, 0x00, 0x49, 0x92, 0x24, 0x00, 0x02, 0x20, 0x00, 0x00, 0xFF, 0xFF, 0x55, 0x55, 0x55, 0x55,
    0x00, 0x01, 0x00, 0x00, 0x00, 0x00, 0x00, 0x00, 0x00, 0x00, 0xFF, 0xFF, 0x55, 0x55, 0x55, 0x55,
    0x00, 0x01, 0x00, 0x00, 0x00, 0x00, 0x00, 0x00, 0x00, 0x00, 0xFF, 0xFF, 0x55, 0x55, 0x55, 0x55,
    0x00, 0x01, 0x00, 0x00, 0x00, 0x00, 0x00, 0x00, 0x00, 0x00, 0xFF, 0xFF, 0x55, 0x55, 0x55, 0x55,
    0x00, 0x01, 0x00, 0x00, 0x00, 0x00, 0x00, 0x00, 0x00, 0x00, 0xFF, 0xFF, 0x55, 0x55, 0x55, 0x55,
    0x00, 0x01, 0x00, 0x00, 0x00, 0x00, 0x00, 0x00, 0x00, 0x00, 0xFF, 0xFF, 0x55, 0x55, 0x55, 0x55,
    0x00, 0x01, 0x00, 0x00, 0x00, 0x00, 0x00, 0x00, 0x00, 0x00, 0xFF, 0xFF, 0x55, 0x55, 0x55, 0x55,
    0x00, 0x01, 0x00, 0x00, 0x00, 0x00, 0x00, 0x00, 0x00, 0x00, 0xFF, 0xFF, 0x55, 0x55, 0x55, 0x55,
    0x00, 0x01, 0x00, 0x00, 0x00, 0x00, 0x00, 0x00, 0x00, 0x00, 0xFF, 0xFF, 0x55, 0x55, 0x55, 0x55,
    0x00, 0x01, 0x00, 0x00, 0x00, 0x00, 0x00, 0x00, 0x00, 0x00, 0xFF, 0xFF, 0x55, 0x55, 0x55, 0x55,
    0x00, 0x01, 0x00, 0x00, 0x00, 0x00, 0x00, 0x00, 0x00, 0x00, 0xFF, 0xFF, 0x55, 0x55, 0x55, 0x55,
    0x00, 0x01, 0x00, 0x00, 0x00, 0x00, 0x00, 0x00, 0x00, 0x00, 0xFF, 0xFF, 0x55, 0x55, 0x55, 0x55,
    0x00, 0x01, 0x00, 0x00, 0x00, 0x00, 0x00, 0x00, 0x00, 0x00, 0xFF, 0xFF, 0x55, 0x55, 0x55, 0x55,
    0x00, 0x01, 0x00, 0x00, 0x00, 0x00, 0x00, 0x00, 0x00, 0x00, 0xFF, 0xFF, 0x55, 0x55, 0x55, 0x55,
    0x00, 0x01, 0x00, 0x00, 0x00, 0x00, 0x00, 0x00, 0x00, 0x00, 0xFF, 0xFF, 0x55, 0x55, 0x55, 0x55,
    0x00, 0x01, 0x00, 0x00, 0x00, 0x00, 0x00, 0x00, 0x00, 0x00, 0xFF, 0xFF, 0x55, 0x55, 0x55, 0x55,
    0x00, 0x01, 0x00, 0x00, 0x00, 0x00, 0x00, 0x00, 0x00, 0x00, 0xFF, 0xFF, 0x55, 0x55, 0x55, 0x55,
    0x00, 0x01, 0x00, 0x00, 0x00, 0x00, 0x00, 0x00, 0x00, 0x00, 0xFF, 0xFF, 0x55, 0x55, 0x55, 0x55,
    0x00, 0x01, 0x00, 0x00, 0x00, 0x00, 0x00, 0x00, 0x00, 0x00, 0xFF, 0xFF, 0x55, 0x55, 0x55, 0x55,
    0x00, 0x01, 0x00, 0x00, 0x00, 0x00, 0x00, 0x00, 0x00, 0x00, 0xFF, 0xFF, 0x55, 0x55, 0x55, 0x55,
    0x00, 0x01, 0x00, 0x00, 0x00, 0x00, 0x00, 0x00, 0x00, 0x00, 0xFF, 0xFF, 0x55, 0x55, 0x55, 0x55,
    0x00, 0x01, 0x00, 0x00, 0x00, 0x00, 0x00, 0x00, 0x00, 0x00, 0xFF, 0xFF, 0x55, 0x55, 0x55, 0x55,
    0x00, 0x01, 0x00, 0x00, 0x00, 0x00, 0x00, 0x00, 0x00, 0x00, 0xFF, 0xFF, 0x55, 0x55, 0x55, 0x55,
    0x03, 0xDB, 0x76, 0x6E, 0x1B, 0xB6, 0x65, 0x9B, 0x00, 0x00, 0xFF, 0xFF, 0x55, 0x55, 0x55, 0x55,
    0x13, 0xF2, 0xFF, 0x9F, 0x07, 0x7F, 0xFD, 0xCF, 0x00, 0x00, 0xFF, 0xFF, 0x55, 0x55, 0x55, 0x55,
    0x01, 0xE4, 0xFF, 0x6F, 0xE4, 0xD6, 0x6F, 0xFE, 0x00, 0x00, 0xFF, 0xFF, 0x55, 0x55, 0x55, 0x55,
    0xFF, 0x03, 0x00, 0x8C, 0x24, 0x4B, 0xD2, 0x24, 0x00, 0x00, 0xFF, 0xFF, 0x55, 0x55, 0x55, 0x55,
    0x23, 0xF0, 0xCE, 0xEF, 0xFC, 0xE6, 0x6F, 0xE4, 0x00, 0x00, 0xFF, 0xFF, 0x55, 0x55, 0x55, 0x55,
    0x26, 0xFF, 0x81, 0x97, 0x79, 0x09, 0x91, 0x24, 0x00, 0x00, 0xFF, 0xFF, 0x55, 0x55, 0x55, 0x55,
    0x30, 0xAE, 0xFF, 0xFB, 0xBF, 0xB6, 0x1D, 0xD8, 0x00, 0x00, 0xFF, 0xFF, 0x55, 0x55, 0x55, 0x55,
    0xFF, 0x00, 0x01, 0x10, 0x00, 0x01, 0x10, 0x00, 0x00, 0x00, 0xFF, 0xFF, 0x55, 0x55, 0x55, 0x55,
    0x01, 0x0C, 0xB7, 0x7D, 0xDB, 0xB7, 0x7D, 0x23, 0x00, 0x00, 0xFF, 0xFF, 0x55, 0x55, 0x55, 0x55,
    0x02, 0xF1, 0x36, 0x6E, 0xEB, 0x36, 0x2F, 0xE6, 0x00, 0x00, 0xFF, 0xFF, 0x55, 0x55, 0x55, 0x55,
    0x58, 0xEB, 0x7F, 0xFC, 0xD7, 0xFF, 0xFC, 0xC3, 0x00, 0x00, 0xFF, 0xFF, 0x55, 0x55, 0x55, 0x55,
    0xD1, 0xFF, 0x76, 0x62, 0x27, 0x36, 0x63, 0x23, 0x00, 0x00, 0xFF, 0xFF, 0x55, 0x55, 0x55, 0x55,
    0x01, 0x46, 0xBF, 0xFD, 0xC3, 0xBF, 0xFC, 0xD7, 0x00, 0x00, 0xFF, 0xFF, 0x55, 0x55, 0x55, 0x55,
    0x18, 0xFF, 0x76, 0x62, 0x27, 0x76, 0x62, 0x24, 0x00, 0x00, 0xFF, 0xFF, 0x55, 0x55, 0x55, 0x55,
    0xEC, 0xFD, 0xBF, 0xFF, 0xFB, 0x8F, 0x7F, 0xF8, 0x00, 0x00, 0xFF, 0xFF, 0x55, 0x55, 0x55, 0x55,
    0xFF, 0x00, 0x40, 0x02, 0x24, 0x40, 0x02, 0x24, 0x00, 0x00, 0xFF, 0xFF, 0x55, 0x55, 0x55, 0x55,
    0xFD, 0x00, 0x01, 0x90, 0x01, 0x21, 0x10, 0x03, 0x00, 0x00, 0xFF, 0xFF, 0x55, 0x55, 0x55, 0x55,
    0xFE, 0x08, 0x09, 0x60, 0x03, 0x24, 0x00, 0x00, 0x00, 0x00, 0xFF, 0xFF, 0x55, 0x55, 0x55, 0x55,
    0xF0, 0x01, 0x48, 0xA2, 0x24, 0x4C, 0xE2, 0x24, 0x00, 0x00, 0xFF, 0xFF, 0x55, 0x55, 0x55, 0x55,
    0xFF, 0x00, 0x00, 0x02, 0x20, 0x00, 0x02, 0x20, 0x00, 0x00, 0xFF, 0xFF, 0x55, 0x55, 0x55, 0x55,
    0xFF, 0xE7, 0x01, 0x62, 0xC0, 0x04, 0x28, 0x40, 0x00, 0x00, 0xFF, 0xFF, 0x55, 0x55, 0x55, 0x55,
    0x00, 0x01, 0x00, 0x00, 0x00, 0x00, 0x00, 0x00, 0x00, 0x00, 0xFF, 0xFF, 0x55, 0x55, 0x55, 0x55,
    0xFF, 0x00, 0x09, 0x90, 0x00, 0x49, 0x02, 0x00, 0x00, 0x00, 0xFF, 0xFF, 0x55, 0x55, 0x55, 0x55,
    0xFF, 0x00, 0x40, 0x02, 0x24, 0x49, 0x92, 0x24, 0x00, 0x00, 0xFF, 0xFF, 0x55, 0x55, 0x55, 0x55,
    0x00, 0x01, 0x00, 0x00, 0x00, 0x00, 0x00, 0x00, 0x00, 0x00, 0xFF, 0xFF, 0x55, 0x55, 0x55, 0x55,
    0x0D, 0xE3, 0x56, 0x6E, 0x63, 0xB6, 0xFD, 0xFF, 0x00, 0x00, 0xFF, 0xFF, 0x55, 0x55, 0x55, 0x55,
    0xA9, 0xF7, 0xFF, 0xAF, 0x26, 0xB6, 0x6D, 0xDB, 0x00, 0x00, 0xFF, 0xFF, 0x55, 0x55, 0x55, 0x55,
    0x11, 0xE4, 0xFF, 0x93, 0x0E, 0xB6, 0x6D, 0xDB, 0x00, 0x00, 0xFF, 0xFF, 0x55, 0x55, 0x55, 0x55,
    0x31, 0xFF, 0xB0, 0x6D, 0xDB, 0xB6, 0x6D, 0x3B, 0x00, 0x00, 0xFF, 0xFF, 0x55, 0x55, 0x55, 0x55,
    0xFF, 0x00, 0x49, 0x92, 0x24, 0x49, 0x02, 0x20, 0x00, 0x00, 0xFF, 0xFF, 0x55, 0x55, 0x55, 0x55,
    0x00, 0x01, 0x00, 0x00, 0x00, 0x00, 0x00, 0x00, 0x00, 0x00, 0xFF, 0xFF, 0x55, 0x55, 0x55, 0x55,
    0x05, 0xC7, 0xFE, 0xE3, 0xCC, 0xB6, 0x6D, 0x83, 0x00, 0x00, 0xFF, 0xFF, 0x55, 0x55, 0x55, 0x55,
    0x00, 0xF4, 0x03, 0x00, 0x00, 0x00, 0xD0, 0x24, 0x00, 0x00, 0xFF, 0xFF, 0x55, 0x55, 0x55, 0x55,
    0x08, 0xC6, 0xB6, 0x6D, 0xDB, 0xB6, 0x1D, 0xC2, 0x00, 0x00, 0xFF, 0xFF, 0x55, 0x55, 0x55, 0x55,
    0x06, 0x6D, 0xB6, 0x6D, 0xDB, 0xB6, 0x6D, 0x23, 0x00, 0x00, 0xFF, 0xFF, 0x55, 0x55, 0x55, 0x55,
    0xC4, 0xF9, 0xB6, 0x6D, 0xDB, 0xB6, 0x8D, 0x26, 0x00, 0x00, 0xFF, 0xFF, 0x55, 0x55, 0x55, 0x55,
    0xD1, 0x00, 0x49, 0x92, 0x24, 0x49, 0x82, 0x3D, 0x00, 0x00, 0xFF, 0xFF, 0x55, 0x55, 0x55, 0x55,
    0x01, 0xE8, 0x00, 0x00, 0x00, 0x80, 0x0A, 0xE4, 0x00, 0x00, 0xFF, 0xFF, 0x55, 0x55, 0x55, 0x55,
    0xE1, 0xFA, 0xB6, 0x6D, 0xDB, 0x4A, 0xF0, 0xFF, 0x00, 0x00, 0xFF, 0xFF, 0x55, 0x55, 0x55, 0x55,
    0x0E, 0xAB, 0xFE, 0x6F, 0xDB, 0x85, 0xFD, 0xD8, 0x00, 0x00, 0xFF, 0xFF, 0x55, 0x55, 0x55, 0x55,
    0xFF, 0x00, 0x00, 0x90, 0x24, 0x49, 0x92, 0x24, 0x00, 0x00, 0xFF, 0xFF, 0x55, 0x55, 0x55, 0x55,
    0xFF, 0x00, 0x00, 0x92, 0x24, 0x49, 0x92, 0x24, 0x00, 0x00, 0xFF, 0xFF, 0x55, 0x55, 0x55, 0x55,
    0x00, 0x01, 0x00, 0x00, 0x00, 0x00, 0x00, 0x00, 0x00, 0x00, 0xFF, 0xFF, 0x55, 0x55, 0x55, 0x55,
    0x00, 0x01, 0x00, 0x00, 0x00, 0x00, 0x00, 0x00, 0x00, 0x00, 0xFF, 0xFF, 0x55, 0x55, 0x55, 0x55,
    0x00, 0x01, 0x00, 0x00, 0x00, 0x00, 0x00, 0x00, 0x00, 0x00, 0xFF, 0xFF, 0x55, 0x55, 0x55, 0x55,
    0x00, 0x01, 0x00, 0x00, 0x00, 0x00, 0x00, 0x00, 0x00, 0x00, 0xFF, 0xFF, 0x55, 0x55, 0x55, 0x55,
    0x00, 0x01, 0x00, 0x00, 0x00, 0x00, 0x00, 0x00, 0x00, 0x00, 0xFF, 0xFF, 0x55, 0x55, 0x55, 0x55,
    0x00, 0x01, 0x00, 0x00, 0x00, 0x00, 0x00, 0x00, 0x00, 0x00, 0xFF, 0xFF, 0x55, 0x55, 0x55, 0x55,
    0x00, 0x01, 0x00, 0x00, 0x00, 0x00, 0x00, 0x00, 0x00, 0x00, 0xFF, 0xFF, 0x55, 0x55, 0x55, 0x55,
    0x00, 0x01, 0x00, 0x00, 0x00, 0x00, 0x00, 0x00, 0x00, 0x00, 0xFF, 0xFF, 0x55, 0x55, 0x55, 0x55,
    0x00, 0x01, 0x00, 0x00, 0x00, 0x00, 0x00, 0x00, 0x00, 0x00, 0xFF, 0xFF, 0x55, 0x55, 0x55, 0x55,
    0x00, 0x01, 0x00, 0x00, 0x00, 0x00, 0x00, 0x00, 0x00, 0x00, 0xFF, 0xFF, 0x55, 0x55, 0x55, 0x55,
    0x00, 0x01, 0x00, 0x00, 0x00, 0x00, 0x00, 0x00, 0x00, 0x00, 0xFF, 0xFF, 0x55, 0x55, 0x55, 0x55,
    0x00, 0x01, 0x00, 0x00, 0x00, 0x00, 0x00, 0x00, 0x00, 0x00, 0xFF, 0xFF, 0x55, 0x55, 0x55, 0x55,
    0x00, 0x01, 0x00, 0x00, 0x00, 0x00, 0x00, 0x00, 0x00, 0x00, 0xFF, 0xFF, 0x55, 0x55, 0x55, 0x55,
    0x00, 0x01, 0x00, 0x00, 0x00, 0x00, 0x00, 0x00, 0x00, 0x00, 0xFF, 0xFF, 0x55, 0x55, 0x55, 0x55,
    0x00, 0x01, 0x00, 0x00, 0x00, 0x00, 0x00, 0x00, 0x00, 0x00, 0xFF, 0xFF, 0x55, 0x55, 0x55, 0x55,
    0x00, 0x01, 0x00, 0x00, 0x00, 0x00, 0x00, 0x00, 0x00, 0x00, 0xFF, 0xFF, 0x55, 0x55, 0x55, 0x55,
    0x00, 0x01, 0x00, 0x00, 0x00, 0x00, 0x00, 0x00, 0x00, 0x00, 0xFF, 0xFF, 0x55, 0x55, 0x55, 0x55,
    0x00, 0x01, 0x00, 0x00, 0x00, 0x00, 0x00, 0x00, 0x00, 0x00, 0xFF, 0xFF, 0x55, 0x55, 0x55, 0x55,
    0x00, 0x01, 0x00, 0x00, 0x00, 0x00, 0x00, 0x00, 0x00, 0x00, 0xFF, 0xFF, 0x55, 0x55, 0x55, 0x55,
    0x00, 0x01, 0x00, 0x00, 0x00, 0x00, 0x00, 0x00, 0x00, 0x00, 0xFF, 0xFF, 0x55, 0x55, 0x55, 0x55,
    0x00, 0x01, 0x00, 0x00, 0x00, 0x00, 0x00, 0x00, 0x00, 0x00, 0xFF, 0xFF, 0x55, 0x55, 0x55, 0x55,
    0x00, 0x01, 0x00, 0x00, 0x00, 0x00, 0x00, 0x00, 0x00, 0x00, 0xFF, 0xFF, 0x55, 0x55, 0x55, 0x55,
    0x11, 0xFB, 0xB6, 0x6B, 0x23, 0xFB, 0xCF, 0xFF, 0x00, 0x00, 0xFF, 0xFF, 0x55, 0x55, 0x55, 0x55,
    0x01, 0xE7, 0xBF, 0xFC, 0xC0, 0xFF, 0xFF, 0xFF, 0x00, 0x00, 0xFF, 0xFF, 0x55, 0x55, 0x55, 0x55,
    0xFF, 0x09, 0x19, 0x10, 0x40, 0x00, 0x00, 0x00, 0x00, 0x00, 0xFF, 0xFF, 0x55, 0x55, 0x55, 0x55,
    0x28, 0xDC, 0xB0, 0x6D, 0xDB, 0x8F, 0x7D, 0xDA, 0x00, 0x00, 0xFF, 0xFF, 0x55, 0x55, 0x55, 0x55,
    0x17, 0xAE, 0x36, 0x62, 0xDB, 0xB6, 0xED, 0xFC, 0x00, 0x00, 0xFF, 0xFF, 0x55, 0x55, 0x55, 0x55,
    0x26, 0xFC, 0xF9, 0x0F, 0xE6, 0x36, 0x7A, 0x59, 0x00, 0x00, 0xFF, 0xFF, 0x55, 0x55, 0x55, 0x55,
    0xFE, 0x00, 0x00, 0x03, 0xA0, 0x00, 0x04, 0x00, 0x00, 0x00, 0xFF, 0xFF, 0x55, 0x55, 0x55, 0x55,
    0xFF, 0x00, 0x01, 0x10, 0x00, 0x01, 0x90, 0x24, 0x00, 0x00, 0xFF, 0xFF, 0x55, 0x55, 0x55, 0x55,
    0xFE, 0xFF, 0x49, 0x92, 0x24, 0x49, 0x60, 0xDB, 0x00, 0x00, 0xFF, 0xFF, 0x55, 0x55, 0x55, 0x55,
    0x3F, 0xFA, 0xFF, 0xFF, 0xFF, 0x29, 0x65, 0xDB, 0x00, 0x00, 0xFF, 0xFF, 0x55, 0x55, 0x55, 0x55,
    0x05, 0xDB, 0x0F, 0x1C, 0xD9, 0xB0, 0x6D, 0xDB, 0x00, 0x00, 0xFF, 0xFF, 0x55, 0x55, 0x55, 0x55,
    0xFF, 0x02, 0x09, 0x91, 0x1C, 0x49, 0x9A, 0x24, 0x00, 0x00, 0xFF, 0xFF, 0x55, 0x55, 0x55, 0x55,
    0xFF, 0x1A, 0xC0, 0x02, 0x00, 0x00, 0x70, 0x0A, 0x00, 0x00, 0xFF, 0xFF, 0x55, 0x55, 0x55, 0x55,
    0xFF, 0x0F, 0x21, 0x00, 0x00, 0x00, 0x00, 0xCD, 0x00, 0x00, 0xFF, 0xFF, 0x55, 0x55, 0x55, 0x55,
    0x39, 0xDD, 0xAF, 0x7F, 0xF9, 0xB4, 0x6F, 0xFB, 0x00, 0x00, 0xFF, 0xFF, 0x55, 0x55, 0x55, 0x55,
    0xFF, 0x00, 0x40, 0x02, 0x24, 0x40, 0x02, 0x24, 0x00, 0x00, 0xFF, 0xFF, 0x55, 0x55, 0x55, 0x55,
    0x06, 0xFB, 0x46, 0x6E, 0xF7, 0x36, 0x6F, 0xEF, 0x00, 0x00, 0xFF, 0xFF, 0x55, 0x55, 0x55, 0x55,
    0x5F, 0xFA, 0xFF, 0xF3, 0xBF, 0xFF, 0xF7, 0x1F, 0x00, 0x00, 0xFF, 0xFF, 0x55, 0x55, 0x55, 0x55,
    0x13, 0x00, 0x48, 0x92, 0x24, 0x49, 0x92, 0x24, 0x00, 0x00, 0xFF, 0xFF, 0x55, 0x55, 0x55, 0x55,
    0xFF, 0x00, 0x00, 0x02, 0x20, 0x00, 0x02, 0x20, 0x00, 0x00, 0xFF, 0xFF, 0x55, 0x55, 0x55, 0x55,
    0x00, 0x01, 0x00, 0x00, 0x00, 0x00, 0x00, 0x00, 0x00, 0x00, 0xFF, 0xFF, 0x55, 0x55, 0x55, 0x55,
    0x00, 0x01, 0x00, 0x00, 0x00, 0x00, 0x00, 0x00, 0x00, 0x00, 0xFF, 0xFF, 0x55, 0x55, 0x55, 0x55,
    0xFE, 0xFF, 0x49, 0x92, 0x24, 0x49, 0x92, 0x24, 0x00, 0x00, 0xFF, 0xFF, 0x55, 0x55, 0x55, 0x55,
    0x00, 0x01, 0x00, 0x00, 0x00, 0x00, 0x00, 0x00, 0x00, 0x00, 0xFF, 0xFF, 0x55, 0x55, 0x55, 0x55,
    0x00, 0x01, 0x00, 0x00, 0x00, 0x00, 0x00, 0x00, 0x00, 0x00, 0xFF, 0xFF, 0x55, 0x55, 0x55, 0x55,
    0xFE, 0xFF, 0x49, 0x92, 0x24, 0x49, 0x92, 0x24, 0x00, 0x00, 0xFF, 0xFF, 0x55, 0x55, 0x55, 0x55,
    0x00, 0x01, 0x00, 0x00, 0x00, 0x00, 0x00, 0x00, 0x00, 0x00, 0xFF, 0xFF, 0x55, 0x55, 0x55, 0x55,
    0x00, 0x01, 0x00, 0x00, 0x00, 0x00, 0x00, 0x00, 0x00, 0x00, 0xFF, 0xFF, 0x55, 0x55, 0x55, 0x55,
    0xFF, 0x00, 0x49, 0x90, 0x04, 0x49, 0x90, 0x24, 0x00, 0x00, 0xFF, 0xFF, 0x55, 0x55, 0x55, 0x55,
    0xFF, 0x00, 0x00, 0x02, 0x20, 0x00, 0x92, 0x24, 0x00, 0x00, 0xFF, 0xFF, 0x55, 0x55, 0x55, 0x55,
    0x00, 0x01, 0x00, 0x00, 0x00, 0x00, 0x00, 0x00, 0x00, 0x00, 0xFF, 0xFF, 0x55, 0x55, 0x55, 0x55,
    0x11, 0xF8, 0x46, 0xEF, 0xFD, 0xEE, 0xEF, 0xFC, 0x00, 0x00, 0xFF, 0xFF, 0x55, 0x55, 0x55, 0x55,
    0x00, 0x75, 0xFF, 0xFF, 0xFF, 0x0F, 0x72, 0x41, 0x00, 0x00, 0xFF, 0xFF, 0x55, 0x55, 0x55, 0x55,
    0x10, 0xF6, 0x7F, 0xF1, 0x7F, 0xFF, 0xFB, 0x3F, 0x00, 0x00, 0xFF, 0xFF, 0x55, 0x55, 0x55, 0x55,
    0x04, 0xE1, 0x46, 0xEF, 0xFD, 0xEE, 0xEF, 0xFC, 0x00, 0x00, 0xFF, 0xFF, 0x55, 0x55, 0x55, 0x55,
    0x04, 0x5C, 0xFF, 0xFF, 0xFF, 0x0F, 0x7A, 0x18, 0x00, 0x00, 0xFF, 0xFF, 0x55, 0x55, 0x55, 0x55,
    0x16, 0xEB, 0x7F, 0xF0, 0x9F, 0xFF, 0xFB, 0x3F, 0x00, 0x00, 0xFF, 0xFF, 0x55, 0x55, 0x55, 0x55,
    0x05, 0x93, 0xB6, 0x6D, 0xDB, 0x36, 0x6A, 0xE7, 0x00, 0x00, 0xFF, 0xFF, 0x55, 0x55, 0x55, 0x55,
    0x12, 0xF5, 0x36, 0x64, 0xDB, 0x4D, 0xFE, 0xFF, 0x00, 0x00, 0xFF, 0xFF, 0x55, 0x55, 0x55, 0x55,
    0xF3, 0xFF, 0x81, 0x9D, 0xD8, 0x89, 0x9D, 0xD8, 0x00, 0x00, 0xFF, 0xFF, 0x55, 0x55, 0x55, 0x55,
    0x00, 0x01, 0x00, 0x00, 0x00, 0x00, 0x00, 0x00, 0x00, 0x00, 0xFF, 0xFF, 0x55, 0x55, 0x55, 0x55,
    0x00, 0x01, 0x00, 0x00, 0x00, 0x00, 0x00, 0x00, 0x00, 0x00, 0xFF, 0xFF, 0x55, 0x55, 0x55, 0x55,
    0x00, 0x01, 0x00, 0x00, 0x00, 0x00, 0x00, 0x00, 0x00, 0x00, 0xFF, 0xFF, 0x55, 0x55, 0x55, 0x55,
    0x00, 0x01, 0x00, 0x00, 0x00, 0x00, 0x00, 0x00, 0x00, 0x00, 0xFF, 0xFF, 0x55, 0x55, 0x55, 0x55,
    0x00, 0x01, 0x00, 0x00, 0x00, 0x00, 0x00, 0x00, 0x00, 0x00, 0xFF, 0xFF, 0x55, 0x55, 0x55, 0x55,
    0x00, 0x01, 0x00, 0x00, 0x00, 0x00, 0x00, 0x00, 0x00, 0x00, 0xFF, 0xFF, 0x55, 0x55, 0x55, 0x55,
    0x00, 0x01, 0x00, 0x00, 0x00, 0x00, 0x00, 0x00, 0x00, 0x00, 0xFF, 0xFF, 0x55, 0x55, 0x55, 0x55,
    0x00, 0x01, 0x00, 0x00, 0x00, 0x00, 0x00, 0x00, 0x00, 0x00, 0xFF, 0xFF, 0x55, 0x55, 0x55, 0x55,
    0x00, 0x01, 0x00, 0x00, 0x00, 0x00, 0x00, 0x00, 0x00, 0x00, 0xFF, 0xFF, 0x55, 0x55, 0x55, 0x55,
    0x00, 0x01, 0x00, 0x00, 0x00, 0x00, 0x00, 0x00, 0x00, 0x00, 0xFF, 0xFF, 0x55, 0x55, 0x55, 0x55,
    0x00, 0x01, 0x00, 0x00, 0x00, 0x00, 0x00, 0x00, 0x00, 0x00, 0xFF, 0xFF, 0x55, 0x55, 0x55, 0x55,
    0x00, 0x01, 0x00, 0x00, 0x00, 0x00, 0x00, 0x00, 0x00, 0x00, 0xFF, 0xFF, 0x55, 0x55, 0x55, 0x55,
    0x00, 0x01, 0x00, 0x00, 0x00, 0x00, 0x00, 0x00, 0x00, 0x00, 0xFF, 0xFF, 0x55, 0x55, 0x55, 0x55,
    0x00, 0x01, 0x00, 0x00, 0x00, 0x00, 0x00, 0x00, 0x00, 0x00, 0xFF, 0xFF, 0x55, 0x55, 0x55, 0x55,
    0x00, 0x01, 0x00, 0x00, 0x00, 0x00, 0x00, 0x00, 0x00, 0x00, 0xFF, 0xFF, 0x55, 0x55, 0x55, 0x55,
    0x00, 0x01, 0x00, 0x00, 0x00, 0x00, 0x00, 0x00, 0x00, 0x00, 0xFF, 0xFF, 0x55, 0x55, 0x55, 0x55,
    0x00, 0x01, 0x00, 0x00, 0x00, 0x00, 0x00, 0x00, 0x00, 0x00, 0xFF, 0xFF, 0x55, 0x55, 0x55, 0x55,
    0x00, 0x01, 0x00, 0x00, 0x00, 0x00, 0x00, 0x00, 0x00, 0x00, 0xFF, 0xFF, 0x55, 0x55, 0x55, 0x55,
    0x00, 0x01, 0x00, 0x00, 0x00, 0x00, 0x00, 0x00, 0x00, 0x00, 0xFF, 0xFF, 0x55, 0x55, 0x55, 0x55,
    0x00, 0x01, 0x00, 0x00, 0x00, 0x00, 0x00, 0x00, 0x00, 0x00, 0xFF, 0xFF, 0x55, 0x55, 0x55, 0x55,
    0x00, 0x01, 0x00, 0x00, 0x00, 0x00, 0x00, 0x00, 0x00, 0x00, 0xFF, 0xFF, 0x55, 0x55, 0x55, 0x55,
    0x00, 0x01, 0x00, 0x00, 0x00, 0x00, 0x00, 0x00, 0x00, 0x00, 0xFF, 0xFF, 0x55, 0x55, 0x55, 0x55,
    0x00, 0x01, 0x00, 0x00, 0x00, 0x00, 0x00, 0x00, 0x00, 0x00, 0xFF, 0xFF, 0x55, 0x55, 0x55, 0x55,
    0x00, 0x01, 0x00, 0x00, 0x00, 0x00, 0x00, 0x00, 0x00, 0x00, 0xFF, 0xFF, 0x55, 0x55, 0x55, 0x55,
    0x2B, 0xE2, 0xF9, 0x6F, 0xFC, 0xDE, 0xEF, 0xFE, 0x00, 0x00, 0xFF, 0xFF, 0x55, 0x55, 0x55, 0x55,
    0x33, 0xC3, 0xFF, 0x1F, 0x1B, 0xB4, 0x07, 0x3B, 0x00, 0x00, 0xFF, 0xFF, 0x55, 0x55, 0x55, 0x55,
    0x34, 0xE8, 0xFF, 0xFF, 0xD7, 0xFF, 0xFC, 0xC3, 0x00, 0x00, 0xFF, 0xFF, 0x55, 0x55, 0x55, 0x55,
    0x4C, 0xFF, 0x81, 0x6D, 0xDB, 0xB6, 0x6D, 0xDB, 0x00, 0x00, 0xFF, 0xFF, 0x55, 0x55, 0x55, 0x55,
    0x1D, 0xEF, 0xE6, 0xEF, 0xFD, 0x46, 0x6E, 0x83, 0x00, 0x00, 0xFF, 0xFF, 0x55, 0x55, 0x55, 0x55,
    0x0D, 0xE0, 0x9F, 0xF5, 0x82, 0xFF, 0x9F, 0xFF, 0x00, 0x00, 0xFF, 0xFF, 0x55, 0x55, 0x55, 0x55,
    0x18, 0xE1, 0xFF, 0xF3, 0x9F, 0x7F, 0x10, 0xC2, 0x00, 0x00, 0xFF, 0xFF, 0x55, 0x55, 0x55, 0x55,
    0xFF, 0x00, 0x01, 0x10, 0x00, 0x01, 0x10, 0x00, 0x00, 0x00, 0xFF, 0xFF, 0x55, 0x55, 0x55, 0x55,
    0xFF, 0x00, 0x00, 0x00, 0x00, 0x00, 0x80, 0x24, 0x00, 0x00, 0xFF, 0xFF, 0x55, 0x55, 0x55, 0x55,
    0xFF, 0x00, 0x00, 0x00, 0x00, 0x00, 0x90, 0x24, 0x00, 0x00, 0xFF, 0xFF, 0x55, 0x55, 0x55, 0x55,
    0xFF, 0x00, 0x49, 0x12, 0x00, 0x01, 0x10, 0x00, 0x00, 0x00, 0xFF, 0xFF, 0x55, 0x55, 0x55, 0x55,
    0xFF, 0x00, 0x49, 0x02, 0x00, 0x00, 0x00, 0x00, 0x00, 0x00, 0xFF, 0xFF, 0x55, 0x55, 0x55, 0x55,
    0x37, 0xF6, 0xB6, 0x9D, 0x12, 0xFF, 0xFF, 0xFF, 0x00, 0x00, 0xFF, 0xFF, 0x55, 0x55, 0x55, 0x55,
    0x0D, 0xFF, 0xB6, 0x6D, 0xDB, 0xB3, 0x1D, 0x19, 0x00, 0x00, 0xFF, 0xFF, 0x55, 0x55, 0x55, 0x55,
    0x12, 0xE8, 0xB6, 0x6D, 0xAC, 0xCA, 0x9F, 0xFF, 0x00, 0x00, 0xFF, 0xFF, 0x55, 0x55, 0x55, 0x55,
    0xE9, 0xFF, 0xB6, 0x8D, 0x16, 0x49, 0x92, 0x24, 0x00, 0x00, 0xFF, 0xFF, 0x55, 0x55, 0x55, 0x55,
    0x0D, 0xE5, 0xB6, 0xDD, 0xC1, 0x7F, 0xF4, 0x3F, 0x00, 0x00, 0xFF, 0xFF, 0x55, 0x55, 0x55, 0x55,
    0x06, 0xBF, 0xB6, 0x6D, 0x3B, 0xB6, 0x07, 0xDB, 0x00, 0x00, 0xFF, 0xFF, 0x55, 0x55, 0x55, 0x55,
    0x7F, 0xF9, 0xB6, 0xFD, 0x5F, 0xFF, 0xC3, 0xFF, 0x00, 0x00, 0xFF, 0xFF, 0x55, 0x55, 0x55, 0x55,
    0x1A, 0x90, 0xB6, 0x6D, 0xDB, 0xB0, 0x1D, 0xDB, 0x00, 0x00, 0xFF, 0xFF, 0x55, 0x55, 0x55, 0x55,
    0x12, 0xF1, 0xB6, 0x6D, 0xE4, 0xE6, 0x8F, 0xFC, 0x00, 0x00, 0xFF, 0xFF, 0x55, 0x55, 0x55, 0x55,
    0x34, 0xC1, 0xB6, 0xFD, 0xC3, 0x8F, 0x7D, 0xD9, 0x00, 0x00, 0xFF, 0xFF, 0x55, 0x55, 0x55, 0x55,
    0xFE, 0xFF, 0x49, 0x92, 0x24, 0x49, 0x92, 0x24, 0x00, 0x00, 0xFF, 0xFF, 0x55, 0x55, 0x55, 0x55,
    0x52, 0xF6, 0xB6, 0x6D, 0xDB, 0x60, 0xF2, 0xFF, 0x00, 0x00, 0xFF, 0xFF, 0x55, 0x55, 0x55, 0x55,
    0x4F, 0xDA, 0xB6, 0x6D, 0xDB, 0x91, 0xFD, 0xC3, 0x00, 0x00, 0xFF, 0xFF, 0x55, 0x55, 0x55, 0x55,
    0xFE, 0xFF, 0x49, 0x92, 0x24, 0x49, 0x92, 0x24, 0x00, 0x00, 0xFF, 0xFF, 0x55, 0x55, 0x55, 0x55,
    0xFA, 0x01, 0x49, 0x92, 0x24, 0xA1, 0x20, 0x00, 0x00, 0x00, 0xFF, 0xFF, 0x55, 0x55, 0x55, 0x55,
    0x5E, 0xDE, 0xB6, 0x6D, 0xDB, 0x81, 0xFD, 0xC3, 0x00, 0x00, 0xFF, 0xFF, 0x55, 0x55, 0x55, 0x55,
    0x01, 0x2A, 0xB6, 0x6D, 0xE3, 0xB6, 0x6E, 0xF7, 0x00, 0x00, 0xFF, 0xFF, 0x55, 0x55, 0x55, 0x55,
    0x0D, 0x1B, 0xB6, 0xFD, 0x3F, 0xFF, 0xFB, 0x5F, 0x00, 0x00, 0xFF, 0xFF, 0x55, 0x55, 0x55, 0x55,
    0x00, 0x01, 0x00, 0x00, 0x00, 0x00, 0x00, 0x00, 0x00, 0x00, 0xFF, 0xFF, 0x55, 0x55, 0x55, 0x55,
    0xFE, 0xFF, 0x46, 0xE2, 0x24, 0x4E, 0xE2, 0x24, 0x00, 0x00, 0xFF, 0xFF, 0x55, 0x55, 0x55, 0x55,
    0x01, 0xFF, 0xB1, 0x11, 0xDB, 0xB1, 0x1D, 0xDB, 0x00, 0x00, 0xFF, 0xFF, 0x55, 0x55, 0x55, 0x55,
    0xFF, 0xFE, 0x00, 0x02, 0x00, 0x00, 0x00, 0x00, 0x00, 0x00, 0xFF, 0xFF, 0x55, 0x55, 0x55, 0x55,
    0xF8, 0xFF, 0x46, 0xE2, 0x24, 0x4E, 0xE2, 0x24, 0x00, 0x00, 0xFF, 0xFF, 0x55, 0x55, 0x55, 0x55,
    0xFF, 0x00, 0x00, 0x00, 0x00, 0x00, 0x80, 0x24, 0x00, 0x00, 0xFF, 0xFF, 0x55, 0x55, 0x55, 0x55,
    0xFD, 0xFF, 0x49, 0x90, 0x24, 0x49, 0x62, 0xDB, 0x00, 0x00, 0xFF, 0xFF, 0x55, 0x55, 0x55, 0x55,
    0xFA, 0x00, 0x09, 0x90, 0x00, 0xC9, 0x90, 0x7C, 0x00, 0x00, 0xFF, 0xFF, 0x55, 0x55, 0x55, 0x55,
    0x02, 0xEF, 0x1F, 0x70, 0x61, 0xFF, 0x93, 0x54, 0x00, 0x00, 0xFF, 0xFF, 0x55, 0x55, 0x55, 0x55,
    0xBC, 0xD8, 0xBF, 0xFD, 0xDB, 0xB9, 0x8D, 0xDB, 0x00, 0x00, 0xFF, 0xFF, 0x55, 0x55, 0x55, 0x55,
    0x00, 0x01, 0x00, 0x00, 0x00, 0x00, 0x00, 0x00, 0x00, 0x00, 0xFF, 0xFF, 0x55, 0x55, 0x55, 0x55,
    0x00, 0x01, 0x00, 0x00, 0x00, 0x00, 0x00, 0x00, 0x00, 0x00, 0xFF, 0xFF, 0x55, 0x55, 0x55, 0x55,
    0x00, 0x01, 0x00, 0x00, 0x00, 0x00, 0x00, 0x00, 0x00, 0x00, 0xFF, 0xFF, 0x55, 0x55, 0x55, 0x55,
    0x00, 0x01, 0x00, 0x00, 0x00, 0x00, 0x00, 0x00, 0x00, 0x00, 0xFF, 0xFF, 0x55, 0x55, 0x55, 0x55,
    0x00, 0x01, 0x00, 0x00, 0x00, 0x00, 0x00, 0x00, 0x00, 0x00, 0xFF, 0xFF, 0x55, 0x55, 0x55, 0x55,
    0x00, 0x01, 0x00, 0x00, 0x00, 0x00, 0x00, 0x00, 0x00, 0x00, 0xFF, 0xFF, 0x55, 0x55, 0x55, 0x55,
    0x00, 0x01, 0x00, 0x00, 0x00, 0x00, 0x00, 0x00, 0x00, 0x00, 0xFF, 0xFF, 0x55, 0x55, 0x55, 0x55,
    0x00, 0x01, 0x00, 0x00, 0x00, 0x00, 0x00, 0x00, 0x00, 0x00, 0xFF, 0xFF, 0x55, 0x55, 0x55, 0x55,
    0x00, 0x01, 0x00, 0x00, 0x00, 0x00, 0x00, 0x00, 0x00, 0x00, 0xFF, 0xFF, 0x55, 0x55, 0x55, 0x55,
    0x00, 0x01, 0x00, 0x00, 0x00, 0x00, 0x00, 0x00, 0x00, 0x00, 0xFF, 0xFF, 0x55, 0x55, 0x55, 0x55,
    0x00, 0x01, 0x00, 0x00, 0x00, 0x00, 0x00, 0x00, 0x00, 0x00, 0xFF, 0xFF, 0x55, 0x55, 0x55, 0x55,
    0x00, 0x01, 0x00, 0x00, 0x00, 0x00, 0x00, 0x00, 0x00, 0x00, 0xFF, 0xFF, 0x55, 0x55, 0x55, 0x55,
    0x00, 0x01, 0x00, 0x00, 0x00, 0x00, 0x00, 0x00, 0x00, 0x00, 0xFF, 0xFF, 0x55, 0x55, 0x55, 0x55,
    0x00, 0x01, 0x00, 0x00, 0x00, 0x00, 0x00, 0x00, 0x00, 0x00, 0xFF, 0xFF, 0x55, 0x55, 0x55, 0x55,
    0x00, 0x01, 0x00, 0x00, 0x00, 0x00, 0x00, 0x00, 0x00, 0x00, 0xFF, 0xFF, 0x55, 0x55, 0x55, 0x55,
    0x00, 0x01, 0x00, 0x00, 0x00, 0x00, 0x00, 0x00, 0x00, 0x00, 0xFF, 0xFF, 0x55, 0x55, 0x55, 0x55,
    0x00, 0x01, 0x00, 0x00, 0x00, 0x00, 0x00, 0x00, 0x00, 0x00, 0xFF, 0xFF, 0x55, 0x55, 0x55, 0x55,
    0x00, 0x01, 0x00, 0x00, 0x00, 0x00, 0x00, 0x00, 0x00, 0x00, 0xFF, 0xFF, 0x55, 0x55, 0x55, 0x55,
    0x00, 0x01, 0x00, 0x00, 0x00, 0x00, 0x00, 0x00, 0x00, 0x00, 0xFF, 0xFF, 0x55, 0x55, 0x55, 0x55,
    0x00, 0x01, 0x00, 0x00, 0x00, 0x00, 0x00, 0x00, 0x00, 0x00, 0xFF, 0xFF, 0x55, 0x55, 0x55, 0x55,
    0x00, 0x01, 0x00, 0x00, 0x00, 0x00, 0x00, 0x00, 0x00, 0x00, 0xFF, 0xFF, 0x55, 0x55, 0x55, 0x55,
    0x00, 0x01, 0x00, 0x00, 0x00, 0x00, 0x00, 0x00, 0x00, 0x00, 0xFF, 0xFF, 0x55, 0x55, 0x55, 0x55,
    0x00, 0x01, 0x00, 0x00, 0x00, 0x00, 0x00, 0x00, 0x00, 0x00, 0xFF, 0xFF, 0x55, 0x55, 0x55, 0x55,
    0x00, 0x01, 0x00, 0x00, 0x00, 0x00, 0x00, 0x00, 0x00, 0x00, 0xFF, 0xFF, 0x55, 0x55, 0x55, 0x55,
    0xFF, 0x12, 0x01, 0x64, 0x80, 0x04, 0x2C, 0x20, 0x00, 0x00, 0xFF, 0xFF, 0x55, 0x55, 0x55, 0x55,
    0xFE, 0x02, 0x49, 0x90, 0x18, 0x09, 0x91, 0x08, 0x00, 0x00, 0xFF, 0xFF, 0x55, 0x55, 0x55, 0x55,
    0x0A, 0xF5, 0x0F, 0x7C, 0xDA, 0x9F, 0x1D, 0xD8, 0x00, 0x00, 0xFF, 0xFF, 0x55, 0x55, 0x55, 0x55,
    0x00, 0x01, 0x00, 0x00, 0x00, 0x00, 0x00, 0x00, 0x00, 0x00, 0xFF, 0xFF, 0x55, 0x55, 0x55, 0x55,
    0x00, 0x01, 0x00, 0x00, 0x00, 0x00, 0x00, 0x00, 0x00, 0x00, 0xFF, 0xFF, 0x55, 0x55, 0x55, 0x55,
    0xFF, 0x00, 0x01, 0x10, 0x00, 0x01, 0x10, 0x00, 0x00, 0x00, 0xFF, 0xFF, 0x55, 0x55, 0x55, 0x55,
    0x00, 0x01, 0x00, 0x00, 0x00, 0x00, 0x00, 0x00, 0x00, 0x00, 0xFF, 0xFF, 0x55, 0x55, 0x55, 0x55,
    0xFF, 0x00, 0x01, 0x10, 0x00, 0x01, 0x10, 0x00, 0x00, 0x00, 0xFF, 0xFF, 0x55, 0x55, 0x55, 0x55,
    0xFF, 0x00, 0x48, 0x82, 0x24, 0x48, 0x82, 0x24, 0x00, 0x00, 0xFF, 0xFF, 0x55, 0x55, 0x55, 0x55,
    0x00, 0x01, 0x00, 0x00, 0x00, 0x00, 0x00, 0x00, 0x00, 0x00, 0xFF, 0xFF, 0x55, 0x55, 0x55, 0x55,
    0xFF, 0x00, 0x01, 0x10, 0x00, 0x01, 0x10, 0x00, 0x00, 0x00, 0xFF, 0xFF, 0x55, 0x55, 0x55, 0x55,
    0x01, 0x12, 0x37, 0x72, 0xDB, 0xB7, 0x7D, 0xDB, 0x00, 0x00, 0xFF, 0xFF, 0x55, 0x55, 0x55, 0x55,
    0xFF, 0x04, 0x16, 0x10, 0x03, 0x09, 0x90, 0x00, 0x00, 0x00, 0xFF, 0xFF, 0x55, 0x55, 0x55, 0x55,
    0x68, 0xF6, 0x9F, 0xF1, 0x7A, 0x8F, 0xFB, 0x38, 0x00, 0x00, 0xFF, 0xFF, 0x55, 0x55, 0x55, 0x55,
    0xFF, 0x10, 0x00, 0x00, 0xA0, 0x00, 0x0E, 0x20, 0x00, 0x00, 0xFF, 0xFF, 0x55, 0x55, 0x55, 0x55,
    0x0E, 0x61, 0x01, 0x6A, 0xDB, 0xB6, 0x6D, 0xDB, 0x00, 0x00, 0xFF, 0xFF, 0x55, 0x55, 0x55, 0x55,
    0x04, 0xEE, 0xF9, 0xBF, 0xFF, 0xFA, 0x8F, 0xFF, 0x00, 0x00, 0xFF, 0xFF, 0x55, 0x55, 0x55, 0x55,
    0xFE, 0x00, 0x4D, 0xB2, 0x24, 0x4A, 0x82, 0x24, 0x00, 0x00, 0xFF, 0xFF, 0x55, 0x55, 0x55, 0x55,
    0x00, 0xD5, 0xFB, 0x8F, 0xFC, 0xD8, 0x0F, 0xE4, 0x00, 0x00, 0xFF, 0xFF, 0x55, 0x55, 0x55, 0x55,
    0xFA, 0x00, 0x78, 0x02, 0x26, 0xC0, 0x0B, 0x50, 0x00, 0x00, 0xFF, 0xFF, 0x55, 0x55, 0x55, 0x55,
    0x75, 0xE5, 0xF8, 0x9F, 0xFF, 0xFF, 0xF3, 0x1F, 0x00, 0x00, 0xFF, 0xFF, 0x55, 0x55, 0x55, 0x55,
    0xD6, 0x01, 0x48, 0xD2, 0x24, 0x49, 0x92, 0x24, 0x00, 0x00, 0xFF, 0xFF, 0x55, 0x55, 0x55, 0x55,
    0xFE, 0xFF, 0x49, 0x92, 0x24, 0x49, 0x92, 0x24, 0x00, 0x00, 0xFF, 0xFF, 0x55, 0x55, 0x55, 0x55,
    0x01, 0x8D, 0xFF, 0x1F, 0xF4, 0x82, 0x0E, 0xE0, 0x00, 0x00, 0xFF, 0xFF, 0x55, 0x55, 0x55, 0x55,
    0xAE, 0xFD, 0xBF, 0xFC, 0xD7, 0x7F, 0xFC, 0xDF, 0x00, 0x00, 0xFF, 0xFF, 0x55, 0x55, 0x55, 0x55,
    0xFE, 0xFF, 0x49, 0x92, 0x24, 0x49, 0x92, 0x24, 0x00, 0x00, 0xFF, 0xFF, 0x55, 0x55, 0x55, 0x55,
    0x05, 0x95, 0xFF, 0x1F, 0xF0, 0x32, 0x0E, 0xFB, 0x00, 0x00, 0xFF, 0xFF, 0x55, 0x55, 0x55, 0x55,
    0xCB, 0xF8, 0x3F, 0xFC, 0xC7, 0xFF, 0xFD, 0xDF, 0x00, 0x00, 0xFF, 0xFF, 0x55, 0x55, 0x55, 0x55,
    0xFC, 0x00, 0x49, 0x91, 0x08, 0x31, 0x10, 0x01, 0x00, 0x00, 0xFF, 0xFF, 0x55, 0x55, 0x55, 0x55,
    0x07, 0xF4, 0x7F, 0xF0, 0xD7, 0xFF, 0xFC, 0xC0, 0x00, 0x00, 0xFF, 0xFF, 0x55, 0x55, 0x55, 0x55,
    0x00, 0x01, 0x00, 0x00, 0x00, 0x00, 0x00, 0x00, 0x00, 0x00, 0xFF, 0xFF, 0x55, 0x55, 0x55, 0x55,
    0x7C, 0xF9, 0xCE, 0xEF, 0xFC, 0xE6, 0x6F, 0xFC, 0x00, 0x00, 0xFF, 0xFF, 0x55, 0x55, 0x55, 0x55,
    0x02, 0x6F, 0x87, 0x71, 0x59, 0x0F, 0xF2, 0xFF, 0x00, 0x00, 0xFF, 0xFF, 0x55, 0x55, 0x55, 0x55,
    0xFF, 0x7A, 0x00, 0x00, 0x40, 0x00, 0x08, 0x20, 0x00, 0x00, 0xFF, 0xFF, 0x55, 0x55, 0x55, 0x55,
    0x7B, 0xFF, 0x4E, 0xE2, 0x26, 0x66, 0x62, 0x24, 0x00, 0x00, 0xFF, 0xFF, 0x55, 0x55, 0x55, 0x55,
    0x07, 0x74, 0x87, 0x7D, 0x19, 0x0F, 0xF2, 0xFF, 0x00, 0x00, 0xFF, 0xFF, 0x55, 0x55, 0x55, 0x55,
    0xFF, 0x63, 0x00, 0x00, 0x40, 0x00, 0x08, 0x20, 0x00, 0x00, 0xFF, 0xFF, 0x55, 0x55, 0x55, 0x55,
    0x00, 0x01, 0x00, 0x00, 0x00, 0x00, 0x00, 0x00, 0x00, 0x00, 0xFF, 0xFF, 0x55, 0x55, 0x55, 0x55,
    0x00, 0x01, 0x00, 0x00, 0x00, 0x00, 0x00, 0x00, 0x00, 0x00, 0xFF, 0xFF, 0x55, 0x55, 0x55, 0x55,
    0x00, 0x01, 0x00, 0x00, 0x00, 0x00, 0x00, 0x00, 0x00, 0x00, 0xFF, 0xFF, 0x55, 0x55, 0x55, 0x55,
    0x00, 0x01, 0x00, 0x00, 0x00, 0x00, 0x00, 0x00, 0x00, 0x00, 0xFF, 0xFF, 0x55, 0x55, 0x55, 0x55,
    0x00, 0x01, 0x00, 0x00, 0x00, 0x00, 0x00, 0x00, 0x00, 0x00, 0xFF, 0xFF, 0x55, 0x55, 0x55, 0x55,
    0x00, 0x01, 0x00, 0x00, 0x00, 0x00, 0x00, 0x00, 0x00, 0x00, 0xFF, 0xFF, 0x55, 0x55, 0x55, 0x55,
    0x00, 0x01, 0x00, 0x00, 0x00, 0x00, 0x00, 0x00, 0x00, 0x00, 0xFF, 0xFF, 0x55, 0x55, 0x55, 0x55,
    0x00, 0x01, 0x00, 0x00, 0x00, 0x00, 0x00, 0x00, 0x00, 0x00, 0xFF, 0xFF, 0x55, 0x55, 0x55, 0x55,
    0x00, 0x01, 0x00, 0x00, 0x00, 0x00, 0x00, 0x00, 0x00, 0x00, 0xFF, 0xFF, 0x55, 0x55, 0x55, 0x55,
    0x00, 0x01, 0x00, 0x00, 0x00, 0x00, 0x00, 0x00, 0x00, 0x00, 0xFF, 0xFF, 0x55, 0x55, 0x55, 0x55,
    0x00, 0x01, 0x00, 0x00, 0x00, 0x00, 0x00, 0x00, 0x00, 0x00, 0xFF, 0xFF, 0x55, 0x55, 0x55, 0x55,
    0x00, 0x01, 0x00, 0x00, 0x00, 0x00, 0x00, 0x00, 0x00, 0x00, 0xFF, 0xFF, 0x55, 0x55, 0x55, 0x55,
    0x00, 0x01, 0x00, 0x00, 0x00, 0x00, 0x00, 0x00, 0x00, 0x00, 0xFF, 0xFF, 0x55, 0x55, 0x55, 0x55,
    0x00, 0x01, 0x00, 0x00, 0x00, 0x00, 0x00, 0x00, 0x00, 0x00, 0xFF, 0xFF, 0x55, 0x55, 0x55, 0x55,
    0x00, 0x01, 0x00, 0x00, 0x00, 0x00, 0x00, 0x00, 0x00, 0x00, 0xFF, 0xFF, 0x55, 0x55, 0x55, 0x55,
    0x00, 0x01, 0x00, 0x00, 0x00, 0x00, 0x00, 0x00, 0x00, 0x00, 0xFF, 0xFF, 0x55, 0x55, 0x55, 0x55,
    0x00, 0x01, 0x00, 0x00, 0x00, 0x00, 0x00, 0x00, 0x00, 0x00, 0xFF, 0xFF, 0x55, 0x55, 0x55, 0x55,
    0x00, 0x01, 0x00, 0x00, 0x00, 0x00, 0x00, 0x00, 0x00, 0x00, 0xFF, 0xFF, 0x55, 0x55, 0x55, 0x55,
    0x00, 0x01, 0x00, 0x00, 0x00, 0x00, 0x00, 0x00, 0x00, 0x00, 0xFF, 0xFF, 0x55, 0x55, 0x55, 0x55,
    0x00, 0x01, 0x00, 0x00, 0x00, 0x00, 0x00, 0x00, 0x00, 0x00, 0xFF, 0xFF, 0x55, 0x55, 0x55, 0x55,
    0x00, 0x01, 0x00, 0x00, 0x00, 0x00, 0x00, 0x00, 0x00, 0x00, 0xFF, 0xFF, 0x55, 0x55, 0x55, 0x55,
    0x00, 0x01, 0x00, 0x00, 0x00, 0x00, 0x00, 0x00, 0x00, 0x00, 0xFF, 0xFF, 0x55, 0x55, 0x55, 0x55,
    0x00, 0x01, 0x00, 0x00, 0x00, 0x00, 0x00, 0x00, 0x00, 0x00, 0xFF, 0xFF, 0x55, 0x55, 0x55, 0x55,
    0x00, 0x01, 0x00, 0x00, 0x00, 0x00, 0x00, 0x00, 0x00, 0x00, 0xFF, 0xFF, 0x55, 0x55, 0x55, 0x55,
    0x00, 0x01, 0x00, 0x00, 0x00, 0x00, 0x00, 0x00, 0x00, 0x00, 0xFF, 0xFF, 0x55, 0x55, 0x55, 0x55,
    0x00, 0x01, 0x00, 0x00, 0x00, 0x00, 0x00, 0x00, 0x00, 0x00, 0xFF, 0xFF, 0x55, 0x55, 0x55, 0x55,
    0x00, 0x01, 0x00, 0x00, 0x00, 0x00, 0x00, 0x00, 0x00, 0x00, 0xFF, 0xFF, 0x55, 0x55, 0x55, 0x55,
    0x00, 0x01, 0x00, 0x00, 0x00, 0x00, 0x00, 0x00, 0x00, 0x00, 0xFF, 0xFF, 0x55, 0x55, 0x55, 0x55,
    0xF9, 0x00, 0x49, 0x92, 0x24, 0x49, 0x1C, 0x0B, 0x00, 0x00, 0xFF, 0xFF, 0x55, 0x55, 0x55, 0x55,
    0xFF, 0x03, 0x49, 0x92, 0x24, 0x14, 0x20, 0xB6, 0x00, 0x00, 0xFF, 0xFF, 0x55, 0x55, 0x55, 0x55,
    0xFE, 0x00, 0x49, 0x92, 0x24, 0xD0, 0x5A, 0x0A, 0x00, 0x00, 0xFF, 0xFF, 0x55, 0x55, 0x55, 0x55,
    0x06, 0xE4, 0xB6, 0x6D, 0xDB, 0xB0, 0x9D, 0xD9, 0x00, 0x00, 0xFF, 0xFF, 0x55, 0x55, 0x55, 0x55,
    0x00, 0x01, 0x00, 0x00, 0x00, 0x00, 0x00, 0x00, 0x00, 0x00, 0xFF, 0xFF, 0x55, 0x55, 0x55, 0x55,
    0xEE, 0xFF, 0xB6, 0xDD, 0xA4, 0x4B, 0x86, 0x04, 0x00, 0x00, 0xFF, 0xFF, 0x55, 0x55, 0x55, 0x55,
    0xFF, 0x00, 0x01, 0x10, 0x00, 0x01, 0x10, 0x00, 0x00, 0x00, 0xFF, 0xFF, 0x55, 0x55, 0x55, 0x55,
    0xFF, 0x00, 0x48, 0x82, 0x24, 0x00, 0x00, 0x00, 0x00, 0x00, 0xFF, 0xFF, 0x55, 0x55, 0x55, 0x55,
    0xFF, 0x00, 0x49, 0x92, 0x24, 0x00, 0x00, 0x00, 0x00, 0x00, 0xFF, 0xFF, 0x55, 0x55, 0x55, 0x55,
    0xFF, 0x00, 0x01, 0x10, 0x00, 0x01, 0x10, 0x00, 0x00, 0x00, 0xFF, 0xFF, 0x55, 0x55, 0x55, 0x55,
    0x01, 0x0F, 0xB7, 0x7D, 0xDB, 0x37, 0xF2, 0xFF, 0x00, 0x00, 0xFF, 0xFF, 0x55, 0x55, 0x55, 0x55,
    0x16, 0xFF, 0x46, 0x62, 0x25, 0x6A, 0x92, 0x24, 0x00, 0x00, 0xFF, 0xFF, 0x55, 0x55, 0x55, 0x55,
    0x30, 0xFE, 0x89, 0x93, 0x3A, 0xA1, 0x13, 0x39, 0x00, 0x00, 0xFF, 0xFF, 0x55, 0x55, 0x55, 0x55,
    0x02, 0xFF, 0x49, 0x90, 0xC4, 0x49, 0x9C, 0xC4, 0x00, 0x00, 0xFF, 0xFF, 0x55, 0x55, 0x55, 0x55,
    0x00, 0x01, 0x00, 0x00, 0x00, 0x00, 0x00, 0x00, 0x00, 0x00, 0xFF, 0xFF, 0x55, 0x55, 0x55, 0x55,
    0xFF, 0x00, 0x01, 0x10, 0x00, 0x01, 0x10, 0x00, 0x00, 0x00, 0xFF, 0xFF, 0x55, 0x55, 0x55, 0x55,
    0xFF, 0x00, 0x48, 0x82, 0x24, 0x48, 0x82, 0x24, 0x00, 0x00, 0xFF, 0xFF, 0x55, 0x55, 0x55, 0x55,
    0x09, 0xE4, 0xF6, 0x6E, 0x23, 0xB6, 0x67, 0x1B, 0x00, 0x00, 0xFF, 0xFF, 0x55, 0x55, 0x55, 0x55,
    0xFF, 0xF8, 0xC0, 0x00, 0x00, 0x00, 0x70, 0x00, 0x00, 0x00, 0xFF, 0xFF, 0x55, 0x55, 0x55, 0x55,
    0x11, 0xF1, 0x7F, 0xF0, 0xD3, 0x0F, 0x7C, 0xDA, 0x00, 0x00, 0xFF, 0xFF, 0x55, 0x55, 0x55, 0x55,
    0x00, 0x01, 0x00, 0x00, 0x00, 0x00, 0x00, 0x00, 0x00, 0x00, 0xFF, 0xFF, 0x55, 0x55, 0x55, 0x55,
    0xFE, 0xFF, 0x49, 0x92, 0x24, 0x49, 0x92, 0x24, 0x00, 0x00, 0xFF, 0xFF, 0x55, 0x55, 0x55, 0x55,
    0x04, 0xFF, 0xB6, 0x63, 0x3B, 0xB6, 0x03, 0x23, 0x00, 0x00, 0xFF, 0xFF, 0x55, 0x55, 0x55, 0x55,
    0xFF, 0x00, 0x00, 0x02, 0x20, 0x00, 0x02, 0x20, 0x00, 0x00, 0xFF, 0xFF, 0x55, 0x55, 0x55, 0x55,
    0xFE, 0xFF, 0x49, 0x92, 0x24, 0x49, 0x92, 0x24, 0x00, 0x00, 0xFF, 0xFF, 0x55, 0x55, 0x55, 0x55,
    0xFF, 0x00, 0x49, 0x90, 0x04, 0x49, 0x90, 0x04, 0x00, 0x00, 0xFF, 0xFF, 0x55, 0x55, 0x55, 0x55,
    0xFF, 0x00, 0x00, 0x02, 0x20, 0x00, 0x02, 0x20, 0x00, 0x00, 0xFF, 0xFF, 0x55, 0x55, 0x55, 0x55,
    0x08, 0xF9, 0xFA, 0xCF, 0xFF, 0xFD, 0x9F, 0xFF, 0x00, 0x00, 0xFF, 0xFF, 0x55, 0x55, 0x55, 0x55,
    0xFF, 0x00, 0x68, 0xA2, 0x24, 0x4D, 0xF2, 0x04, 0x00, 0x00, 0xFF, 0xFF, 0x55, 0x55, 0x55, 0x55,
    0xFF, 0x00, 0x49, 0x92, 0x24, 0x49, 0x02, 0x20, 0x00, 0x00, 0xFF, 0xFF, 0x55, 0x55, 0x55, 0x55,
    0x0A, 0xCD, 0x46, 0x6E, 0x83, 0xB6, 0x6D, 0xDB, 0x00, 0x00, 0xFF, 0xFF, 0x55, 0x55, 0x55, 0x55,
    0xCA, 0xFB, 0xFF, 0x8F, 0xA6, 0xB6, 0x6D, 0xDB, 0x00, 0x00, 0xFF, 0xFF, 0x55, 0x55, 0x55, 0x55,
    0x09, 0xCA, 0x7F, 0x10, 0xC2, 0xB6, 0x6D, 0xDB, 0x00, 0x00, 0xFF, 0xFF, 0x55, 0x55, 0x55, 0x55,
    0x0A, 0xD1, 0x46, 0x6E, 0x83, 0xB6, 0x6D, 0x30, 0x00, 0x00, 0xFF, 0xFF, 0x55, 0x55, 0x55, 0x55,
    0x7F, 0xFA, 0xFF, 0xCF, 0xA4, 0xB6, 0x9D, 0x10, 0x00, 0x00, 0xFF, 0xFF, 0x55, 0x55, 0x55, 0x55,
    0x04, 0xD4, 0x7F, 0xD1, 0xD9, 0xB6, 0x0D, 0x1B, 0x00, 0x00, 0xFF, 0xFF, 0x55, 0x55, 0x55, 0x55,
    0x68, 0xF8, 0xB6, 0x6D, 0xDB, 0xB6, 0xAD, 0x26, 0x00, 0x00, 0xFF, 0xFF, 0x55, 0x55, 0x55, 0x55,
    0x07, 0xD9, 0xB6, 0x6D, 0xDB, 0xB6, 0x1D, 0xC2, 0x00, 0x00, 0xFF, 0xFF, 0x55, 0x55, 0x55, 0x55,
    0x00, 0x01, 0x00, 0x00, 0x00, 0x00, 0x00, 0x00, 0x00, 0x00, 0xFF, 0xFF, 0x55, 0x55, 0x55, 0x55,
    0x00, 0x01, 0x00, 0x00, 0x00, 0x00, 0x00, 0x00, 0x00, 0x00, 0xFF, 0xFF, 0x55, 0x55, 0x55, 0x55,
    0x00, 0x01, 0x00, 0x00, 0x00, 0x00, 0x00, 0x00, 0x00, 0x00, 0xFF, 0xFF, 0x55, 0x55, 0x55, 0x55,
    0x00, 0x01, 0x00, 0x00, 0x00, 0x00, 0x00, 0x00, 0x00, 0x00, 0xFF, 0xFF, 0x55, 0x55, 0x55, 0x55,
    0x00, 0x01, 0x00, 0x00, 0x00, 0x00, 0x00, 0x00, 0x00, 0x00, 0xFF, 0xFF, 0x55, 0x55, 0x55, 0x55,
    0x00, 0x01, 0x00, 0x00, 0x00, 0x00, 0x00, 0x00, 0x00, 0x00, 0xFF, 0xFF, 0x55, 0x55, 0x55, 0x55,
    0x00, 0x01, 0x00, 0x00, 0x00, 0x00, 0x00, 0x00, 0x00, 0x00, 0xFF, 0xFF, 0x55, 0x55, 0x55, 0x55,
    0x00, 0x01, 0x00, 0x00, 0x00, 0x00, 0x00, 0x00, 0x00, 0x00, 0xFF, 0xFF, 0x55, 0x55, 0x55, 0x55,
    0x00, 0x01, 0x00, 0x00, 0x00, 0x00, 0x00, 0x00, 0x00, 0x00, 0xFF, 0xFF, 0x55, 0x55, 0x55, 0x55,
    0x00, 0x01, 0x00, 0x00, 0x00, 0x00, 0x00, 0x00, 0x00, 0x00, 0xFF, 0xFF, 0x55, 0x55, 0x55, 0x55,
    0x00, 0x01, 0x00, 0x00, 0x00, 0x00, 0x00, 0x00, 0x00, 0x00, 0xFF, 0xFF, 0x55, 0x55, 0x55, 0x55,
    0x00, 0x01, 0x00, 0x00, 0x00, 0x00, 0x00, 0x00, 0x00, 0x00, 0xFF, 0xFF, 0x55, 0x55, 0x55, 0x55,
    0x00, 0x01, 0x00, 0x00, 0x00, 0x00, 0x00, 0x00, 0x00, 0x00, 0xFF, 0xFF, 0x55, 0x55, 0x55, 0x55,
    0x00, 0x01, 0x00, 0x00, 0x00, 0x00, 0x00, 0x00, 0x00, 0x00, 0xFF, 0xFF, 0x55, 0x55, 0x55, 0x55,
    0x00, 0x01, 0x00, 0x00, 0x00, 0x00, 0x00, 0x00, 0x00, 0x00, 0xFF, 0xFF, 0x55, 0x55, 0x55, 0x55,
    0x00, 0x01, 0x00, 0x00, 0x00, 0x00, 0x00, 0x00, 0x00, 0x00, 0xFF, 0xFF, 0x55, 0x55, 0x55, 0x55,
    0x00, 0x01, 0x00, 0x00, 0x00, 0x00, 0x00, 0x00, 0x00, 0x00, 0xFF, 0xFF, 0x55, 0x55, 0x55, 0x55,
    0x00, 0x01, 0x00, 0x00, 0x00, 0x00, 0x00, 0x00, 0x00, 0x00, 0xFF, 0xFF, 0x55, 0x55, 0x55, 0x55,
    0x00, 0x01, 0x00, 0x00, 0x00, 0x00, 0x00, 0x00, 0x00, 0x00, 0xFF, 0xFF, 0x55, 0x55, 0x55, 0x55,
    0x00, 0x01, 0x00, 0x00, 0x00, 0x00, 0x00, 0x00, 0x00, 0x00, 0xFF, 0xFF, 0x55, 0x55, 0x55, 0x55,
    0x00, 0x01, 0x00, 0x00, 0x00, 0x00, 0x00, 0x00, 0x00, 0x00, 0xFF, 0xFF, 0x55, 0x55, 0x55, 0x55,
    0x00, 0x01, 0x00, 0x00, 0x00, 0x00, 0x00, 0x00, 0x00, 0x00, 0xFF, 0xFF, 0x55, 0x55, 0x55, 0x55,
    0x00, 0x01, 0x00, 0x00, 0x00, 0x00, 0x00, 0x00, 0x00, 0x00, 0xFF, 0xFF, 0x55, 0x55, 0x55, 0x55,
    0x00, 0x01, 0x00, 0x00, 0x00, 0x00, 0x00, 0x00, 0x00, 0x00, 0xFF, 0xFF, 0x55, 0x55, 0x55, 0x55,
    0x00, 0x01, 0x00, 0x00, 0x00, 0x00, 0x00, 0x00, 0x00, 0x00, 0xFF, 0xFF, 0x55, 0x55, 0x55, 0x55,
    0x02, 0xD3, 0xB6, 0x6D, 0x9B, 0xF6, 0x6E, 0x24, 0x00, 0x00, 0xFF, 0xFF, 0x55, 0x55, 0x55, 0x55,
    0xFF, 0x03, 0x85, 0x0C, 0x26, 0x4C, 0x9A, 0x44, 0x00, 0x00, 0xFF, 0xFF, 0x55, 0x55, 0x55, 0x55,
    0x02, 0x72, 0xB0, 0x6D, 0xDB, 0x49, 0xF2, 0xFF, 0x00, 0x00, 0xFF, 0xFF, 0x55, 0x55, 0x55, 0x55,
    0x2E, 0xFB, 0xB6, 0x61, 0xDB, 0xB0, 0x9D, 0xD9, 0x00, 0x00, 0xFF, 0xFF, 0x55, 0x55, 0x55, 0x55,
    0xFF, 0x01, 0x03, 0x93, 0x62, 0x49, 0x91, 0x84, 0x00, 0x00, 0xFF, 0xFF, 0x55, 0x55, 0x55, 0x55,
    0xF4, 0x00, 0x49, 0x92, 0x24, 0x4C, 0x82, 0x27, 0x00, 0x00, 0xFF, 0xFF, 0x55, 0x55, 0x55, 0x55,
    0xD2, 0xE7, 0xF9, 0xC3, 0x9F, 0xFB, 0x87, 0x1F, 0x00, 0x00, 0xFF, 0xFF, 0x55, 0x55, 0x55, 0x55,
    0xFF, 0x00, 0x01, 0x10, 0x00, 0x01, 0x10, 0x00, 0x00, 0x00, 0xFF, 0xFF, 0x55, 0x55, 0x55, 0x55,
    0xFF, 0x00, 0x00, 0x80, 0x24, 0x48, 0x82, 0x24, 0x00, 0x00, 0xFF, 0xFF, 0x55, 0x55, 0x55, 0x55,
    0xFF, 0x00, 0x00, 0x90, 0x24, 0x49, 0x92, 0x24, 0x00, 0x00, 0xFF, 0xFF, 0x55, 0x55, 0x55, 0x55,
    0xFF, 0x00, 0x01, 0x10, 0x00, 0x01, 0x10, 0x00, 0x00, 0x00, 0xFF, 0xFF, 0x55, 0x55, 0x55, 0x55,
    0xFE, 0xFF, 0x49, 0x92, 0x04, 0xB1, 0x1D, 0xDB, 0x00, 0x00, 0xFF, 0xFF, 0x55, 0x55, 0x55, 0x55,
    0x2E, 0xFA, 0xFF, 0x9F, 0x52, 0xB6, 0x6D, 0xDB, 0x00, 0x00, 0xFF, 0xFF, 0x55, 0x55, 0x55, 0x55,
    0xFD, 0x00, 0x4B, 0x90, 0x04, 0x49, 0x90, 0x04, 0x00, 0x00, 0xFF, 0xFF, 0x55, 0x55, 0x55, 0x55,
    0x04, 0xFF, 0x49, 0x9C, 0xC4, 0x49, 0x9C, 0x04, 0x00, 0x00, 0xFF, 0xFF, 0x55, 0x55, 0x55, 0x55,
    0x00, 0x01, 0x00, 0x00, 0x00, 0x00, 0x00, 0x00, 0x00, 0x00, 0xFF, 0xFF, 0x55, 0x55, 0x55, 0x55,
    0x07, 0xFF, 0x4E, 0xE2, 0x24, 0x4E, 0x82, 0x24, 0x00, 0x00, 0xFF, 0xFF, 0x55, 0x55, 0x55, 0x55,
    0xF1, 0xFE, 0xB7, 0x7D, 0xDB, 0xB1, 0x0D, 0xDB, 0x00, 0x00, 0xFF, 0xFF, 0x55, 0x55, 0x55, 0x55,
    0x32, 0xC1, 0xB6, 0x65, 0x3B, 0x36, 0x6E, 0xF7, 0x00, 0x00, 0xFF, 0xFF, 0x55, 0x55, 0x55, 0x55,
    0xC3, 0xFE, 0xFF, 0xFF, 0xFF, 0xFF, 0xFF, 0x23, 0x00, 0x00, 0xFF, 0xFF, 0x55, 0x55, 0x55, 0x55,
    0x19, 0xFB, 0xAF, 0xFD, 0xCB, 0x3F, 0xFD, 0x07, 0x00, 0x00, 0xFF, 0xFF, 0x55, 0x55, 0x55, 0x55,
    0x00, 0x01, 0x00, 0x00, 0x00, 0x00, 0x00, 0x00, 0x00, 0x00, 0xFF, 0xFF, 0x55, 0x55, 0x55, 0x55,
    0xFF, 0xFC, 0x00, 0x00, 0x00, 0x00, 0x00, 0x20, 0x00, 0x00, 0xFF, 0xFF, 0x55, 0x55, 0x55, 0x55,
    0x03, 0x73, 0xB2, 0x1E, 0xE4, 0xFF, 0xFF, 0xFF, 0x00, 0x00, 0xFF, 0xFF, 0x55, 0x55, 0x55, 0x55,
    0x4A, 0xFA, 0x7F, 0xFC, 0xD7, 0x3F, 0xFD, 0xC3, 0x00, 0x00, 0xFF, 0xFF, 0x55, 0x55, 0x55, 0x55,
    0xFE, 0xFF, 0x49, 0x92, 0x24, 0x49, 0x92, 0x24, 0x00, 0x00, 0xFF, 0xFF, 0x55, 0x55, 0x55, 0x55,
    0xFF, 0x00, 0x49, 0x90, 0x04, 0x49, 0x90, 0x04, 0x00, 0x00, 0xFF, 0xFF, 0x55, 0x55, 0x55, 0x55,
    0xFF, 0x00, 0x00, 0x02, 0x20, 0x00, 0x02, 0x20, 0x00, 0x00, 0xFF, 0xFF, 0x55, 0x55, 0x55, 0x55,
    0xFE, 0x11, 0x00, 0x20, 0x00, 0x04, 0x10, 0x01, 0x00, 0x00, 0xFF, 0xFF, 0x55, 0x55, 0x55, 0x55,
    0x06, 0x8A, 0x30, 0x0E, 0xEB, 0x45, 0xFE, 0xFF, 0x00, 0x00, 0xFF, 0xFF, 0x55, 0x55, 0x55, 0x55,
    0x11, 0xFB, 0x7F, 0xFC, 0xD7, 0xFF, 0xFC, 0xC2, 0x00, 0x00, 0xFF, 0xFF, 0x55, 0x55, 0x55, 0x55,
    0x00, 0x01, 0x00, 0x00, 0x00, 0x00, 0x00, 0x00, 0x00, 0x00, 0xFF, 0xFF, 0x55, 0x55, 0x55, 0x55,
    0x00, 0x01, 0x00, 0x00, 0x00, 0x00, 0x00, 0x00, 0x00, 0x00, 0xFF, 0xFF, 0x55, 0x55, 0x55, 0x55,
    0x00, 0x01, 0x00, 0x00, 0x00, 0x00, 0x00, 0x00, 0x00, 0x00, 0xFF, 0xFF, 0x55, 0x55, 0x55, 0x55,
    0xFC, 0x08, 0x19, 0x50, 0xC0, 0x82, 0x03, 0x24, 0x00, 0x00, 0xFF, 0xFF, 0x55, 0x55, 0x55, 0x55,
    0x08, 0xE4, 0xFF, 0x0F, 0x2C, 0xB6, 0x67, 0x1B, 0x00, 0x00, 0xFF, 0xFF, 0x55, 0x55, 0x55, 0x55,
    0x0D, 0xF6, 0x85, 0xF9, 0x39, 0xAF, 0xF3, 0xF8, 0x00, 0x00, 0xFF, 0xFF, 0x55, 0x55, 0x55, 0x55,
    0x38, 0xFF, 0x49, 0x92, 0x00, 0x89, 0x9D, 0xD8, 0x00, 0x00, 0xFF, 0xFF, 0x55, 0x55, 0x55, 0x55,
    0x93, 0xFE, 0x3F, 0xFC, 0xD7, 0x7F, 0xFC, 0xDF, 0x00, 0x00, 0xFF, 0xFF, 0x55, 0x55, 0x55, 0x55,
    0x00, 0x01, 0x00, 0x00, 0x00, 0x00, 0x00, 0x00, 0x00, 0x00, 0xFF, 0xFF, 0x55, 0x55, 0x55, 0x55,
    0x00, 0x01, 0x00, 0x00, 0x00, 0x00, 0x00, 0x00, 0x00, 0x00, 0xFF, 0xFF, 0x55, 0x55, 0x55, 0x55,
    0x00, 0x01, 0x00, 0x00, 0x00, 0x00, 0x00, 0x00, 0x00, 0x00, 0xFF, 0xFF, 0x55, 0x55, 0x55, 0x55,
    0x00, 0x01, 0x00, 0x00, 0x00, 0x00, 0x00, 0x00, 0x00, 0x00, 0xFF, 0xFF, 0x55, 0x55, 0x55, 0x55,
    0x00, 0x01, 0x00, 0x00, 0x00, 0x00, 0x00, 0x00, 0x00, 0x00, 0xFF, 0xFF, 0x55, 0x55, 0x55, 0x55,
    0x00, 0x01, 0x00, 0x00, 0x00, 0x00, 0x00, 0x00, 0x00, 0x00, 0xFF, 0xFF, 0x55, 0x55, 0x55, 0x55,
    0x00, 0x01, 0x00, 0x00, 0x00, 0x00, 0x00, 0x00, 0x00, 0x00, 0xFF, 0xFF, 0x55, 0x55, 0x55, 0x55,
    0x00, 0x01, 0x00, 0x00, 0x00, 0x00, 0x00, 0x00, 0x00, 0x00, 0xFF, 0xFF, 0x55, 0x55, 0x55, 0x55,
    0x00, 0x01, 0x00, 0x00, 0x00, 0x00, 0x00, 0x00, 0x00, 0x00, 0xFF, 0xFF, 0x55, 0x55, 0x55, 0x55,
    0x00, 0x01, 0x00, 0x00, 0x00, 0x00, 0x00, 0x00, 0x00, 0x00, 0xFF, 0xFF, 0x55, 0x55, 0x55, 0x55,
    0x00, 0x01, 0x00, 0x00, 0x00, 0x00, 0x00, 0x00, 0x00, 0x00, 0xFF, 0xFF, 0x55, 0x55, 0x55, 0x55,
    0x00, 0x01, 0x00, 0x00, 0x00, 0x00, 0x00, 0x00, 0x00, 0x00, 0xFF, 0xFF, 0x55, 0x55, 0x55, 0x55,
    0x00, 0x01, 0x00, 0x00, 0x00, 0x00, 0x00, 0x00, 0x00, 0x00, 0xFF, 0xFF, 0x55, 0x55, 0x55, 0x55,
    0x00, 0x01, 0x00, 0x00, 0x00, 0x00, 0x00, 0x00, 0x00, 0x00, 0xFF, 0xFF, 0x55, 0x55, 0x55, 0x55,
    0x00, 0x01, 0x00, 0x00, 0x00, 0x00, 0x00, 0x00, 0x00, 0x00, 0xFF, 0xFF, 0x55, 0x55, 0x55, 0x55,
    0x00, 0x01, 0x00, 0x00, 0x00, 0x00, 0x00, 0x00, 0x00, 0x00, 0xFF, 0xFF, 0x55, 0x55, 0x55, 0x55,
    0x00, 0x01, 0x00, 0x00, 0x00, 0x00, 0x00, 0x00, 0x00, 0x00, 0xFF, 0xFF, 0x55, 0x55, 0x55, 0x55,
    0x00, 0x01, 0x00, 0x00, 0x00, 0x00, 0x00, 0x00, 0x00, 0x00, 0xFF, 0xFF, 0x55, 0x55, 0x55, 0x55,
    0x00, 0x01, 0x00, 0x00, 0x00, 0x00, 0x00, 0x00, 0x00, 0x00, 0xFF, 0xFF, 0x55, 0x55, 0x55, 0x55,
    0x00, 0x01, 0x00, 0x00, 0x00, 0x00, 0x00, 0x00, 0x00, 0x00, 0xFF, 0xFF, 0x55, 0x55, 0x55, 0x55,
    0x00, 0x01, 0x00, 0x00, 0x00, 0x00, 0x00, 0x00, 0x00, 0x00, 0xFF, 0xFF, 0x55, 0x55, 0x55, 0x55,
    0x00, 0x01, 0x00, 0x00, 0x00, 0x00, 0x00, 0x00, 0x00, 0x00, 0xFF, 0xFF, 0x55, 0x55, 0x55, 0x55,
    0x00, 0x01, 0x00, 0x00, 0x00, 0x00, 0x00, 0x00, 0x00, 0x00, 0xFF, 0xFF, 0x55, 0x55, 0x55, 0x55,
    0x00, 0x01, 0x00, 0x00, 0x00, 0x00, 0x00, 0x00, 0x00, 0x00, 0xFF, 0xFF, 0x55, 0x55, 0x55, 0x55,
    0x00, 0x01, 0x00, 0x00, 0x00, 0x00, 0x00, 0x00, 0x00, 0x00, 0xFF, 0xFF, 0x55, 0x55, 0x55, 0x55,
    0x0B, 0xF9, 0xDE, 0xE5, 0xD6, 0xC8, 0xAC, 0xCB, 0x00, 0x00, 0xFF, 0xFF, 0x55, 0x55, 0x55, 0x55,
    0xEC, 0x00, 0x49, 0x90, 0x04, 0x49, 0x90, 0x04, 0x00, 0x00, 0xFF, 0xFF, 0x55, 0x55, 0x55, 0x55,
    0x14, 0x87, 0xB1, 0x11, 0xDB, 0x01, 0xF4, 0xFF, 0x00, 0x00, 0xFF, 0xFF, 0x55, 0x55, 0x55, 0x55,
    0x24, 0xF8, 0x0C, 0x8C, 0xCB, 0x0C, 0x1C, 0xD9, 0x00, 0x00, 0xFF, 0xFF, 0x55, 0x55, 0x55, 0x55,
    0x0D, 0x00, 0x49, 0x90, 0x24, 0x49, 0x92, 0x24, 0x00, 0x00, 0xFF, 0xFF, 0x55, 0x55, 0x55, 0x55,
    0x0C, 0xF0, 0xA1, 0xCD, 0xC0, 0xBA, 0x8C, 0xCF, 0x00, 0x00, 0xFF, 0xFF, 0x55, 0x55, 0x55, 0x55,
    0xB5, 0xCB, 0xF9, 0xC3, 0x9F, 0xFA, 0x87, 0x1F, 0x00, 0x00, 0xFF, 0xFF, 0x55, 0x55, 0x55, 0x55,
    0xFF, 0x00, 0x01, 0x10, 0x00, 0x01, 0x10, 0x00, 0x00, 0x00, 0xFF, 0xFF, 0x55, 0x55, 0x55, 0x55,
    0xFF, 0x00, 0x48, 0x82, 0x24, 0x48, 0x82, 0x24, 0x00, 0x00, 0xFF, 0xFF, 0x55, 0x55, 0x55, 0x55,
    0x00, 0x01, 0x00, 0x00, 0x00, 0x00, 0x00, 0x00, 0x00, 0x00, 0xFF, 0xFF, 0x55, 0x55, 0x55, 0x55,
    0xFF, 0x00, 0x01, 0x10, 0x00, 0x01, 0x10, 0x00, 0x00, 0x00, 0xFF, 0xFF, 0x55, 0x55, 0x55, 0x55,
    0xFF, 0x00, 0x48, 0x82, 0x24, 0x48, 0x82, 0x24, 0x00, 0x00, 0xFF, 0xFF, 0x55, 0x55, 0x55, 0x55,
    0x00, 0x01, 0x00, 0x00, 0x00, 0x00, 0x00, 0x00, 0x00, 0x00, 0xFF, 0xFF, 0x55, 0x55, 0x55, 0x55,
    0x7E, 0xF3, 0xB6, 0x63, 0xBB, 0xB6, 0x67, 0x1B, 0x00, 0x00, 0xFF, 0xFF, 0x55, 0x55, 0x55, 0x55,
    0xFE, 0x14, 0x00, 0x02, 0xE0, 0x00, 0x0A, 0x00, 0x00, 0x00, 0xFF, 0xFF, 0x55, 0x55, 0x55, 0x55,
    0x0C, 0x5D, 0xB6, 0x6D, 0xDB, 0xB6, 0x1D, 0x20, 0x00, 0x00, 0xFF, 0xFF, 0x55, 0x55, 0x55, 0x55,
    0xFE, 0x1B, 0x01, 0x70, 0x00, 0x05, 0x00, 0xC0, 0x00, 0x00, 0xFF, 0xFF, 0x55, 0x55, 0x55, 0x55,
    0x1A, 0xC9, 0xB1, 0x4D, 0xDB, 0xB0, 0x6D, 0xDB, 0x00, 0x00, 0xFF, 0xFF, 0x55, 0x55, 0x55, 0x55,
    0x12, 0xF2, 0x46, 0x6E, 0xFE, 0xC8, 0xBF, 0xFF, 0x00, 0x00, 0xFF, 0xFF, 0x55, 0x55, 0x55, 0x55,
    0xFF, 0x01, 0xC0, 0x87, 0xC5, 0x70, 0xA2, 0x24, 0x00, 0x00, 0xFF, 0xFF, 0x55, 0x55, 0x55, 0x55,
    0x42, 0xF4, 0xFF, 0xF7, 0x3F, 0xFD, 0xAF, 0xFF, 0x00, 0x00, 0xFF, 0xFF, 0x55, 0x55, 0x55, 0x55,
    0xDA, 0x01, 0x49, 0x92, 0x24, 0x4C, 0x82, 0x24, 0x00, 0x00, 0xFF, 0xFF, 0x55, 0x55, 0x55, 0x55,
    0xE0, 0xFF, 0x49, 0x60, 0xDB, 0xB6, 0x6D, 0xDB, 0x00, 0x00, 0xFF, 0xFF, 0x55, 0x55, 0x55, 0x55,
    0x4D, 0xF8, 0x60, 0x62, 0xDB, 0xB6, 0x6F, 0xFB, 0x00, 0x00, 0xFF, 0xFF, 0x55, 0x55, 0x55, 0x55,
    0x62, 0xD7, 0x81, 0x6D, 0xDB, 0xFF, 0xFD, 0xDF, 0x00, 0x00, 0xFF, 0xFF, 0x55, 0x55, 0x55, 0x55,
    0xFF, 0x00, 0x00, 0x90, 0x24, 0x49, 0x92, 0x24, 0x00, 0x00, 0xFF, 0xFF, 0x55, 0x55, 0x55, 0x55,
    0x06, 0xD4, 0xB6, 0x6F, 0xDB, 0x36, 0xE4, 0xE5, 0x00, 0x00, 0xFF, 0xFF, 0x55, 0x55, 0x55, 0x55,
    0x80, 0xF5, 0xFF, 0x6D, 0xDB, 0x18, 0x19, 0x6E, 0x00, 0x00, 0xFF, 0xFF, 0x55, 0x55, 0x55, 0x55,
    0xFB, 0x03, 0x49, 0x95, 0x24, 0xA3, 0x33, 0x40, 0x00, 0x00, 0xFF, 0xFF, 0x55, 0x55, 0x55, 0x55,
    0x03, 0xF5, 0x49, 0x6A, 0xDB, 0xB6, 0x3D, 0xD8, 0x00, 0x00, 0xFF, 0xFF, 0x55, 0x55, 0x55, 0x55,
    0x08, 0x70, 0x81, 0x6D, 0xDB, 0xB6, 0x6D, 0x1B, 0x00, 0x00, 0xFF, 0xFF, 0x55, 0x55, 0x55, 0x55,
    0x11, 0xF7, 0xB6, 0x6D, 0xDB, 0x58, 0xD3, 0xFF, 0x00, 0x00, 0xFF, 0xFF, 0x55, 0x55, 0x55, 0x55,
    0x75, 0xF6, 0xB6, 0x6D, 0xDB, 0x09, 0xF1, 0xFF, 0x00, 0x00, 0xFF, 0xFF, 0x55, 0x55, 0x55, 0x55,
    0x08, 0xC8, 0xB6, 0x6D, 0xDB, 0xB0, 0x1D, 0xD8, 0x00, 0x00, 0xFF, 0xFF, 0x55, 0x55, 0x55, 0x55,
    0xFF, 0x08, 0x40, 0x22, 0x38, 0x85, 0x9C, 0x01, 0x00, 0x00, 0xFF, 0xFF, 0x55, 0x55, 0x55, 0x55,
    0x07, 0xE4, 0xB6, 0x61, 0x7B, 0xC0, 0xF2, 0xFF, 0x00, 0x00, 0xFF, 0xFF, 0x55, 0x55, 0x55, 0x55,
    0x0D, 0xF6, 0x8F, 0xFF, 0x3A, 0x9F, 0x53, 0x98, 0x00, 0x00, 0xFF, 0xFF, 0x55, 0x55, 0x55, 0x55,
    0x03, 0x45, 0xBF, 0xFD, 0x03, 0x7F, 0xFA, 0xFF, 0x00, 0x00, 0xFF, 0xFF, 0x55, 0x55, 0x55, 0x55,
    0xA9, 0xFE, 0xFF, 0xFD, 0xC7, 0x7F, 0xFD, 0xC3, 0x00, 0x00, 0xFF, 0xFF, 0x55, 0x55, 0x55, 0x55,
    0x00, 0x01, 0x00, 0x00, 0x00, 0x00, 0x00, 0x00, 0x00, 0x00, 0xFF, 0xFF, 0x55, 0x55, 0x55, 0x55,
    0x00, 0x01, 0x00, 0x00, 0x00, 0x00, 0x00, 0x00, 0x00, 0x00, 0xFF, 0xFF, 0x55, 0x55, 0x55, 0x55,
    0x00, 0x01, 0x00, 0x00, 0x00, 0x00, 0x00, 0x00, 0x00, 0x00, 0xFF, 0xFF, 0x55, 0x55, 0x55, 0x55,
    0x00, 0x01, 0x00, 0x00, 0x00, 0x00, 0x00, 0x00, 0x00, 0x00, 0xFF, 0xFF, 0x55, 0x55, 0x55, 0x55,
    0x00, 0x01, 0x00, 0x00, 0x00, 0x00, 0x00, 0x00, 0x00, 0x00, 0xFF, 0xFF, 0x55, 0x55, 0x55, 0x55,
    0x00, 0x01, 0x00, 0x00, 0x00, 0x00, 0x00, 0x00, 0x00, 0x00, 0xFF, 0xFF, 0x55, 0x55, 0x55, 0x55,
    0x00, 0x01, 0x00, 0x00, 0x00, 0x00, 0x00, 0x00, 0x00, 0x00, 0xFF, 0xFF, 0x55, 0x55, 0x55, 0x55,
    0x00, 0x01, 0x00, 0x00, 0x00, 0x00, 0x00, 0x00, 0x00, 0x00, 0xFF, 0xFF, 0x55, 0x55, 0x55, 0x55,
    0x00, 0x01, 0x00, 0x00, 0x00, 0x00, 0x00, 0x00, 0x00, 0x00, 0xFF, 0xFF, 0x55, 0x55, 0x55, 0x55,
    0x00, 0x01, 0x00, 0x00, 0x00, 0x00, 0x00, 0x00, 0x00, 0x00, 0xFF, 0xFF, 0x55, 0x55, 0x55, 0x55,
    0x00, 0x01, 0x00, 0x00, 0x00, 0x00, 0x00, 0x00, 0x00, 0x00, 0xFF, 0xFF, 0x55, 0x55, 0x55, 0x55,
    0x00, 0x01, 0x00, 0x00, 0x00, 0x00, 0x00, 0x00, 0x00, 0x00, 0xFF, 0xFF, 0x55, 0x55, 0x55, 0x55,
    0x00, 0x01, 0x00, 0x00, 0x00, 0x00, 0x00, 0x00, 0x00, 0x00, 0xFF, 0xFF, 0x55, 0x55, 0x55, 0x55,
    0x00, 0x01, 0x00, 0x00, 0x00, 0x00, 0x00, 0x00, 0x00, 0x00, 0xFF, 0xFF, 0x55, 0x55, 0x55, 0x55,
    0x00, 0x01, 0x00, 0x00, 0x00, 0x00, 0x00, 0x00, 0x00, 0x00, 0xFF, 0xFF, 0x55, 0x55, 0x55, 0x55,
    0x00, 0x01, 0x00, 0x00, 0x00, 0x00, 0x00, 0x00, 0x00, 0x00, 0xFF, 0xFF, 0x55, 0x55, 0x55, 0x55,
    0x00, 0x01, 0x00, 0x00, 0x00, 0x00, 0x00, 0x00, 0x00, 0x00, 0xFF, 0xFF, 0x55, 0x55, 0x55, 0x55,
    0x00, 0x01, 0x00, 0x00, 0x00, 0x00, 0x00, 0x00, 0x00, 0x00, 0xFF, 0xFF, 0x55, 0x55, 0x55, 0x55,
    0x00, 0x01, 0x00, 0x00, 0x00, 0x00, 0x00, 0x00, 0x00, 0x00, 0xFF, 0xFF, 0x55, 0x55, 0x55, 0x55,
    0x00, 0x01, 0x00, 0x00, 0x00, 0x00, 0x00, 0x00, 0x00, 0x00, 0xFF, 0xFF, 0x55, 0x55, 0x55, 0x55,
    0x00, 0x01, 0x00, 0x00, 0x00, 0x00, 0x00, 0x00, 0x00, 0x00, 0xFF, 0xFF, 0x55, 0x55, 0x55, 0x55,
    0x00, 0x01, 0x00, 0x00, 0x00, 0x00, 0x00, 0x00, 0x00, 0x00, 0xFF, 0xFF, 0x55, 0x55, 0x55, 0x55,
    0x00, 0x01, 0x00, 0x00, 0x00, 0x00, 0x00, 0x00, 0x00, 0x00, 0xFF, 0xFF, 0x55, 0x55, 0x55, 0x55,
    0x00, 0x01, 0x00, 0x00, 0x00, 0x00, 0x00, 0x00, 0x00, 0x00, 0xFF, 0xFF, 0x55, 0x55, 0x55, 0x55,
    0x00, 0x01, 0x00, 0x00, 0x00, 0x00, 0x00, 0x00, 0x00, 0x00, 0xFF, 0xFF, 0x55, 0x55, 0x55, 0x55,
    0x04, 0xED, 0xBA, 0xAC, 0xCB, 0xFA, 0x8C, 0xD0, 0x00, 0x00, 0xFF, 0xFF, 0x55, 0x55, 0x55, 0x55,
    0xEC, 0x00, 0x49, 0x90, 0x04, 0x49, 0x90, 0x04, 0x00, 0x00, 0xFF, 0xFF, 0x55, 0x55, 0x55, 0x55,
    0x2B, 0xFF, 0x14, 0x33, 0x23, 0xB3, 0x39, 0x5B, 0x00, 0x00, 0xFF, 0xFF, 0x55, 0x55, 0x55, 0x55,
    0x1B, 0xF9, 0xB3, 0x5D, 0xDB, 0x81, 0xFD, 0xD9, 0x00, 0x00, 0xFF, 0xFF, 0x55, 0x55, 0x55, 0x55,
    0x00, 0x01, 0x00, 0x00, 0x00, 0x00, 0x00, 0x00, 0x00, 0x00, 0xFF, 0xFF, 0x55, 0x55, 0x55, 0x55,
    0x25, 0xF9, 0xCE, 0xEC, 0xCC, 0xB8, 0xAC, 0xC3, 0x00, 0x00, 0xFF, 0xFF, 0x55, 0x55, 0x55, 0x55,
    0x96, 0xAE, 0xF9, 0xC3, 0xBF, 0xFB, 0x87, 0x5F, 0x00, 0x00, 0xFF, 0xFF, 0x55, 0x55, 0x55, 0x55,
    0xFF, 0x00, 0x01, 0x10, 0x00, 0x49, 0x92, 0x24, 0x00, 0x00, 0xFF, 0xFF, 0x55, 0x55, 0x55, 0x55,
    0xFF, 0x00, 0x48, 0x82, 0x24, 0x49, 0x92, 0x24, 0x00, 0x00, 0xFF, 0xFF, 0x55, 0x55, 0x55, 0x55,
    0x00, 0x01, 0x00, 0x00, 0x00, 0x00, 0x00, 0x00, 0x00, 0x00, 0xFF, 0xFF, 0x55, 0x55, 0x55, 0x55,
    0xFF, 0x00, 0x01, 0x10, 0x00, 0x01, 0x90, 0x24, 0x00, 0x00, 0xFF, 0xFF, 0x55, 0x55, 0x55, 0x55,
    0xFF, 0x00, 0x48, 0x82, 0x24, 0x48, 0x92, 0x24, 0x00, 0x00, 0xFF, 0xFF, 0x55, 0x55, 0x55, 0x55,
    0x00, 0x01, 0x00, 0x00, 0x00, 0x00, 0x00, 0x00, 0x00, 0x00, 0xFF, 0xFF, 0x55, 0x55, 0x55, 0x55,
    0x20, 0x00, 0x49, 0x90, 0x24, 0x49, 0x92, 0x24, 0x00, 0x00, 0xFF, 0xFF, 0x55, 0x55, 0x55, 0x55,
    0x00, 0xFE, 0xF9, 0xBF, 0xFC, 0x10, 0x0B, 0x00, 0x00, 0x00, 0xFF, 0xFF, 0x55, 0x55, 0x55, 0x55,
    0xEF, 0xFD, 0xFF, 0xFF, 0xFF, 0xC8, 0x6F, 0xDB, 0x00, 0x00, 0xFF, 0xFF, 0x55, 0x55, 0x55, 0x55,
    0xFF, 0x00, 0x00, 0x00, 0x00, 0x00, 0x90, 0x24, 0x00, 0x00, 0xFF, 0xFF, 0x55, 0x55, 0x55, 0x55,
    0x04, 0xC8, 0xBF, 0xF1, 0x7B, 0xBF, 0x63, 0xDB, 0x00, 0x00, 0xFF, 0xFF, 0x55, 0x55, 0x55, 0x55,
    0x82, 0xEE, 0xFD, 0xFF, 0x3F, 0xFF, 0x61, 0xDB, 0x00, 0x00, 0xFF, 0xFF, 0x55, 0x55, 0x55, 0x55,
    0x08, 0x66, 0xB1, 0x0D, 0xDB, 0xB6, 0x6D, 0xDB, 0x00, 0x00, 0xFF, 0xFF, 0x55, 0x55, 0x55, 0x55,
    0x13, 0xF3, 0xC8, 0xEF, 0xFD, 0x46, 0x6E, 0xDB, 0x00, 0x00, 0xFF, 0xFF, 0x55, 0x55, 0x55, 0x55,
    0x3B, 0xC8, 0x97, 0xFD, 0xD8, 0x3F, 0x6C, 0xDB, 0x00, 0x00, 0xFF, 0xFF, 0x55, 0x55, 0x55, 0x55,
    0x00, 0x01, 0x00, 0x00, 0x00, 0x00, 0x00, 0x00, 0x00, 0x00, 0xFF, 0xFF, 0x55, 0x55, 0x55, 0x55,
    0xFF, 0x00, 0x49, 0x90, 0x04, 0x49, 0x90, 0x04, 0x00, 0x00, 0xFF, 0xFF, 0x55, 0x55, 0x55, 0x55,
    0xFF, 0x00, 0x00, 0x02, 0x20, 0x00, 0x02, 0x20, 0x00, 0x00, 0xFF, 0xFF, 0x55, 0x55, 0x55, 0x55,
    0xFF, 0x03, 0x49, 0x92, 0x64, 0x09, 0x11, 0xA3, 0x00, 0x00, 0xFF, 0xFF, 0x55, 0x55, 0x55, 0x55,
    0xFF, 0x03, 0x84, 0x8C, 0x26, 0x4E, 0x92, 0x84, 0x00, 0x00, 0xFF, 0xFF, 0x55, 0x55, 0x55, 0x55,
    0xFF, 0x02, 0x49, 0x92, 0x24, 0x77, 0x0D, 0x00, 0x00, 0x00, 0xFF, 0xFF, 0x55, 0x55, 0x55, 0x55,
    0xF8, 0x00, 0x89, 0x97, 0x24, 0x4F, 0x02, 0x39, 0x00, 0x00, 0xFF, 0xFF, 0x55, 0x55, 0x55, 0x55,
    0x17, 0xF2, 0x2F, 0xAC, 0x14, 0x56, 0x6A, 0xEB, 0x00, 0x00, 0xFF, 0xFF, 0x55, 0x55, 0x55, 0x55,
    0x10, 0xFB, 0xB6, 0x67, 0xBB, 0xB0, 0x33, 0x3B, 0x00, 0x00, 0xFF, 0xFF, 0x55, 0x55, 0x55, 0x55,
    0x0C, 0x61, 0xFF, 0xFF, 0x3F, 0xFF, 0xF1, 0xDF, 0x00, 0x00, 0xFF, 0xFF, 0x55, 0x55, 0x55, 0x55,
    0x0C, 0x86, 0xFF, 0x8F, 0xFC, 0xC6, 0x6F, 0xFF, 0x00, 0x00, 0xFF, 0xFF, 0x55, 0x55, 0x55, 0x55,
    0x7B, 0xF9, 0x87, 0x7D, 0xDA, 0x8F, 0xFD, 0xD8, 0x00, 0x00, 0xFF, 0xFF, 0x55, 0x55, 0x55, 0x55,
    0xD1, 0x00, 0x09, 0x91, 0x24, 0x49, 0x92, 0x24, 0x00, 0x00, 0xFF, 0xFF, 0x55, 0x55, 0x55, 0x55,
    0x23, 0xF8, 0x49, 0x67, 0xDB, 0xB6, 0x6D, 0xDB, 0x00, 0x00, 0xFF, 0xFF, 0x55, 0x55, 0x55, 0x55,
    0x09, 0x00, 0x4B, 0x90, 0x24, 0x49, 0x92, 0x24, 0x00, 0x00, 0xFF, 0xFF, 0x55, 0x55, 0x55, 0x55,
    0x6C, 0xFA, 0x6A, 0x62, 0xDB, 0xB6, 0x6D, 0xDB, 0x00, 0x00, 0xFF, 0xFF, 0x55, 0x55, 0x55, 0x55,
    0x18, 0xE7, 0x21, 0x6C, 0xDB, 0xB6, 0x6D, 0xDB, 0x00, 0x00, 0xFF, 0xFF, 0x55, 0x55, 0x55, 0x55,
    0x00, 0x01, 0x00, 0x00, 0x00, 0x00, 0x00, 0x00, 0x00, 0x00, 0xFF, 0xFF, 0x55, 0x55, 0x55, 0x55,
    0x00, 0x01, 0x00, 0x00, 0x00, 0x00, 0x00, 0x00, 0x00, 0x00, 0xFF, 0xFF, 0x55, 0x55, 0x55, 0x55,
    0x00, 0x01, 0x00, 0x00, 0x00, 0x00, 0x00, 0x00, 0x00, 0x00, 0xFF, 0xFF, 0x55, 0x55, 0x55, 0x55,
    0x00, 0x01, 0x00, 0x00, 0x00, 0x00, 0x00, 0x00, 0x00, 0x00, 0xFF, 0xFF, 0x55, 0x55, 0x55, 0x55,
    0x00, 0x01, 0x00, 0x00, 0x00, 0x00, 0x00, 0x00, 0x00, 0x00, 0xFF, 0xFF, 0x55, 0x55, 0x55, 0x55,
    0x00, 0x01, 0x00, 0x00, 0x00, 0x00, 0x00, 0x00, 0x00, 0x00, 0xFF, 0xFF, 0x55, 0x55, 0x55, 0x55,
    0x00, 0x01, 0x00, 0x00, 0x00, 0x00, 0x00, 0x00, 0x00, 0x00, 0xFF, 0xFF, 0x55, 0x55, 0x55, 0x55,
    0x00, 0x01, 0x00, 0x00, 0x00, 0x00, 0x00, 0x00, 0x00, 0x00, 0xFF, 0xFF, 0x55, 0x55, 0x55, 0x55,
    0x00, 0x01, 0x00, 0x00, 0x00, 0x00, 0x00, 0x00, 0x00, 0x00, 0xFF, 0xFF, 0x55, 0x55, 0x55, 0x55,
    0x00, 0x01, 0x00, 0x00, 0x00, 0x00, 0x00, 0x00, 0x00, 0x00, 0xFF, 0xFF, 0x55, 0x55, 0x55, 0x55,
    0x00, 0x01, 0x00, 0x00, 0x00, 0x00, 0x00, 0x00, 0x00, 0x00, 0xFF, 0xFF, 0x55, 0x55, 0x55, 0x55,
    0x00, 0x01, 0x00, 0x00, 0x00, 0x00, 0x00, 0x00, 0x00, 0x00, 0xFF, 0xFF, 0x55, 0x55, 0x55, 0x55,
    0x00, 0x01, 0x00, 0x00, 0x00, 0x00, 0x00, 0x00, 0x00, 0x00, 0xFF, 0xFF, 0x55, 0x55, 0x55, 0x55,
    0x00, 0x01, 0x00, 0x00, 0x00, 0x00, 0x00, 0x00, 0x00, 0x00, 0xFF, 0xFF, 0x55, 0x55, 0x55, 0x55,
    0x00, 0x01, 0x00, 0x00, 0x00, 0x00, 0x00, 0x00, 0x00, 0x00, 0xFF, 0xFF, 0x55, 0x55, 0x55, 0x55,
    0x00, 0x01, 0x00, 0x00, 0x00, 0x00, 0x00, 0x00, 0x00, 0x00, 0xFF, 0xFF, 0x55, 0x55, 0x55, 0x55,
    0x00, 0x01, 0x00, 0x00, 0x00, 0x00, 0x00, 0x00, 0x00, 0x00, 0xFF, 0xFF, 0x55, 0x55, 0x55, 0x55,
    0x00, 0x01, 0x00, 0x00, 0x00, 0x00, 0x00, 0x00, 0x00, 0x00, 0xFF, 0xFF, 0x55, 0x55, 0x55, 0x55,
    0x00, 0x01, 0x00, 0x00, 0x00, 0x00, 0x00, 0x00, 0x00, 0x00, 0xFF, 0xFF, 0x55, 0x55, 0x55, 0x55,
    0x00, 0x01, 0x00, 0x00, 0x00, 0x00, 0x00, 0x00, 0x00, 0x00, 0xFF, 0xFF, 0x55, 0x55, 0x55, 0x55,
    0x00, 0x01, 0x00, 0x00, 0x00, 0x00, 0x00, 0x00, 0x00, 0x00, 0xFF, 0xFF, 0x55, 0x55, 0x55, 0x55,
    0x00, 0x01, 0x00, 0x00, 0x00, 0x00, 0x00, 0x00, 0x00, 0x00, 0xFF, 0xFF, 0x55, 0x55, 0x55, 0x55,
    0x00, 0x01, 0x00, 0x00, 0x00, 0x00, 0x00, 0x00, 0x00, 0x00, 0xFF, 0xFF, 0x55, 0x55, 0x55, 0x55,
    0x00, 0x01, 0x00, 0x00, 0x00, 0x00, 0x00, 0x00, 0x00, 0x00, 0xFF, 0xFF, 0x55, 0x55, 0x55, 0x55,
    0x00, 0x01, 0x00, 0x00, 0x00, 0x00, 0x00, 0x00, 0x00, 0x00, 0xFF, 0xFF, 0x55, 0x55, 0x55, 0x55,
    0xF7, 0x00, 0x99, 0x12, 0xA3, 0xC9, 0x90, 0x1C, 0x00, 0x00, 0xFF, 0xFF, 0x55, 0x55, 0x55, 0x55,
    0xEE, 0x00, 0x49, 0x90, 0x04, 0x4F, 0xAE, 0x27, 0x00, 0x00, 0xFF, 0xFF, 0x55, 0x55, 0x55, 0x55,
    0x84, 0x00, 0x48, 0x82, 0x24, 0x4F, 0x92, 0x24, 0x00, 0x00, 0xFF, 0xFF, 0x55, 0x55, 0x55, 0x55,
    0xF5, 0x01, 0x52, 0x52, 0x3C, 0x79, 0x92, 0x24, 0x00, 0x00, 0xFF, 0xFF, 0x55, 0x55, 0x55, 0x55,
    0xF4, 0x01, 0x49, 0x92, 0xE4, 0x49, 0x94, 0x0C, 0x00, 0x00, 0xFF, 0xFF, 0x55, 0x55, 0x55, 0x55,
    0xFF, 0x02, 0x53, 0x82, 0x26, 0x4A, 0xE2, 0x24, 0x00, 0x00, 0xFF, 0xFF, 0x55, 0x55, 0x55, 0x55,
    0x90, 0x93, 0xF8, 0x63, 0xDB, 0xB6, 0xFD, 0xFF, 0x00, 0x00, 0xFF, 0xFF, 0x55, 0x55, 0x55, 0x55,
    0x08, 0x00, 0x49, 0x90, 0x24, 0x49, 0x92, 0x24, 0x00, 0x00, 0xFF, 0xFF, 0x55, 0x55, 0x55, 0x55,
    0x0C, 0xFA, 0xF9, 0xCF, 0xFF, 0xFA, 0xEF, 0xFE, 0x00, 0x00, 0xFF, 0xFF, 0x55, 0x55, 0x55, 0x55,
    0x00, 0xEB, 0x02, 0x40, 0x00, 0x01, 0xF0, 0x01, 0x00, 0x00, 0xFF, 0xFF, 0x55, 0x55, 0x55, 0x55,
    0x0D, 0xF6, 0xD6, 0x6F, 0xFE, 0xC8, 0xBF, 0xFF, 0x00, 0x00, 0xFF, 0xFF, 0x55, 0x55, 0x55, 0x55,
    0x04, 0xF3, 0x0F, 0x7C, 0xDA, 0x97, 0x5D, 0xDB, 0x00, 0x00, 0xFF, 0xFF, 0x55, 0x55, 0x55, 0x55,
    0xFF, 0x00, 0x00, 0x00, 0x00, 0x00, 0x90, 0x24, 0x00, 0x00, 0xFF, 0xFF, 0x55, 0x55, 0x55, 0x55,
    0xFF, 0x00, 0x00, 0x00, 0x00, 0x00, 0x90, 0x24, 0x00, 0x00, 0xFF, 0xFF, 0x55, 0x55, 0x55, 0x55,
    0x32, 0xFC, 0xFF, 0xFF, 0xFF, 0xFF, 0x8F, 0xFC, 0x00, 0x00, 0xFF, 0xFF, 0x55, 0x55, 0x55, 0x55,
    0x13, 0x84, 0xB7, 0x7D, 0xDB, 0xB7, 0x71, 0x3B, 0x00, 0x00, 0xFF, 0xFF, 0x55, 0x55, 0x55, 0x55,
    0x07, 0xDF, 0xC6, 0xAA, 0xFC, 0xF9, 0xFF, 0x3F, 0x00, 0x00, 0xFF, 0xFF, 0x55, 0x55, 0x55, 0x55,
    0xFD, 0x09, 0x02, 0x00, 0x00, 0x00, 0xE0, 0xE4, 0x00, 0x00, 0xFF, 0xFF, 0x55, 0x55, 0x55, 0x55,
    0x4D, 0xDD, 0x21, 0xFC, 0x9F, 0xFF, 0xDF, 0xFF, 0x00, 0x00, 0xFF, 0xFF, 0x55, 0x55, 0x55, 0x55,
    0x05, 0xFF, 0xB6, 0x0D, 0x3B, 0xB3, 0x53, 0x3B, 0x00, 0x00, 0xFF, 0xFF, 0x55, 0x55, 0x55, 0x55,
    0x16, 0xD1, 0xB6, 0xFD, 0x07, 0x7F, 0xF2, 0xFF, 0x00, 0x00, 0xFF, 0xFF, 0x55, 0x55, 0x55, 0x55,
    0x14, 0xFF, 0x86, 0xCC, 0xC4, 0x49, 0x9C, 0xC4, 0x00, 0x00, 0xFF, 0xFF, 0x55, 0x55, 0x55, 0x55,
    0x45, 0xF8, 0xB6, 0x6D, 0x34, 0xC8, 0xCF, 0xFF, 0x00, 0x00, 0xFF, 0xFF, 0x55, 0x55, 0x55, 0x55,
    0x13, 0xE4, 0xB6, 0x1F, 0xE2, 0x7F, 0xFE, 0xFF, 0x00, 0x00, 0xFF, 0xFF, 0x55, 0x55, 0x55, 0x55,
    0xFF, 0x00, 0x00, 0x02, 0x20, 0x00, 0x02, 0x20, 0x00, 0x00, 0xFF, 0xFF, 0x55, 0x55, 0x55, 0x55,
    0xF4, 0x01, 0x91, 0x62, 0x38, 0x44, 0x32, 0x25, 0x00, 0x00, 0xFF, 0xFF, 0x55, 0x55, 0x55, 0x55,
    0x0E, 0xF6, 0x46, 0xE3, 0x45, 0x08, 0xAD, 0xCB, 0x00, 0x00, 0xFF, 0xFF, 0x55, 0x55, 0x55, 0x55,
    0x05, 0x70, 0x11, 0x68, 0xDB, 0xB6, 0x6D, 0xDB, 0x00, 0x00, 0xFF, 0xFF, 0x55, 0x55, 0x55, 0x55,
    0xFC, 0x01, 0x83, 0x93, 0x27, 0x49, 0x92, 0x24, 0x00, 0x00, 0xFF, 0xFF, 0x55, 0x55, 0x55, 0x55,
    0x00, 0xCC, 0x00, 0x0A, 0x40, 0x00, 0x00, 0x00, 0x00, 0x00, 0xFF, 0xFF, 0x55, 0x55, 0x55, 0x55,
    0x0D, 0xFE, 0x81, 0x93, 0x39, 0xA5, 0xC3, 0x3A, 0x00, 0x00, 0xFF, 0xFF, 0x55, 0x55, 0x55, 0x55,
    0x02, 0xFF, 0x49, 0x9C, 0xC4, 0x49, 0x9C, 0x04, 0x00, 0x00, 0xFF, 0xFF, 0x55, 0x55, 0x55, 0x55,
    0xFF, 0x00, 0x49, 0x92, 0x24, 0x49, 0x92, 0x00, 0x00, 0x00, 0xFF, 0xFF, 0x55, 0x55, 0x55, 0x55,
    0xFF, 0x00, 0x49, 0x92, 0x24, 0x49, 0x02, 0x24, 0x00, 0x00, 0xFF, 0xFF, 0x55, 0x55, 0x55, 0x55,
    0x00, 0x01, 0x00, 0x00, 0x00, 0x00, 0x00, 0x00, 0x00, 0x00, 0xFF, 0xFF, 0x55, 0x55, 0x55, 0x55,
    0x00, 0x01, 0x00, 0x00, 0x00, 0x00, 0x00, 0x00, 0x00, 0x00, 0xFF, 0xFF, 0x55, 0x55, 0x55, 0x55,
    0x00, 0x01, 0x00, 0x00, 0x00, 0x00, 0x00, 0x00, 0x00, 0x00, 0xFF, 0xFF, 0x55, 0x55, 0x55, 0x55,
    0x00, 0x01, 0x00, 0x00, 0x00, 0x00, 0x00, 0x00, 0x00, 0x00, 0xFF, 0xFF, 0x55, 0x55, 0x55, 0x55,
    0x00, 0x01, 0x00, 0x00, 0x00, 0x00, 0x00, 0x00, 0x00, 0x00, 0xFF, 0xFF, 0x55, 0x55, 0x55, 0x55,
    0x00, 0x01, 0x00, 0x00, 0x00, 0x00, 0x00, 0x00, 0x00, 0x00, 0xFF, 0xFF, 0x55, 0x55, 0x55, 0x55,
    0x00, 0x01, 0x00, 0x00, 0x00, 0x00, 0x00, 0x00, 0x00, 0x00, 0xFF, 0xFF, 0x55, 0x55, 0x55, 0x55,
    0x00, 0x01, 0x00, 0x00, 0x00, 0x00, 0x00, 0x00, 0x00, 0x00, 0xFF, 0xFF, 0x55, 0x55, 0x55, 0x55,
    0x00, 0x01, 0x00, 0x00, 0x00, 0x00, 0x00, 0x00, 0x00, 0x00, 0xFF, 0xFF, 0x55, 0x55, 0x55, 0x55,
    0x00, 0x01, 0x00, 0x00, 0x00, 0x00, 0x00, 0x00, 0x00, 0x00, 0xFF, 0xFF, 0x55, 0x55, 0x55, 0x55,
    0x00, 0x01, 0x00, 0x00, 0x00, 0x00, 0x00, 0x00, 0x00, 0x00, 0xFF, 0xFF, 0x55, 0x55, 0x55, 0x55,
    0x00, 0x01, 0x00, 0x00, 0x00, 0x00, 0x00, 0x00, 0x00, 0x00, 0xFF, 0xFF, 0x55, 0x55, 0x55, 0x55,
    0x00, 0x01, 0x00, 0x00, 0x00, 0x00, 0x00, 0x00, 0x00, 0x00, 0xFF, 0xFF, 0x55, 0x55, 0x55, 0x55,
    0x00, 0x01, 0x00, 0x00, 0x00, 0x00, 0x00, 0x00, 0x00, 0x00, 0xFF, 0xFF, 0x55, 0x55, 0x55, 0x55,
    0x00, 0x01, 0x00, 0x00, 0x00, 0x00, 0x00, 0x00, 0x00, 0x00, 0xFF, 0xFF, 0x55, 0x55, 0x55, 0x55,
    0x00, 0x01, 0x00, 0x00, 0x00, 0x00, 0x00, 0x00, 0x00, 0x00, 0xFF, 0xFF, 0x55, 0x55, 0x55, 0x55,
    0x00, 0x01, 0x00, 0x00, 0x00, 0x00, 0x00, 0x00, 0x00, 0x00, 0xFF, 0xFF, 0x55, 0x55, 0x55, 0x55,
    0x00, 0x01, 0x00, 0x00, 0x00, 0x00, 0x00, 0x00, 0x00, 0x00, 0xFF, 0xFF, 0x55, 0x55, 0x55, 0x55,
    0x00, 0x01, 0x00, 0x00, 0x00, 0x00, 0x00, 0x00, 0x00, 0x00, 0xFF, 0xFF, 0x55, 0x55, 0x55, 0x55,
    0x00, 0x01, 0x00, 0x00, 0x00, 0x00, 0x00, 0x00, 0x00, 0x00, 0xFF, 0xFF, 0x55, 0x55, 0x55, 0x55,
    0x00, 0x01, 0x00, 0x00, 0x00, 0x00, 0x00, 0x00, 0x00, 0x00, 0xFF, 0xFF, 0x55, 0x55, 0x55, 0x55,
    0x00, 0x01, 0x00, 0x00, 0x00, 0x00, 0x00, 0x00, 0x00, 0x00, 0xFF, 0xFF, 0x55, 0x55, 0x55, 0x55,
    0x00, 0x01, 0x00, 0x00, 0x00, 0x00, 0x00, 0x00, 0x00, 0x00, 0xFF, 0xFF, 0x55, 0x55, 0x55, 0x55,
    0x00, 0x01, 0x00, 0x00, 0x00, 0x00, 0x00, 0x00, 0x00, 0x00, 0xFF, 0xFF, 0x55, 0x55, 0x55, 0x55,
    0x00, 0x01, 0x00, 0x00, 0x00, 0x00, 0x00, 0x00, 0x00, 0x00, 0xFF, 0xFF, 0x55, 0x55, 0x55, 0x55,
    0x00, 0x01, 0x00, 0x00, 0x00, 0x00, 0x00, 0x00, 0x00, 0x00, 0xFF, 0xFF, 0x55, 0x55, 0x55, 0x55,
    0x00, 0x01, 0x00, 0x00, 0x00, 0x00, 0x00, 0x00, 0x00, 0x00, 0xFF, 0xFF, 0x55, 0x55, 0x55, 0x55,
    0x00, 0x01, 0x00, 0x00, 0x00, 0x00, 0x00, 0x00, 0x00, 0x00, 0xFF, 0xFF, 0x55, 0x55, 0x55, 0x55,
    0x00, 0x01, 0x00, 0x00, 0x00, 0x00, 0x00, 0x00, 0x00, 0x00, 0xFF, 0xFF, 0x55, 0x55, 0x55, 0x55,
    0x00, 0x01, 0x00, 0x00, 0x00, 0x00, 0x00, 0x00, 0x00, 0x00, 0xFF, 0xFF, 0x55, 0x55, 0x55, 0x55,
    0x39, 0x00, 0x49, 0x90, 0x24, 0x49, 0x92, 0x24, 0x00, 0x00, 0xFF, 0xFF, 0x55, 0x55, 0x55, 0x55,
    0xF4, 0x04, 0xD0, 0x73, 0x61, 0x09, 0x91, 0x24, 0x00, 0x00, 0xFF, 0xFF, 0x55, 0x55, 0x55, 0x55,
    0xF1, 0x00, 0x49, 0xE2, 0x24, 0x80, 0x64, 0x6E, 0x00, 0x00, 0xFF, 0xFF, 0x55, 0x55, 0x55, 0x55,
    0xF4, 0x04, 0x49, 0x92, 0x9C, 0x02, 0x30, 0x3A, 0x00, 0x00, 0xFF, 0xFF, 0x55, 0x55, 0x55, 0x55,
    0x19, 0xF2, 0x68, 0x96, 0xC8, 0x84, 0x6D, 0xDB, 0x00, 0x00, 0xFF, 0xFF, 0x55, 0x55, 0x55, 0x55,
    0x00, 0x01, 0x00, 0x00, 0x00, 0x00, 0x00, 0x00, 0x00, 0x00, 0xFF, 0xFF, 0x55, 0x55, 0x55, 0x55,
    0xFF, 0x00, 0x00, 0x00, 0x00, 0x00, 0x90, 0x24, 0x00, 0x00, 0xFF, 0xFF, 0x55, 0x55, 0x55, 0x55,
    0x00, 0x01, 0x00, 0x00, 0x00, 0x00, 0x00, 0x00, 0x00, 0x00, 0xFF, 0xFF, 0x55, 0x55, 0x55, 0x55,
    0x27, 0xFF, 0x5E, 0x62, 0x24, 0x36, 0x63, 0x2B, 0x00, 0x00, 0xFF, 0xFF, 0x55, 0x55, 0x55, 0x55,
    0xFD, 0x00, 0x58, 0x02, 0xFC, 0x40, 0x09, 0x48, 0x00, 0x00, 0xFF, 0xFF, 0x55, 0x55, 0x55, 0x55,
    0x56, 0xFD, 0xFC, 0xFF, 0x3F, 0xFF, 0xF9, 0x1F, 0x00, 0x00, 0xFF, 0xFF, 0x55, 0x55, 0x55, 0x55,
    0xA1, 0x00, 0x4B, 0xF2, 0x24, 0x49, 0x92, 0x24, 0x00, 0x00, 0xFF, 0xFF, 0x55, 0x55, 0x55, 0x55,
    0x00, 0x01, 0x00, 0x00, 0x00, 0x00, 0x00, 0x00, 0x00, 0x00, 0xFF, 0xFF, 0x55, 0x55, 0x55, 0x55,
    0x0C, 0xF2, 0xB6, 0x61, 0x7B, 0x36, 0x62, 0xF3, 0x00, 0x00, 0xFF, 0xFF, 0x55, 0x55, 0x55, 0x55,
    0x0E, 0xFF, 0x4D, 0x92, 0x24, 0x49, 0x96, 0x14, 0x00, 0x00, 0xFF, 0xFF, 0x55, 0x55, 0x55, 0x55,
    0xF6, 0x00, 0x4B, 0xF4, 0x04, 0x49, 0x90, 0x44, 0x00, 0x00, 0xFF, 0xFF, 0x55, 0x55, 0x55, 0x55,
    0x03, 0xED, 0xFF, 0xF5, 0x1F, 0xFF, 0xF5, 0xBF, 0x00, 0x00, 0xFF, 0xFF, 0x55, 0x55, 0x55, 0x55,
    0x0E, 0x00, 0x49, 0x92, 0x24, 0x49, 0x82, 0x24, 0x00, 0x00, 0xFF, 0xFF, 0x55, 0x55, 0x55, 0x55,
    0x1E, 0xE5, 0xF8, 0xEF, 0xFC, 0xCE, 0x6F, 0xDB, 0x00, 0x00, 0xFF, 0xFF, 0x55, 0x55, 0x55, 0x55,
    0xFE, 0x00, 0x48, 0x80, 0x07, 0x78, 0x90, 0x04, 0x00, 0x00, 0xFF, 0xFF, 0x55, 0x55, 0x55, 0x55,
    0xFF, 0x09, 0x00, 0x04, 0xC0, 0x00, 0x02, 0x20, 0x00, 0x00, 0xFF, 0xFF, 0x55, 0x55, 0x55, 0x55,
    0x45, 0x00, 0x78, 0x92, 0x24, 0x49, 0x92, 0x24, 0x00, 0x00, 0xFF, 0xFF, 0x55, 0x55, 0x55, 0x55,
    0xFF, 0xE7, 0x01, 0x20, 0x00, 0x00, 0x00, 0x00, 0x00, 0x00, 0xFF, 0xFF, 0x55, 0x55, 0x55, 0x55,
    0x06, 0x82, 0x45, 0x0E, 0xEB, 0x30, 0x6E, 0xE3, 0x00, 0x00, 0xFF, 0xFF, 0x55, 0x55, 0x55, 0x55,
    0xFF, 0x00, 0x00, 0x02, 0x20, 0x00, 0x02, 0x20, 0x00, 0x00, 0xFF, 0xFF, 0x55, 0x55, 0x55, 0x55,
    0xED, 0x01, 0x5A, 0xA2, 0x25, 0x53, 0x42, 0x24, 0x00, 0x00, 0xFF, 0xFF, 0x55, 0x55, 0x55, 0x55,
    0xFA, 0x04, 0x45, 0x52, 0x24, 0xC6, 0x13, 0x30, 0x00, 0x00, 0xFF, 0xFF, 0x55, 0x55, 0x55, 0x55,
    0x00, 0x01, 0x00, 0x00, 0x00, 0x00, 0x00, 0x00, 0x00, 0x00, 0xFF, 0xFF, 0x55, 0x55, 0x55, 0x55,
    0x00, 0x01, 0x00, 0x00, 0x00, 0x00, 0x00, 0x00, 0x00, 0x00, 0xFF, 0xFF, 0x55, 0x55, 0x55, 0x55,
    0x00, 0x01, 0x00, 0x00, 0x00, 0x00, 0x00, 0x00, 0x00, 0x00, 0xFF, 0xFF, 0x55, 0x55, 0x55, 0x55,
    0xEA, 0x02, 0x44, 0x40, 0x44, 0x44, 0xA8, 0x25, 0x00, 0x00, 0xFF, 0xFF, 0x55, 0x55, 0x55, 0x55,
    0x10, 0xFE, 0xFF, 0xF1, 0x7F, 0xFF, 0xDF, 0xFF, 0x00, 0x00, 0xFF, 0xFF, 0x55, 0x55, 0x55, 0x55,
    0x05, 0x61, 0xC6, 0x8F, 0xFC, 0xFF, 0xFF, 0xFF, 0x00, 0x00, 0xFF, 0xFF, 0x55, 0x55, 0x55, 0x55,
    0x16, 0xFF, 0x89, 0x9D, 0xDA, 0x99, 0x5D, 0xD8, 0x00, 0x00, 0xFF, 0xFF, 0x55, 0x55, 0x55, 0x55,
    0x00, 0x01, 0x00, 0x00, 0x00, 0x00, 0x00, 0x00, 0x00, 0x00, 0xFF, 0xFF, 0x55, 0x55, 0x55, 0x55,
    0x00, 0x01, 0x00, 0x00, 0x00, 0x00, 0x00, 0x00, 0x00, 0x00, 0xFF, 0xFF, 0x55, 0x55, 0x55, 0x55,
    0x00, 0x01, 0x00, 0x00, 0x00, 0x00, 0x00, 0x00, 0x00, 0x00, 0xFF, 0xFF, 0x55, 0x55, 0x55, 0x55,
    0x00, 0x01, 0x00, 0x00, 0x00, 0x00, 0x00, 0x00, 0x00, 0x00, 0xFF, 0xFF, 0x55, 0x55, 0x55, 0x55,
    0x00, 0x01, 0x00, 0x00, 0x00, 0x00, 0x00, 0x00, 0x00, 0x00, 0xFF, 0xFF, 0x55, 0x55, 0x55, 0x55,
    0x00, 0x01, 0x00, 0x00, 0x00, 0x00, 0x00, 0x00, 0x00, 0x00, 0xFF, 0xFF, 0x55, 0x55, 0x55, 0x55,
    0x00, 0x01, 0x00, 0x00, 0x00, 0x00, 0x00, 0x00, 0x00, 0x00, 0xFF, 0xFF, 0x55, 0x55, 0x55, 0x55,
    0x00, 0x01, 0x00, 0x00, 0x00, 0x00, 0x00, 0x00, 0x00, 0x00, 0xFF, 0xFF, 0x55, 0x55, 0x55, 0x55,
    0x00, 0x01, 0x00, 0x00, 0x00, 0x00, 0x00, 0x00, 0x00, 0x00, 0xFF, 0xFF, 0x55, 0x55, 0x55, 0x55,
    0x00, 0x01, 0x00, 0x00, 0x00, 0x00, 0x00, 0x00, 0x00, 0x00, 0xFF, 0xFF, 0x55, 0x55, 0x55, 0x55,
    0x00, 0x01, 0x00, 0x00, 0x00, 0x00, 0x00, 0x00, 0x00, 0x00, 0xFF, 0xFF, 0x55, 0x55, 0x55, 0x55,
    0x00, 0x01, 0x00, 0x00, 0x00, 0x00, 0x00, 0x00, 0x00, 0x00, 0xFF, 0xFF, 0x55, 0x55, 0x55, 0x55,
    0x00, 0x01, 0x00, 0x00, 0x00, 0x00, 0x00, 0x00, 0x00, 0x00, 0xFF, 0xFF, 0x55, 0x55, 0x55, 0x55,
    0x00, 0x01, 0x00, 0x00, 0x00, 0x00, 0x00, 0x00, 0x00, 0x00, 0xFF, 0xFF, 0x55, 0x55, 0x55, 0x55,
    0x00, 0x01, 0x00, 0x00, 0x00, 0x00, 0x00, 0x00, 0x00, 0x00, 0xFF, 0xFF, 0x55, 0x55, 0x55, 0x55,
    0x00, 0x01, 0x00, 0x00, 0x00, 0x00, 0x00, 0x00, 0x00, 0x00, 0xFF, 0xFF, 0x55, 0x55, 0x55, 0x55,
    0x00, 0x01, 0x00, 0x00, 0x00, 0x00, 0x00, 0x00, 0x00, 0x00, 0xFF, 0xFF, 0x55, 0x55, 0x55, 0x55,
    0x00, 0x01, 0x00, 0x00, 0x00, 0x00, 0x00, 0x00, 0x00, 0x00, 0xFF, 0xFF, 0x55, 0x55, 0x55, 0x55,
    0x00, 0x01, 0x00, 0x00, 0x00, 0x00, 0x00, 0x00, 0x00, 0x00, 0xFF, 0xFF, 0x55, 0x55, 0x55, 0x55,
    0x00, 0x01, 0x00, 0x00, 0x00, 0x00, 0x00, 0x00, 0x00, 0x00, 0xFF, 0xFF, 0x55, 0x55, 0x55, 0x55,
    0x00, 0x01, 0x00, 0x00, 0x00, 0x00, 0x00, 0x00, 0x00, 0x00, 0xFF, 0xFF, 0x55, 0x55, 0x55, 0x55,
    0x00, 0x01, 0x00, 0x00, 0x00, 0x00, 0x00, 0x00, 0x00, 0x00, 0xFF, 0xFF, 0x55, 0x55, 0x55, 0x55,
    0x00, 0x01, 0x00, 0x00, 0x00, 0x00, 0x00, 0x00, 0x00, 0x00, 0xFF, 0xFF, 0x55, 0x55, 0x55, 0x55,
    0x00, 0x01, 0x00, 0x00, 0x00, 0x00, 0x00, 0x00, 0x00, 0x00, 0xFF, 0xFF, 0x55, 0x55, 0x55, 0x55,
    0x00, 0x01, 0x00, 0x00, 0x00, 0x00, 0x00, 0x00, 0x00, 0x00, 0xFF, 0xFF, 0x55, 0x55, 0x55, 0x55,
    0x00, 0x01, 0x00, 0x00, 0x00, 0x00, 0x00, 0x00, 0x00, 0x00, 0xFF, 0xFF, 0x55, 0x55, 0x55, 0x55,
    0x00, 0x01, 0x00, 0x00, 0x00, 0x00, 0x00, 0x00, 0x00, 0x00, 0xFF, 0xFF, 0x55, 0x55, 0x55, 0x55,
    0x00, 0x01, 0x00, 0x00, 0x00, 0x00, 0x00, 0x00, 0x00, 0x00, 0xFF, 0xFF, 0x55, 0x55, 0x55, 0x55,
    0x00, 0x01, 0x00, 0x00, 0x00, 0x00, 0x00, 0x00, 0x00, 0x00, 0xFF, 0xFF, 0x55, 0x55, 0x55, 0x55,
    0x00, 0x01, 0x00, 0x00, 0x00, 0x00, 0x00, 0x00, 0x00, 0x00, 0xFF, 0xFF, 0x55, 0x55, 0x55, 0x55,
    0xFF, 0x00, 0x49, 0x02, 0x00, 0x00, 0x00, 0x00, 0x00, 0x00, 0xFF, 0xFF, 0x55, 0x55, 0x55, 0x55,
    0x00, 0x01, 0x00, 0x00, 0x00, 0x00, 0x00, 0x00, 0x00, 0x00, 0xFF, 0xFF, 0x55, 0x55, 0x55, 0x55,
    0x10, 0xEB, 0xB6, 0xED, 0xFD, 0xC8, 0xBF, 0xFF, 0x00, 0x00, 0xFF, 0xFF, 0x55, 0x55, 0x55, 0x55,
    0x09, 0xE4, 0xB6, 0xFD, 0xC0, 0x9F, 0x1D, 0xD8, 0x00, 0x00, 0xFF, 0xFF, 0x55, 0x55, 0x55, 0x55,
    0x1D, 0xF2, 0xB6, 0x6D, 0x63, 0x56, 0x8E, 0xFC, 0x00, 0x00, 0xFF, 0xFF, 0x55, 0x55, 0x55, 0x55,
    0xAE, 0xF7, 0xB6, 0xAD, 0x26, 0xFF, 0xFF, 0xFF, 0x00, 0x00, 0xFF, 0xFF, 0x55, 0x55, 0x55, 0x55,
    0x17, 0xE9, 0xB6, 0x9D, 0x0E, 0xFF, 0xF3, 0xFF, 0x00, 0x00, 0xFF, 0xFF, 0x55, 0x55, 0x55, 0x55,
    0xF5, 0x00, 0x49, 0x92, 0x24, 0x4E, 0x82, 0x27, 0x00, 0x00, 0xFF, 0xFF, 0x55, 0x55, 0x55, 0x55,
    0x0C, 0xF3, 0x36, 0x62, 0x9B, 0xB6, 0x65, 0xDB, 0x00, 0x00, 0xFF, 0xFF, 0x55, 0x55, 0x55, 0x55,
    0xFF, 0xDA, 0x00, 0x00, 0x00, 0x00, 0x10, 0x00, 0x00, 0x00, 0xFF, 0xFF, 0x55, 0x55, 0x55, 0x55,
    0x0B, 0xE6, 0x7F, 0xF0, 0xD3, 0xBF, 0xFC, 0xD8, 0x00, 0x00, 0xFF, 0xFF, 0x55, 0x55, 0x55, 0x55,
    0x00, 0x01, 0x00, 0x00, 0x00, 0x00, 0x00, 0x00, 0x00, 0x00, 0xFF, 0xFF, 0x55, 0x55, 0x55, 0x55,
    0x18, 0x00, 0x49, 0x92, 0x24, 0x49, 0x92, 0x04, 0x00, 0x00, 0xFF, 0xFF, 0x55, 0x55, 0x55, 0x55,
    0x08, 0xFB, 0x56, 0x8E, 0xFE, 0xFB, 0x9F, 0xFF, 0x00, 0x00, 0xFF, 0xFF, 0x55, 0x55, 0x55, 0x55,
    0x1C, 0xF8, 0xBF, 0x7C, 0xDA, 0x81, 0x3D, 0xDB, 0x00, 0x00, 0xFF, 0xFF, 0x55, 0x55, 0x55, 0x55,
    0x09, 0x7D, 0xB6, 0x63, 0x1B, 0xB6, 0x6D, 0xDB, 0x00, 0x00, 0xFF, 0xFF, 0x55, 0x55, 0x55, 0x55,
    0x14, 0xC9, 0xFF, 0x9F, 0xFF, 0xE8, 0x6F, 0x2B, 0x00, 0x00, 0xFF, 0xFF, 0x55, 0x55, 0x55, 0x55,
    0x08, 0xE7, 0x19, 0xFC, 0x87, 0xFF, 0xFF, 0xFF, 0x00, 0x00, 0xFF, 0xFF, 0x55, 0x55, 0x55, 0x55,
    0x0B, 0xE5, 0xB6, 0x0D, 0xDB, 0x21, 0xFC, 0x47, 0x00, 0x00, 0xFF, 0xFF, 0x55, 0x55, 0x55, 0x55,
    0xFF, 0x00, 0x49, 0x90, 0x04, 0x49, 0x90, 0x04, 0x00, 0x00, 0xFF, 0xFF, 0x55, 0x55, 0x55, 0x55,
    0xFF, 0x00, 0x00, 0x02, 0x20, 0x00, 0x02, 0x20, 0x00, 0x00, 0xFF, 0xFF, 0x55, 0x55, 0x55, 0x55,
    0x00, 0x01, 0x00, 0x00, 0x00, 0x00, 0x00, 0x00, 0x00, 0x00, 0xFF, 0xFF, 0x55, 0x55, 0x55, 0x55,
    0xFF, 0xF9, 0x00, 0x00, 0x00, 0x00, 0x10, 0x00, 0x00, 0x00, 0xFF, 0xFF, 0x55, 0x55, 0x55, 0x55,
    0x01, 0x1F, 0xB6, 0x6F, 0xE3, 0xB0, 0x4E, 0xE7, 0x00, 0x00, 0xFF, 0xFF, 0x55, 0x55, 0x55, 0x55,
    0xFF, 0x00, 0x00, 0x02, 0x20, 0x00, 0x02, 0x20, 0x00, 0x00, 0xFF, 0xFF, 0x55, 0x55, 0x55, 0x55,
    0xFF, 0x02, 0x86, 0x13, 0x2D, 0x29, 0x9C, 0x0C, 0x00, 0x00, 0xFF, 0xFF, 0x55, 0x55, 0x55, 0x55,
    0xFF, 0x02, 0x21, 0x9E, 0x48, 0xC9, 0xF7, 0x24, 0x00, 0x00, 0xFF, 0xFF, 0x55, 0x55, 0x55, 0x55,
    0xF7, 0x00, 0x49, 0xE2, 0xE4, 0x80, 0x60, 0x92, 0x00, 0x00, 0xFF, 0xFF, 0x55, 0x55, 0x55, 0x55,
    0xF4, 0x01, 0x79, 0x42, 0x3C, 0x80, 0xE3, 0x24, 0x00, 0x00, 0xFF, 0xFF, 0x55, 0x55, 0x55, 0x55,
    0xFD, 0x00, 0x49, 0x9E, 0x84, 0xC9, 0x91, 0x4B, 0x00, 0x00, 0xFF, 0xFF, 0x55, 0x55, 0x55, 0x55,
    0x11, 0xF7, 0x99, 0x1D, 0xD8, 0xB4, 0x0D, 0xDB, 0x00, 0x00, 0xFF, 0xFF, 0x55, 0x55, 0x55, 0x55,
    0x13, 0xF7, 0x58, 0x63, 0xDB, 0xB6, 0x6D, 0xDB, 0x00, 0x00, 0xFF, 0xFF, 0x55, 0x55, 0x55, 0x55,
    0x74, 0xF7, 0x09, 0x61, 0xDB, 0xB6, 0x6D, 0xDB, 0x00, 0x00, 0xFF, 0xFF, 0x55, 0x55, 0x55, 0x55,
    0x08, 0x00, 0x48, 0x92, 0x24, 0x49, 0x92, 0x24, 0x00, 0x00, 0xFF, 0xFF, 0x55, 0x55, 0x55, 0x55,
    0x00, 0x01, 0x00, 0x00, 0x00, 0x00, 0x00, 0x00, 0x00, 0x00, 0xFF, 0xFF, 0x55, 0x55, 0x55, 0x55,
    0x00, 0x01, 0x00, 0x00, 0x00, 0x00, 0x00, 0x00, 0x00, 0x00, 0xFF, 0xFF, 0x55, 0x55, 0x55, 0x55,
    0x00, 0x01, 0x00, 0x00, 0x00, 0x00, 0x00, 0x00, 0x00, 0x00, 0xFF, 0xFF, 0x55, 0x55, 0x55, 0x55,
    0x00, 0x01, 0x00, 0x00, 0x00, 0x00, 0x00, 0x00, 0x00, 0x00, 0xFF, 0xFF, 0x55, 0x55, 0x55, 0x55,
    0x00, 0x01, 0x00, 0x00, 0x00, 0x00, 0x00, 0x00, 0x00, 0x00, 0xFF, 0xFF, 0x55, 0x55, 0x55, 0x55,
    0x00, 0x01, 0x00, 0x00, 0x00, 0x00, 0x00, 0x00, 0x00, 0x00, 0xFF, 0xFF, 0x55, 0x55, 0x55, 0x55,
    0x00, 0x01, 0x00, 0x00, 0x00, 0x00, 0x00, 0x00, 0x00, 0x00, 0xFF, 0xFF, 0x55, 0x55, 0x55, 0x55,
    0x00, 0x01, 0x00, 0x00, 0x00, 0x00, 0x00, 0x00, 0x00, 0x00, 0xFF, 0xFF, 0x55, 0x55, 0x55, 0x55,
    0x00, 0x01, 0x00, 0x00, 0x00, 0x00, 0x00, 0x00, 0x00, 0x00, 0xFF, 0xFF, 0x55, 0x55, 0x55, 0x55,
    0x00, 0x01, 0x00, 0x00, 0x00, 0x00, 0x00, 0x00, 0x00, 0x00, 0xFF, 0xFF, 0x55, 0x55, 0x55, 0x55,
    0x00, 0x01, 0x00, 0x00, 0x00, 0x00, 0x00, 0x00, 0x00, 0x00, 0xFF, 0xFF, 0x55, 0x55, 0x55, 0x55,
    0x00, 0x01, 0x00, 0x00, 0x00, 0x00, 0x00, 0x00, 0x00, 0x00, 0xFF, 0xFF, 0x55, 0x55, 0x55, 0x55,
    0x00, 0x01, 0x00, 0x00, 0x00, 0x00, 0x00, 0x00, 0x00, 0x00, 0xFF, 0xFF, 0x55, 0x55, 0x55, 0x55,
    0x00, 0x01, 0x00, 0x00, 0x00, 0x00, 0x00, 0x00, 0x00, 0x00, 0xFF, 0xFF, 0x55, 0x55, 0x55, 0x55,
    0x00, 0x01, 0x00, 0x00, 0x00, 0x00, 0x00, 0x00, 0x00, 0x00, 0xFF, 0xFF, 0x55, 0x55, 0x55, 0x55,
    0x00, 0x01, 0x00, 0x00, 0x00, 0x00, 0x00, 0x00, 0x00, 0x00, 0xFF, 0xFF, 0x55, 0x55, 0x55, 0x55,
    0x00, 0x01, 0x00, 0x00, 0x00, 0x00, 0x00, 0x00, 0x00, 0x00, 0xFF, 0xFF, 0x55, 0x55, 0x55, 0x55,
    0x00, 0x01, 0x00, 0x00, 0x00, 0x00, 0x00, 0x00, 0x00, 0x00, 0xFF, 0xFF, 0x55, 0x55, 0x55, 0x55,
    0x00, 0x01, 0x00, 0x00, 0x00, 0x00, 0x00, 0x00, 0x00, 0x00, 0xFF, 0xFF, 0x55, 0x55, 0x55, 0x55,
    0x00, 0x01, 0x00, 0x00, 0x00, 0x00, 0x00, 0x00, 0x00, 0x00, 0xFF, 0xFF, 0x55, 0x55, 0x55, 0x55,
    0x00, 0x01, 0x00, 0x00, 0x00, 0x00, 0x00, 0x00, 0x00, 0x00, 0xFF, 0xFF, 0x55, 0x55, 0x55, 0x55,
    0x00, 0x01, 0x00, 0x00, 0x00, 0x00, 0x00, 0x00, 0x00, 0x00, 0xFF, 0xFF, 0x55, 0x55, 0x55, 0x55,
    0x00, 0x01, 0x00, 0x00, 0x00, 0x00, 0x00, 0x00, 0x00, 0x00, 0xFF, 0xFF, 0x55, 0x55, 0x55, 0x55,
    0x00, 0x01, 0x00, 0x00, 0x00, 0x00, 0x00, 0x00, 0x00, 0x00, 0xFF, 0xFF, 0x55, 0x55, 0x55, 0x55,
    0x00, 0x01, 0x00, 0x00, 0x00, 0x00, 0x00, 0x00, 0x00, 0x00, 0xFF, 0xFF, 0x55, 0x55, 0x55, 0x55,
    0x00, 0x01, 0x00, 0x00, 0x00, 0x00, 0x00, 0x00, 0x00, 0x00, 0xFF, 0xFF, 0x55, 0x55, 0x55, 0x55,
    0x00, 0x01, 0x00, 0x00, 0x00, 0x00, 0x00, 0x00, 0x00, 0x00, 0xFF, 0xFF, 0x55, 0x55, 0x55, 0x55,
    0x00, 0x01, 0x00, 0x00, 0x00, 0x00, 0x00, 0x00, 0x00, 0x00, 0xFF, 0xFF, 0x55, 0x55, 0x55, 0x55,
    0x00, 0x01, 0x00, 0x00, 0x00, 0x00, 0x00, 0x00, 0x00, 0x00, 0xFF, 0xFF, 0x55, 0x55, 0x55, 0x55,
    0x00, 0x01, 0x00, 0x00, 0x00, 0x00, 0x00, 0x00, 0x00, 0x00, 0xFF, 0xFF, 0x55, 0x55, 0x55, 0x55,
    0xFE, 0xFF, 0x49, 0x92, 0x24, 0x49, 0x92, 0x24, 0x00, 0x00, 0xFF, 0xFF, 0x55, 0x55, 0x55, 0x55,
    0x0A, 0xE8, 0xB6, 0x61, 0x7B, 0x36, 0x62, 0xEF, 0x00, 0x00, 0xFF, 0xFF, 0x55, 0x55, 0x55, 0x55,
    0x0E, 0xE6, 0xF9, 0xFF, 0x3F, 0xFF, 0xF7, 0x07, 0x00, 0x00, 0xFF, 0xFF, 0x55, 0x55, 0x55, 0x55,
    0x07, 0x6B, 0xB1, 0x0D, 0xDB, 0xB6, 0x6D, 0xDB, 0x00, 0x00, 0xFF, 0xFF, 0x55, 0x55, 0x55, 0x55,
    0x80, 0xF6, 0xFA, 0xDF, 0xFF, 0xF9, 0xFF, 0xFF, 0x00, 0x00, 0xFF, 0xFF, 0x55, 0x55, 0x55, 0x55,
    0xFF, 0x03, 0x72, 0xE2, 0x24, 0x49, 0x92, 0x24, 0x00, 0x00, 0xFF, 0xFF, 0x55, 0x55, 0x55, 0x55,
    0xFF, 0x03, 0x16, 0x10, 0x03, 0x09, 0x90, 0x00, 0x00, 0x00, 0xFF, 0xFF, 0x55, 0x55, 0x55, 0x55,
    0x7E, 0xF4, 0x97, 0xFD, 0xDA, 0x8F, 0xFD, 0xDB, 0x00, 0x00, 0xFF, 0xFF, 0x55, 0x55, 0x55, 0x55,
    0x00, 0x01, 0x00, 0x00, 0x00, 0x00, 0x00, 0x00, 0x00, 0x00, 0xFF, 0xFF, 0x55, 0x55, 0x55, 0x55,
    0x1D, 0x7B, 0xF9, 0x8F, 0xFF, 0xFE, 0xEF, 0xFF, 0x00, 0x00, 0xFF, 0xFF, 0x55, 0x55, 0x55, 0x55,
    0x1C, 0x79, 0x8F, 0x7D, 0xD8, 0xB7, 0x7D, 0xDB, 0x00, 0x00, 0xFF, 0xFF, 0x55, 0x55, 0x55, 0x55,
    0x00, 0x01, 0x00, 0x00, 0x00, 0x00, 0x00, 0x00, 0x00, 0x00, 0xFF, 0xFF, 0x55, 0x55, 0x55, 0x55,
    0x0F, 0xFF, 0xB6, 0x69, 0x2B, 0x46, 0xE3, 0x25, 0x00, 0x00, 0xFF, 0xFF, 0x55, 0x55, 0x55, 0x55,
    0x17, 0xF9, 0xFF, 0xFB, 0x5F, 0x3F, 0xFD, 0xC0, 0x00, 0x00, 0xFF, 0xFF, 0x55, 0x55, 0x55, 0x55,
    0x04, 0x00, 0x48, 0x92, 0x24, 0x49, 0x92, 0x24, 0x00, 0x00, 0xFF, 0xFF, 0x55, 0x55, 0x55, 0x55,
    0x1F, 0xFF, 0xB6, 0x6D, 0xDB, 0xB6, 0x6D, 0x23, 0x00, 0x00, 0xFF, 0xFF, 0x55, 0x55, 0x55, 0x55,
    0xE0, 0xFF, 0xB6, 0x6D, 0xDB, 0xB6, 0x9D, 0xC0, 0x00, 0x00, 0xFF, 0xFF, 0x55, 0x55, 0x55, 0x55,
    0x2E, 0xFC, 0x60, 0x6E, 0x83, 0xB6, 0x6D, 0xDB, 0x00, 0x00, 0xFF, 0xFF, 0x55, 0x55, 0x55, 0x55,
    0x15, 0xE9, 0xFF, 0xF3, 0xFF, 0xFC, 0x8F, 0xFF, 0x00, 0x00, 0xFF, 0xFF, 0x55, 0x55, 0x55, 0x55,
    0xFF, 0x00, 0x4F, 0xC0, 0x04, 0x4A, 0x80, 0x04, 0x00, 0x00, 0xFF, 0xFF, 0x55, 0x55, 0x55, 0x55,
    0xFF, 0x00, 0x00, 0x02, 0x20, 0x00, 0x02, 0x20, 0x00, 0x00, 0xFF, 0xFF, 0x55, 0x55, 0x55, 0x55,
    0x00, 0x01, 0x00, 0x00, 0x00, 0x00, 0x00, 0x00, 0x00, 0x00, 0xFF, 0xFF, 0x55, 0x55, 0x55, 0x55,
    0x4E, 0xFB, 0xFD, 0xCF, 0xFF, 0xF8, 0x6F, 0x34, 0x00, 0x00, 0xFF, 0xFF, 0x55, 0x55, 0x55, 0x55,
    0xFF, 0x15, 0x4D, 0x01, 0x00, 0x80, 0x26, 0x66, 0x00, 0x00, 0xFF, 0xFF, 0x55, 0x55, 0x55, 0x55,
    0xFF, 0x00, 0x00, 0x02, 0x20, 0x00, 0x02, 0x20, 0x00, 0x00, 0xFF, 0xFF, 0x55, 0x55, 0x55, 0x55,
    0x17, 0xDA, 0x36, 0x62, 0x1B, 0xB6, 0x6D, 0xDB, 0x00, 0x00, 0xFF, 0xFF, 0x55, 0x55, 0x55, 0x55,
    0xF2, 0x02, 0x70, 0x22, 0xEC, 0x21, 0x90, 0xA4, 0x00, 0x00, 0xFF, 0xFF, 0x55, 0x55, 0x55, 0x55,
    0x85, 0xED, 0xB6, 0x6D, 0xDB, 0x15, 0xB0, 0x26, 0x00, 0x00, 0xFF, 0xFF, 0x55, 0x55, 0x55, 0x55,
    0xFA, 0x00, 0x49, 0x92, 0x9C, 0x14, 0xA0, 0xF5, 0x00, 0x00, 0xFF, 0xFF, 0x55, 0x55, 0x55, 0x55,
    0xFF, 0x03, 0x97, 0x0E, 0x3D, 0x4C, 0x92, 0x24, 0x00, 0x00, 0xFF, 0xFF, 0x55, 0x55, 0x55, 0x55,
    0x00, 0x01, 0x00, 0x00, 0x00, 0x00, 0x00, 0x00, 0x00, 0x00, 0xFF, 0xFF, 0x55, 0x55, 0x55, 0x55,
    0x00, 0x01, 0x00, 0x00, 0x00, 0x00, 0x00, 0x00, 0x00, 0x00, 0xFF, 0xFF, 0x55, 0x55, 0x55, 0x55,
    0x00, 0x01, 0x00, 0x00, 0x00, 0x00, 0x00, 0x00, 0x00, 0x00, 0xFF, 0xFF, 0x55, 0x55, 0x55, 0x55,
    0x00, 0x01, 0x00, 0x00, 0x00, 0x00, 0x00, 0x00, 0x00, 0x00, 0xFF, 0xFF, 0x55, 0x55, 0x55, 0x55,
    0x00, 0x01, 0x00, 0x00, 0x00, 0x00, 0x00, 0x00, 0x00, 0x00, 0xFF, 0xFF, 0x55, 0x55, 0x55, 0x55,
    0x00, 0x01, 0x00, 0x00, 0x00, 0x00, 0x00, 0x00, 0x00, 0x00, 0xFF, 0xFF, 0x55, 0x55, 0x55, 0x55,
    0x00, 0x01, 0x00, 0x00, 0x00, 0x00, 0x00, 0x00, 0x00, 0x00, 0xFF, 0xFF, 0x55, 0x55, 0x55, 0x55,
    0x00, 0x01, 0x00, 0x00, 0x00, 0x00, 0x00, 0x00, 0x00, 0x00, 0xFF, 0xFF, 0x55, 0x55, 0x55, 0x55,
    0x00, 0x01, 0x00, 0x00, 0x00, 0x00, 0x00, 0x00, 0x00, 0x00, 0xFF, 0xFF, 0x55, 0x55, 0x55, 0x55,
    0x00, 0x01, 0x00, 0x00, 0x00, 0x00, 0x00, 0x00, 0x00, 0x00, 0xFF, 0xFF, 0x55, 0x55, 0x55, 0x55,
    0x00, 0x01, 0x00, 0x00, 0x00, 0x00, 0x00, 0x00, 0x00, 0x00, 0xFF, 0xFF, 0x55, 0x55, 0x55, 0x55,
    0x00, 0x01, 0x00, 0x00, 0x00, 0x00, 0x00, 0x00, 0x00, 0x00, 0xFF, 0xFF, 0x55, 0x55, 0x55, 0x55,
    0x00, 0x01, 0x00, 0x00, 0x00, 0x00, 0x00, 0x00, 0x00, 0x00, 0xFF, 0xFF, 0x55, 0x55, 0x55, 0x55,
    0x00, 0x01, 0x00, 0x00, 0x00, 0x00, 0x00, 0x00, 0x00, 0x00, 0xFF, 0xFF, 0x55, 0x55, 0x55, 0x55,
    0x00, 0x01, 0x00, 0x00, 0x00, 0x00, 0x00, 0x00, 0x00, 0x00, 0xFF, 0xFF, 0x55, 0x55, 0x55, 0x55,
    0x00, 0x01, 0x00, 0x00, 0x00, 0x00, 0x00, 0x00, 0x00, 0x00, 0xFF, 0xFF, 0x55, 0x55, 0x55, 0x55,
    0x00, 0x01, 0x00, 0x00, 0x00, 0x00, 0x00, 0x00, 0x00, 0x00, 0xFF, 0xFF, 0x55, 0x55, 0x55, 0x55,
    0x00, 0x01, 0x00, 0x00, 0x00, 0x00, 0x00, 0x00, 0x00, 0x00, 0xFF, 0xFF, 0x55, 0x55, 0x55, 0x55,
    0x00, 0x01, 0x00, 0x00, 0x00, 0x00, 0x00, 0x00, 0x00, 0x00, 0xFF, 0xFF, 0x55, 0x55, 0x55, 0x55,
    0x00, 0x01, 0x00, 0x00, 0x00, 0x00, 0x00, 0x00, 0x00, 0x00, 0xFF, 0xFF, 0x55, 0x55, 0x55, 0x55,
    0x00, 0x01, 0x00, 0x00, 0x00, 0x00, 0x00, 0x00, 0x00, 0x00, 0xFF, 0xFF, 0x55, 0x55, 0x55, 0x55,
    0x00, 0x01, 0x00, 0x00, 0x00, 0x00, 0x00, 0x00, 0x00, 0x00, 0xFF, 0xFF, 0x55, 0x55, 0x55, 0x55,
    0x00, 0x01, 0x00, 0x00, 0x00, 0x00, 0x00, 0x00, 0x00, 0x00, 0xFF, 0xFF, 0x55, 0x55, 0x55, 0x55,
    0x00, 0x01, 0x00, 0x00, 0x00, 0x00, 0x00, 0x00, 0x00, 0x00, 0xFF, 0xFF, 0x55, 0x55, 0x55, 0x55,
    0x00, 0x01, 0x00, 0x00, 0x00, 0x00, 0x00, 0x00, 0x00, 0x00, 0xFF, 0xFF, 0x55, 0x55, 0x55, 0x55,
    0x00, 0x01, 0x00, 0x00, 0x00, 0x00, 0x00, 0x00, 0x00, 0x00, 0xFF, 0xFF, 0x55, 0x55, 0x55, 0x55,
    0x00, 0x01, 0x00, 0x00, 0x00, 0x00, 0x00, 0x00, 0x00, 0x00, 0xFF, 0xFF, 0x55, 0x55, 0x55, 0x55,
    0x00, 0x01, 0x00, 0x00, 0x00, 0x00, 0x00, 0x00, 0x00, 0x00, 0xFF, 0xFF, 0x55, 0x55, 0x55, 0x55,
    0x00, 0x01, 0x00, 0x00, 0x00, 0x00, 0x00, 0x00, 0x00, 0x00, 0xFF, 0xFF, 0x55, 0x55, 0x55, 0x55,
    0x00, 0x01, 0x00, 0x00, 0x00, 0x00, 0x00, 0x00, 0x00, 0x00, 0xFF, 0xFF, 0x55, 0x55, 0x55, 0x55,
    0x00, 0x01, 0x00, 0x00, 0x00, 0x00, 0x00, 0x00, 0x00, 0x00, 0xFF, 0xFF, 0x55, 0x55, 0x55, 0x55,
    0x00, 0x01, 0x00, 0x00, 0x00, 0x00, 0x00, 0x00, 0x00, 0x00, 0xFF, 0xFF, 0x55, 0x55, 0x55, 0x55,
    0x00, 0x01, 0x00, 0x00, 0x00, 0x00, 0x00, 0x00, 0x00, 0x00, 0xFF, 0xFF, 0x55, 0x55, 0x55, 0x55,
    0x00, 0x01, 0x00, 0x00, 0x00, 0x00, 0x00, 0x00, 0x00, 0x00, 0xFF, 0xFF, 0x55, 0x55, 0x55, 0x55,
    0xFE, 0xFF, 0x49, 0x92, 0x24, 0x49, 0x92, 0x24, 0x00, 0x00, 0xFF, 0xFF, 0x55, 0x55, 0x55, 0x55,
    0x07, 0xE4, 0x46, 0xEE, 0xFD, 0xC8, 0x0F, 0xFE, 0x00, 0x00, 0xFF, 0xFF, 0x55, 0x55, 0x55, 0x55,
    0x0B, 0xE0, 0xFF, 0xFC, 0xC0, 0xA7, 0xFD, 0xDA, 0x00, 0x00, 0xFF, 0xFF, 0x55, 0x55, 0x55, 0x55,
    0x00, 0x01, 0x00, 0x00, 0x00, 0x00, 0x00, 0x00, 0x00, 0x00, 0xFF, 0xFF, 0x55, 0x55, 0x55, 0x55,
    0xFE, 0xFF, 0x49, 0x92, 0x24, 0x49, 0x92, 0x24, 0x00, 0x00, 0xFF, 0xFF, 0x55, 0x55, 0x55, 0x55,
    0x00, 0x01, 0x00, 0x00, 0x00, 0x00, 0x00, 0x00, 0x00, 0x00, 0xFF, 0xFF, 0x55, 0x55, 0x55, 0x55,
    0xFF, 0x00, 0x09, 0x90, 0x00, 0x09, 0x90, 0x00, 0x00, 0x00, 0xFF, 0xFF, 0x55, 0x55, 0x55, 0x55,
    0xFF, 0x00, 0x40, 0x02, 0x24, 0x40, 0x02, 0x24, 0x00, 0x00, 0xFF, 0xFF, 0x55, 0x55, 0x55, 0x55,
    0x00, 0x01, 0x00, 0x00, 0x00, 0x00, 0x00, 0x00, 0x00, 0x00, 0xFF, 0xFF, 0x55, 0x55, 0x55, 0x55,
    0xFF, 0x00, 0x01, 0x10, 0x00, 0x01, 0x10, 0x00, 0x00, 0x00, 0xFF, 0xFF, 0x55, 0x55, 0x55, 0x55,
    0xFF, 0x00, 0x48, 0x82, 0x24, 0x48, 0x82, 0x24, 0x00, 0x00, 0xFF, 0xFF, 0x55, 0x55, 0x55, 0x55,
    0x00, 0x01, 0x00, 0x00, 0x00, 0x00, 0x00, 0x00, 0x00, 0x00, 0xFF, 0xFF, 0x55, 0x55, 0x55, 0x55,
    0x21, 0xFC, 0xC8, 0xCF, 0xFF, 0xFF, 0xF3, 0xFF, 0x00, 0x00, 0xFF, 0xFF, 0x55, 0x55, 0x55, 0x55,
    0x07, 0xFF, 0x99, 0x5D, 0xD8, 0xB2, 0x9D, 0x24, 0x00, 0x00, 0xFF, 0xFF, 0x55, 0x55, 0x55, 0x55,
    0xFF, 0x00, 0x49, 0x92, 0x24, 0x49, 0x02, 0x00, 0x00, 0x00, 0xFF, 0xFF, 0x55, 0x55, 0x55, 0x55,
    0xFF, 0x00, 0xC9, 0x91, 0x04, 0x49, 0x86, 0xC4, 0x00, 0x00, 0xFF, 0xFF, 0x55, 0x55, 0x55, 0x55,
    0x34, 0xE4, 0x7F, 0xFC, 0x1F, 0xFF, 0xF3, 0xFF, 0x00, 0x00, 0xFF, 0xFF, 0x55, 0x55, 0x55, 0x55,
    0x09, 0x46, 0xB6, 0x6D, 0xDB, 0x01, 0xF2, 0xFF, 0x00, 0x00, 0xFF, 0xFF, 0x55, 0x55, 0x55, 0x55,
    0x10, 0xE5, 0xF8, 0xAF, 0xFF, 0xF9, 0xFF, 0x3F, 0x00, 0x00, 0xFF, 0xFF, 0x55, 0x55, 0x55, 0x55,
    0x19, 0xF3, 0xB1, 0x5D, 0xDB, 0xB3, 0x0D, 0xDB, 0x00, 0x00, 0xFF, 0xFF, 0x55, 0x55, 0x55, 0x55,
    0x26, 0xA9, 0xB6, 0x6D, 0xDB, 0xB6, 0x61, 0x3B, 0x00, 0x00, 0xFF, 0xFF, 0x55, 0x55, 0x55, 0x55,
    0x1E, 0xF7, 0xB6, 0x0D, 0x36, 0xF9, 0xFF, 0xBF, 0x00, 0x00, 0xFF, 0xFF, 0x55, 0x55, 0x55, 0x55,
    0x2D, 0xF0, 0xB6, 0x9D, 0x10, 0xFF, 0x93, 0xFF, 0x00, 0x00, 0xFF, 0xFF, 0x55, 0x55, 0x55, 0x55,
    0x30, 0xAC, 0xB6, 0x6D, 0xDB, 0xB0, 0x1D, 0xDB, 0x00, 0x00, 0xFF, 0xFF, 0x55, 0x55, 0x55, 0x55,
    0x23, 0x91, 0xB6, 0x6D, 0xDB, 0xB6, 0x61, 0x3B, 0x00, 0x00, 0xFF, 0xFF, 0x55, 0x55, 0x55, 0x55,
    0xB0, 0xFD, 0xB6, 0x8D, 0xFF, 0xF9, 0xFF, 0xFF, 0x00, 0x00, 0xFF, 0xFF, 0x55, 0x55, 0x55, 0x55,
    0xFF, 0x00, 0x49, 0x02, 0x24, 0x40, 0x02, 0x24, 0x00, 0x00, 0xFF, 0xFF, 0x55, 0x55, 0x55, 0x55,
    0x15, 0xE3, 0xB6, 0x6D, 0x1B, 0x36, 0x62, 0xF3, 0x00, 0x00, 0xFF, 0xFF, 0x55, 0x55, 0x55, 0x55,
    0x84, 0xF8, 0xB6, 0x0D, 0x26, 0xFF, 0xFF, 0xFF, 0x00, 0x00, 0xFF, 0xFF, 0x55, 0x55, 0x55, 0x55,
    0x11, 0xEC, 0xB6, 0x9D, 0x12, 0xFF, 0xF3, 0xFF, 0x00, 0x00, 0xFF, 0xFF, 0x55, 0x55, 0x55, 0x55,
    0x1A, 0x96, 0xB6, 0x6D, 0xDB, 0xB0, 0x1D, 0xDB, 0x00, 0x00, 0xFF, 0xFF, 0x55, 0x55, 0x55, 0x55,
    0x00, 0x01, 0x00, 0x00, 0x00, 0x00, 0x00, 0x00, 0x00, 0x00, 0xFF, 0xFF, 0x55, 0x55, 0x55, 0x55,
    0x00, 0x01, 0x00, 0x00, 0x00, 0x00, 0x00, 0x00, 0x00, 0x00, 0xFF, 0xFF, 0x55, 0x55, 0x55, 0x55,
    0x00, 0x01, 0x00, 0x00, 0x00, 0x00, 0x00, 0x00, 0x00, 0x00, 0xFF, 0xFF, 0x55, 0x55, 0x55, 0x55,
    0x00, 0x01, 0x00, 0x00, 0x00, 0x00, 0x00, 0x00, 0x00, 0x00, 0xFF, 0xFF, 0x55, 0x55, 0x55, 0x55,
    0x00, 0x01, 0x00, 0x00, 0x00, 0x00, 0x00, 0x00, 0x00, 0x00, 0xFF, 0xFF, 0x55, 0x55, 0x55, 0x55,
    0x00, 0x01, 0x00, 0x00, 0x00, 0x00, 0x00, 0x00, 0x00, 0x00, 0xFF, 0xFF, 0x55, 0x55, 0x55, 0x55,
    0x00, 0x01, 0x00, 0x00, 0x00, 0x00, 0x00, 0x00, 0x00, 0x00, 0xFF, 0xFF, 0x55, 0x55, 0x55, 0x55,
    0x00, 0x01, 0x00, 0x00, 0x00, 0x00, 0x00, 0x00, 0x00, 0x00, 0xFF, 0xFF, 0x55, 0x55, 0x55, 0x55,
    0x00, 0x01, 0x00, 0x00, 0x00, 0x00, 0x00, 0x00, 0x00, 0x00, 0xFF, 0xFF, 0x55, 0x55, 0x55, 0x55,
    0x00, 0x01, 0x00, 0x00, 0x00, 0x00, 0x00, 0x00, 0x00, 0x00, 0xFF, 0xFF, 0x55, 0x55, 0x55, 0x55,
    0x00, 0x01, 0x00, 0x00, 0x00, 0x00, 0x00, 0x00, 0x00, 0x00, 0xFF, 0xFF, 0x55, 0x55, 0x55, 0x55,
    0x00, 0x01, 0x00, 0x00, 0x00, 0x00, 0x00, 0x00, 0x00, 0x00, 0xFF, 0xFF, 0x55, 0x55, 0x55, 0x55,
    0x00, 0x01, 0x00, 0x00, 0x00, 0x00, 0x00, 0x00, 0x00, 0x00, 0xFF, 0xFF, 0x55, 0x55, 0x55, 0x55,
    0x00, 0x01, 0x00, 0x00, 0x00, 0x00, 0x00, 0x00, 0x00, 0x00, 0xFF, 0xFF, 0x55, 0x55, 0x55, 0x55,
    0x00, 0x01, 0x00, 0x00, 0x00, 0x00, 0x00, 0x00, 0x00, 0x00, 0xFF, 0xFF, 0x55, 0x55, 0x55, 0x55,
    0x00, 0x01, 0x00, 0x00, 0x00, 0x00, 0x00, 0x00, 0x00, 0x00, 0xFF, 0xFF, 0x55, 0x55, 0x55, 0x55,
    0x00, 0x01, 0x00, 0x00, 0x00, 0x00, 0x00, 0x00, 0x00, 0x00, 0xFF, 0xFF, 0x55, 0x55, 0x55, 0x55,
    0x00, 0x01, 0x00, 0x00, 0x00, 0x00, 0x00, 0x00, 0x00, 0x00, 0xFF, 0xFF, 0x55, 0x55, 0x55, 0x55,
    0x00, 0x01, 0x00, 0x00, 0x00, 0x00, 0x00, 0x00, 0x00, 0x00, 0xFF, 0xFF, 0x55, 0x55, 0x55, 0x55,
    0x00, 0x01, 0x00, 0x00, 0x00, 0x00, 0x00, 0x00, 0x00, 0x00, 0xFF, 0xFF, 0x55, 0x55, 0x55, 0x55,
    0x00, 0x01, 0x00, 0x00, 0x00, 0x00, 0x00, 0x00, 0x00, 0x00, 0xFF, 0xFF, 0x55, 0x55, 0x55, 0x55,
    0x00, 0x01, 0x00, 0x00, 0x00, 0x00, 0x00, 0x00, 0x00, 0x00, 0xFF, 0xFF, 0x55, 0x55, 0x55, 0x55,
    0x00, 0x01, 0x00, 0x00, 0x00, 0x00, 0x00, 0x00, 0x00, 0x00, 0xFF, 0xFF, 0x55, 0x55, 0x55, 0x55,
    0x00, 0x01, 0x00, 0x00, 0x00, 0x00, 0x00, 0x00, 0x00, 0x00, 0xFF, 0xFF, 0x55, 0x55, 0x55, 0x55,
    0x00, 0x01, 0x00, 0x00, 0x00, 0x00, 0x00, 0x00, 0x00, 0x00, 0xFF, 0xFF, 0x55, 0x55, 0x55, 0x55,
    0x00, 0x01, 0x00, 0x00, 0x00, 0x00, 0x00, 0x00, 0x00, 0x00, 0xFF, 0xFF, 0x55, 0x55, 0x55, 0x55,
    0x00, 0x01, 0x00, 0x00, 0x00, 0x00, 0x00, 0x00, 0x00, 0x00, 0xFF, 0xFF, 0x55, 0x55, 0x55, 0x55,
    0x00, 0x01, 0x00, 0x00, 0x00, 0x00, 0x00, 0x00, 0x00, 0x00, 0xFF, 0xFF, 0x55, 0x55, 0x55, 0x55,
    0x00, 0x01, 0x00, 0x00, 0x00, 0x00, 0x00, 0x00, 0x00, 0x00, 0xFF, 0xFF, 0x55, 0x55, 0x55, 0x55,
    0x00, 0x01, 0x00, 0x00, 0x00, 0x00, 0x00, 0x00, 0x00, 0x00, 0xFF, 0xFF, 0x55, 0x55, 0x55, 0x55,
    0x00, 0x01, 0x00, 0x00, 0x00, 0x00, 0x00, 0x00, 0x00, 0x00, 0xFF, 0xFF, 0x55, 0x55, 0x55, 0x55,
    0x00, 0x01, 0x00, 0x00, 0x00, 0x00, 0x00, 0x00, 0x00, 0x00, 0xFF, 0xFF, 0x55, 0x55, 0x55, 0x55,
    0x00, 0x01, 0x00, 0x00, 0x00, 0x00, 0x00, 0x00, 0x00, 0x00, 0xFF, 0xFF, 0x55, 0x55, 0x55, 0x55,
    0xFE, 0xFF, 0x49, 0x92, 0x24, 0x49, 0x92, 0x24, 0x00, 0x00, 0xFF, 0xFF, 0x55, 0x55, 0x55, 0x55,
    0x00, 0xEB, 0xD0, 0x0F, 0xF4, 0xC0, 0x0E, 0x20, 0x00, 0x00, 0xFF, 0xFF, 0x55, 0x55, 0x55, 0x55,
    0xFF, 0x00, 0xC0, 0x03, 0x34, 0x80, 0x02, 0xC0, 0x00, 0x00, 0xFF, 0xFF, 0x55, 0x55, 0x55, 0x55,
    0x00, 0x01, 0x00, 0x00, 0x00, 0x00, 0x00, 0x00, 0x00, 0x00, 0xFF, 0xFF, 0x55, 0x55, 0x55, 0x55,
    0xFE, 0xFF, 0x49, 0x92, 0x24, 0x49, 0x92, 0x24, 0x00, 0x00, 0xFF, 0xFF, 0x55, 0x55, 0x55, 0x55,
    0x00, 0x01, 0x00, 0x00, 0x00, 0x00, 0x00, 0x00, 0x00, 0x00, 0xFF, 0xFF, 0x55, 0x55, 0x55, 0x55,
    0xFF, 0x00, 0x09, 0x90, 0x00, 0x09, 0x90, 0x00, 0x00, 0x00, 0xFF, 0xFF, 0x55, 0x55, 0x55, 0x55,
    0xFF, 0x00, 0x40, 0x02, 0x24, 0x40, 0x02, 0x24, 0x00, 0x00, 0xFF, 0xFF, 0x55, 0x55, 0x55, 0x55,
    0x61, 0xFF, 0xB6, 0x6D, 0xDB, 0xB6, 0x8D, 0xC4, 0x00, 0x00, 0xFF, 0xFF, 0x55, 0x55, 0x55, 0x55,
    0xFF, 0x00, 0x01, 0x10, 0x00, 0x49, 0x92, 0x24, 0x00, 0x00, 0xFF, 0xFF, 0x55, 0x55, 0x55, 0x55,
    0xAD, 0xFF, 0xB1, 0x1D, 0xDB, 0xB6, 0x6D, 0x24, 0x00, 0x00, 0xFF, 0xFF, 0x55, 0x55, 0x55, 0x55,
    0x8B, 0x00, 0x49, 0x92, 0x24, 0x49, 0x82, 0x24, 0x00, 0x00, 0xFF, 0xFF, 0x55, 0x55, 0x55, 0x55,
    0xFF, 0x00, 0x00, 0x00, 0x00, 0x49, 0x12, 0x00, 0x00, 0x00, 0xFF, 0xFF, 0x55, 0x55, 0x55, 0x55,
    0xFF, 0x00, 0x00, 0x00, 0x00, 0x49, 0x82, 0x24, 0x00, 0x00, 0xFF, 0xFF, 0x55, 0x55, 0x55, 0x55,
    0xFF, 0x00, 0x00, 0x00, 0x00, 0x49, 0x92, 0x24, 0x00, 0x00, 0xFF, 0xFF, 0x55, 0x55, 0x55, 0x55,
    0xFF, 0x00, 0x48, 0x82, 0x24, 0x49, 0x92, 0x24, 0x00, 0x00, 0xFF, 0xFF, 0x55, 0x55, 0x55, 0x55,
    0x32, 0xD0, 0xFC, 0x6F, 0x30, 0xB6, 0x6D, 0xAB, 0x00, 0x00, 0xFF, 0xFF, 0x55, 0x55, 0x55, 0x55,
    0xB9, 0xFB, 0xFF, 0xDF, 0x84, 0xB6, 0xDD, 0x14, 0x00, 0x00, 0xFF, 0xFF, 0x55, 0x55, 0x55, 0x55,
    0x08, 0xE0, 0x7F, 0xD4, 0xC1, 0xB6, 0x3D, 0xDB, 0x00, 0x00, 0xFF, 0xFF, 0x55, 0x55, 0x55, 0x55,
    0x00, 0x01, 0x00, 0x00, 0x00, 0x00, 0x00, 0x00, 0x00, 0x00, 0xFF, 0xFF, 0x55, 0x55, 0x55, 0x55,
    0xEA, 0xFE, 0xB6, 0x61, 0x3B, 0xB6, 0x6F, 0xFB, 0x00, 0x00, 0xFF, 0xFF, 0x55, 0x55, 0x55, 0x55,
    0x74, 0x97, 0x7F, 0xFC, 0xC3, 0x3F, 0xFC, 0xC3, 0x00, 0x00, 0xFF, 0xFF, 0x55, 0x55, 0x55, 0x55,
    0x0B, 0xC4, 0xFA, 0x8F, 0xFF, 0x4E, 0x62, 0xDB, 0x00, 0x00, 0xFF, 0xFF, 0x55, 0x55, 0x55, 0x55,
    0xC4, 0xFC, 0xB4, 0x1D, 0xDB, 0xB0, 0x6D, 0xDB, 0x00, 0x00, 0xFF, 0xFF, 0x55, 0x55, 0x55, 0x55,
    0xFE, 0x03, 0x49, 0x90, 0x14, 0x89, 0x10, 0x03, 0x00, 0x00, 0xFF, 0xFF, 0x55, 0x55, 0x55, 0x55,
    0xFF, 0x02, 0x00, 0x80, 0x01, 0x30, 0xA0, 0x00, 0x00, 0x00, 0xFF, 0xFF, 0x55, 0x55, 0x55, 0x55,
    0xFF, 0x00, 0x40, 0x02, 0x24, 0x40, 0x02, 0x24, 0x00, 0x00, 0xFF, 0xFF, 0x55, 0x55, 0x55, 0x55,
    0xDC, 0xFA, 0x36, 0x6E, 0xE7, 0xF6, 0x6F, 0xDB, 0x00, 0x00, 0xFF, 0xFF, 0x55, 0x55, 0x55, 0x55,
    0x0A, 0x78, 0x7F, 0xF0, 0xC3, 0xBF, 0x6D, 0xDB, 0x00, 0x00, 0xFF, 0xFF, 0x55, 0x55, 0x55, 0x55,
    0x00, 0x71, 0xF9, 0xAF, 0xFF, 0xF8, 0x8F, 0xFF, 0x00, 0x00, 0xFF, 0xFF, 0x55, 0x55, 0x55, 0x55,
    0xDE, 0xFE, 0xB0, 0x5D, 0xDB, 0xB1, 0x5D, 0xDB, 0x00, 0x00, 0xFF, 0xFF, 0x55, 0x55, 0x55, 0x55,
    0x00, 0x01, 0x00, 0x00, 0x00, 0x00, 0x00, 0x00, 0x00, 0x00, 0xFF, 0xFF, 0x55, 0x55, 0x55, 0x55,
    0x00, 0x01, 0x00, 0x00, 0x00, 0x00, 0x00, 0x00, 0x00, 0x00, 0xFF, 0xFF, 0x55, 0x55, 0x55, 0x55,
    0x00, 0x01, 0x00, 0x00, 0x00, 0x00, 0x00, 0x00, 0x00, 0x00, 0xFF, 0xFF, 0x55, 0x55, 0x55, 0x55,
    0x00, 0x01, 0x00, 0x00, 0x00, 0x00, 0x00, 0x00, 0x00, 0x00, 0xFF, 0xFF, 0x55, 0x55, 0x55, 0x55,
    0x00, 0x01, 0x00, 0x00, 0x00, 0x00, 0x00, 0x00, 0x00, 0x00, 0xFF, 0xFF, 0x55, 0x55, 0x55, 0x55,
    0x00, 0x01, 0x00, 0x00, 0x00, 0x00, 0x00, 0x00, 0x00, 0x00, 0xFF, 0xFF, 0x55, 0x55, 0x55, 0x55,
    0x00, 0x01, 0x00, 0x00, 0x00, 0x00, 0x00, 0x00, 0x00, 0x00, 0xFF, 0xFF, 0x55, 0x55, 0x55, 0x55,
    0x00, 0x01, 0x00, 0x00, 0x00, 0x00, 0x00, 0x00, 0x00, 0x00, 0xFF, 0xFF, 0x55, 0x55, 0x55, 0x55,
    0x00, 0x01, 0x00, 0x00, 0x00, 0x00, 0x00, 0x00, 0x00, 0x00, 0xFF, 0xFF, 0x55, 0x55, 0x55, 0x55,
    0x00, 0x01, 0x00, 0x00, 0x00, 0x00, 0x00, 0x00, 0x00, 0x00, 0xFF, 0xFF, 0x55, 0x55, 0x55, 0x55,
    0x00, 0x01, 0x00, 0x00, 0x00, 0x00, 0x00, 0x00, 0x00, 0x00, 0xFF, 0xFF, 0x55, 0x55, 0x55, 0x55,
    0x00, 0x01, 0x00, 0x00, 0x00, 0x00, 0x00, 0x00, 0x00, 0x00, 0xFF, 0xFF, 0x55, 0x55, 0x55, 0x55,
    0x00, 0x01, 0x00, 0x00, 0x00, 0x00, 0x00, 0x00, 0x00, 0x00, 0xFF, 0xFF, 0x55, 0x55, 0x55, 0x55,
    0x00, 0x01, 0x00, 0x00, 0x00, 0x00, 0x00, 0x00, 0x00, 0x00, 0xFF, 0xFF, 0x55, 0x55, 0x55, 0x55,
    0x00, 0x01, 0x00, 0x00, 0x00, 0x00, 0x00, 0x00, 0x00, 0x00, 0xFF, 0xFF, 0x55, 0x55, 0x55, 0x55,
    0x00, 0x01, 0x00, 0x00, 0x00, 0x00, 0x00, 0x00, 0x00, 0x00, 0xFF, 0xFF, 0x55, 0x55, 0x55, 0x55,
    0x00, 0x01, 0x00, 0x00, 0x00, 0x00, 0x00, 0x00, 0x00, 0x00, 0xFF, 0xFF, 0x55, 0x55, 0x55, 0x55,
    0x00, 0x01, 0x00, 0x00, 0x00, 0x00, 0x00, 0x00, 0x00, 0x00, 0xFF, 0xFF, 0x55, 0x55, 0x55, 0x55,
    0x00, 0x01, 0x00, 0x00, 0x00, 0x00, 0x00, 0x00, 0x00, 0x00, 0xFF, 0xFF, 0x55, 0x55, 0x55, 0x55,
    0x00, 0x01, 0x00, 0x00, 0x00, 0x00, 0x00, 0x00, 0x00, 0x00, 0xFF, 0xFF, 0x55, 0x55, 0x55, 0x55,
    0x00, 0x01, 0x00, 0x00, 0x00, 0x00, 0x00, 0x00, 0x00, 0x00, 0xFF, 0xFF, 0x55, 0x55, 0x55, 0x55,
    0x00, 0x01, 0x00, 0x00, 0x00, 0x00, 0x00, 0x00, 0x00, 0x00, 0xFF, 0xFF, 0x55, 0x55, 0x55, 0x55,
    0x00, 0x01, 0x00, 0x00, 0x00, 0x00, 0x00, 0x00, 0x00, 0x00, 0xFF, 0xFF, 0x55, 0x55, 0x55, 0x55,
    0x00, 0x01, 0x00, 0x00, 0x00, 0x00, 0x00, 0x00, 0x00, 0x00, 0xFF, 0xFF, 0x55, 0x55, 0x55, 0x55,
    0x00, 0x01, 0x00, 0x00, 0x00, 0x00, 0x00, 0x00, 0x00, 0x00, 0xFF, 0xFF, 0x55, 0x55, 0x55, 0x55,
    0x00, 0x01, 0x00, 0x00, 0x00, 0x00, 0x00, 0x00, 0x00, 0x00, 0xFF, 0xFF, 0x55, 0x55, 0x55, 0x55,
    0x00, 0x01, 0x00, 0x00, 0x00, 0x00, 0x00, 0x00, 0x00, 0x00, 0xFF, 0xFF, 0x55, 0x55, 0x55, 0x55,
    0x00, 0x01, 0x00, 0x00, 0x00, 0x00, 0x00, 0x00, 0x00, 0x00, 0xFF, 0xFF, 0x55, 0x55, 0x55, 0x55,
    0x00, 0x01, 0x00, 0x00, 0x00, 0x00, 0x00, 0x00, 0x00, 0x00, 0xFF, 0xFF, 0x55, 0x55, 0x55, 0x55,
    0x00, 0x01, 0x00, 0x00, 0x00, 0x00, 0x00, 0x00, 0x00, 0x00, 0xFF, 0xFF, 0x55, 0x55, 0x55, 0x55,
    0x00, 0x01, 0x00, 0x00, 0x00, 0x00, 0x00, 0x00, 0x00, 0x00, 0xFF, 0xFF, 0x55, 0x55, 0x55, 0x55,
    0x00, 0x01, 0x00, 0x00, 0x00, 0x00, 0x00, 0x00, 0x00, 0x00, 0xFF, 0xFF, 0x55, 0x55, 0x55, 0x55,
    0x00, 0x01, 0x00, 0x00, 0x00, 0x00, 0x00, 0x00, 0x00, 0x00, 0xFF, 0xFF, 0x55, 0x55, 0x55, 0x55,
    0xFE, 0xFF, 0x49, 0x92, 0x24, 0x49, 0x92, 0x24, 0x00, 0x00, 0xFF, 0xFF, 0x55, 0x55, 0x55, 0x55,
    0x2A, 0x8F, 0xB6, 0x63, 0x1B, 0xB6, 0x6D, 0xDB, 0x00, 0x00, 0xFF, 0xFF, 0x55, 0x55, 0x55, 0x55,
    0x64, 0xFE, 0xFF, 0xF7, 0x3F, 0xFC, 0x8F, 0xFF, 0x00, 0x00, 0xFF, 0xFF, 0x55, 0x55, 0x55, 0x55,
    0x15, 0xFF, 0xB6, 0x0D, 0xDB, 0xB3, 0x5D, 0xDB, 0x00, 0x00, 0xFF, 0xFF, 0x55, 0x55, 0x55, 0x55,
    0xFF, 0x67, 0x00, 0x20, 0x00, 0x04, 0x70, 0x00, 0x00, 0x00, 0xFF, 0xFF, 0x55, 0x55, 0x55, 0x55,
    0xE0, 0x01, 0x49, 0xF2, 0x24, 0x4D, 0x02, 0x27, 0x00, 0x00, 0xFF, 0xFF, 0x55, 0x55, 0x55, 0x55,
    0x11, 0xE1, 0xC6, 0x6F, 0xFC, 0xDE, 0xAF, 0xFC, 0x00, 0x00, 0xFF, 0xFF, 0x55, 0x55, 0x55, 0x55,
    0x56, 0xFF, 0x89, 0x91, 0x3A, 0xA1, 0x19, 0xD9, 0x00, 0x00, 0xFF, 0xFF, 0x55, 0x55, 0x55, 0x55,
    0x2A, 0xEC, 0xF9, 0x9D, 0xDF, 0xF8, 0xED, 0xDF, 0x00, 0x00, 0xFF, 0xFF, 0x55, 0x55, 0x55, 0x55,
    0x0F, 0x75, 0xB6, 0x6D, 0xDB, 0xB6, 0x61, 0x3B, 0x00, 0x00, 0xFF, 0xFF, 0x55, 0x55, 0x55, 0x55,
    0x15, 0xF6, 0xC8, 0xC3, 0x9F, 0xF9, 0xF5, 0xD7, 0x00, 0x00, 0xFF, 0xFF, 0x55, 0x55, 0x55, 0x55,
    0x1D, 0x00, 0x48, 0x92, 0x24, 0x49, 0x92, 0x24, 0x00, 0x00, 0xFF, 0xFF, 0x55, 0x55, 0x55, 0x55,
    0xFF, 0x00, 0x01, 0x10, 0x00, 0x01, 0x10, 0x00, 0x00, 0x00, 0xFF, 0xFF, 0x55, 0x55, 0x55, 0x55,
    0xFF, 0x00, 0x48, 0x82, 0x24, 0x48, 0x82, 0x24, 0x00, 0x00, 0xFF, 0xFF, 0x55, 0x55, 0x55, 0x55,
    0x00, 0x01, 0x00, 0x00, 0x00, 0x00, 0x00, 0x00, 0x00, 0x00, 0xFF, 0xFF, 0x55, 0x55, 0x55, 0x55,
    0x00, 0x01, 0x00, 0x00, 0x00, 0x00, 0x00, 0x00, 0x00, 0x00, 0xFF, 0xFF, 0x55, 0x55, 0x55, 0x55,
    0x4B, 0xF3, 0xDE, 0x8F, 0xFF, 0xFC, 0x99, 0x5F, 0x00, 0x00, 0xFF, 0xFF, 0x55, 0x55, 0x55, 0x55,
    0x02, 0xBA, 0xFF, 0x1F, 0xE6, 0x36, 0x62, 0x9B, 0x00, 0x00, 0xFF, 0xFF, 0x55, 0x55, 0x55, 0x55,
    0x0A, 0xFF, 0x21, 0x9C, 0xCC, 0x49, 0x9D, 0xC4, 0x00, 0x00, 0xFF, 0xFF, 0x55, 0x55, 0x55, 0x55,
    0x00, 0x01, 0x00, 0x00, 0x00, 0x00, 0x00, 0x00, 0x00, 0x00, 0xFF, 0xFF, 0x55, 0x55, 0x55, 0x55,
    0xFF, 0x00, 0x49, 0x90, 0x04, 0x09, 0x90, 0x00, 0x00, 0x00, 0xFF, 0xFF, 0x55, 0x55, 0x55, 0x55,
    0x74, 0xFF, 0x09, 0x9C, 0xC0, 0x49, 0x92, 0x24, 0x00, 0x00, 0xFF, 0xFF, 0x55, 0x55, 0x55, 0x55,
    0xFF, 0x00, 0x49, 0x92, 0x24, 0x40, 0x02, 0x24, 0x00, 0x00, 0xFF, 0xFF, 0x55, 0x55, 0x55, 0x55,
    0x17, 0x00, 0x49, 0x92, 0x24, 0x49, 0x92, 0x04, 0x00, 0x00, 0xFF, 0xFF, 0x55, 0x55, 0x55, 0x55,
    0x00, 0xF6, 0xE8, 0xAF, 0x3F, 0xFC, 0x99, 0x47, 0x00, 0x00, 0xFF, 0xFF, 0x55, 0x55, 0x55, 0x55,
    0x0C, 0x6B, 0xF1, 0x0F, 0xFF, 0xF6, 0x6F, 0xFF, 0x00, 0x00, 0xFF, 0xFF, 0x55, 0x55, 0x55, 0x55,
    0xFF, 0x00, 0x40, 0x02, 0x24, 0x40, 0x02, 0x24, 0x00, 0x00, 0xFF, 0xFF, 0x55, 0x55, 0x55, 0x55,
    0x00, 0x01, 0x00, 0x00, 0x00, 0x00, 0x00, 0x00, 0x00, 0x00, 0xFF, 0xFF, 0x55, 0x55, 0x55, 0x55,
    0x0F, 0xFF, 0xB6, 0x6D, 0x1B, 0x76, 0x62, 0x27, 0x00, 0x00, 0xFF, 0xFF, 0x55, 0x55, 0x55, 0x55,
    0x1B, 0xC4, 0xF8, 0xDF, 0xFF, 0xFF, 0xFF, 0x3F, 0x00, 0x00, 0xFF, 0xFF, 0x55, 0x55, 0x55, 0x55,
    0xFF, 0x00, 0x4A, 0xB2, 0x24, 0x4E, 0x92, 0x24, 0x00, 0x00, 0xFF, 0xFF, 0x55, 0x55, 0x55, 0x55,
    0x00, 0x01, 0x00, 0x00, 0x00, 0x00, 0x00, 0x00, 0x00, 0x00, 0xFF, 0xFF, 0x55, 0x55, 0x55, 0x55,
    0x00, 0x01, 0x00, 0x00, 0x00, 0x00, 0x00, 0x00, 0x00, 0x00, 0xFF, 0xFF, 0x55, 0x55, 0x55, 0x55,
    0x00, 0x01, 0x00, 0x00, 0x00, 0x00, 0x00, 0x00, 0x00, 0x00, 0xFF, 0xFF, 0x55, 0x55, 0x55, 0x55,
    0x00, 0x01, 0x00, 0x00, 0x00, 0x00, 0x00, 0x00, 0x00, 0x00, 0xFF, 0xFF, 0x55, 0x55, 0x55, 0x55,
    0x00, 0x01, 0x00, 0x00, 0x00, 0x00, 0x00, 0x00, 0x00, 0x00, 0xFF, 0xFF, 0x55, 0x55, 0x55, 0x55,
    0x00, 0x01, 0x00, 0x00, 0x00, 0x00, 0x00, 0x00, 0x00, 0x00, 0xFF, 0xFF, 0x55, 0x55, 0x55, 0x55,
    0x00, 0x01, 0x00, 0x00, 0x00, 0x00, 0x00, 0x00, 0x00, 0x00, 0xFF, 0xFF, 0x55, 0x55, 0x55, 0x55,
    0x00, 0x01, 0x00, 0x00, 0x00, 0x00, 0x00, 0x00, 0x00, 0x00, 0xFF, 0xFF, 0x55, 0x55, 0x55, 0x55,
    0x00, 0x01, 0x00, 0x00, 0x00, 0x00, 0x00, 0x00, 0x00, 0x00, 0xFF, 0xFF, 0x55, 0x55, 0x55, 0x55,
    0x00, 0x01, 0x00, 0x00, 0x00, 0x00, 0x00, 0x00, 0x00, 0x00, 0xFF, 0xFF, 0x55, 0x55, 0x55, 0x55,
    0x00, 0x01, 0x00, 0x00, 0x00, 0x00, 0x00, 0x00, 0x00, 0x00, 0xFF, 0xFF, 0x55, 0x55, 0x55, 0x55,
    0x00, 0x01, 0x00, 0x00, 0x00, 0x00, 0x00, 0x00, 0x00, 0x00, 0xFF, 0xFF, 0x55, 0x55, 0x55, 0x55,
    0x00, 0x01, 0x00, 0x00, 0x00, 0x00, 0x00, 0x00, 0x00, 0x00, 0xFF, 0xFF, 0x55, 0x55, 0x55, 0x55,
    0x00, 0x01, 0x00, 0x00, 0x00, 0x00, 0x00, 0x00, 0x00, 0x00, 0xFF, 0xFF, 0x55, 0x55, 0x55, 0x55,
    0x00, 0x01, 0x00, 0x00, 0x00, 0x00, 0x00, 0x00, 0x00, 0x00, 0xFF, 0xFF, 0x55, 0x55, 0x55, 0x55,
    0x00, 0x01, 0x00, 0x00, 0x00, 0x00, 0x00, 0x00, 0x00, 0x00, 0xFF, 0xFF, 0x55, 0x55, 0x55, 0x55,
    0x00, 0x01, 0x00, 0x00, 0x00, 0x00, 0x00, 0x00, 0x00, 0x00, 0xFF, 0xFF, 0x55, 0x55, 0x55, 0x55,
    0x00, 0x01, 0x00, 0x00, 0x00, 0x00, 0x00, 0x00, 0x00, 0x00, 0xFF, 0xFF, 0x55, 0x55, 0x55, 0x55,
    0x00, 0x01, 0x00, 0x00, 0x00, 0x00, 0x00, 0x00, 0x00, 0x00, 0xFF, 0xFF, 0x55, 0x55, 0x55, 0x55,
    0x00, 0x01, 0x00, 0x00, 0x00, 0x00, 0x00, 0x00, 0x00, 0x00, 0xFF, 0xFF, 0x55, 0x55, 0x55, 0x55,
    0x00, 0x01, 0x00, 0x00, 0x00, 0x00, 0x00, 0x00, 0x00, 0x00, 0xFF, 0xFF, 0x55, 0x55, 0x55, 0x55,
    0x00, 0x01, 0x00, 0x00, 0x00, 0x00, 0x00, 0x00, 0x00, 0x00, 0xFF, 0xFF, 0x55, 0x55, 0x55, 0x55,
    0x00, 0x01, 0x00, 0x00, 0x00, 0x00, 0x00, 0x00, 0x00, 0x00, 0xFF, 0xFF, 0x55, 0x55, 0x55, 0x55,
    0x00, 0x01, 0x00, 0x00, 0x00, 0x00, 0x00, 0x00, 0x00, 0x00, 0xFF, 0xFF, 0x55, 0x55, 0x55, 0x55,
    0x00, 0x01, 0x00, 0x00, 0x00, 0x00, 0x00, 0x00, 0x00, 0x00, 0xFF, 0xFF, 0x55, 0x55, 0x55, 0x55,
    0x00, 0x01, 0x00, 0x00, 0x00, 0x00, 0x00, 0x00, 0x00, 0x00, 0xFF, 0xFF, 0x55, 0x55, 0x55, 0x55,
    0x00, 0x01, 0x00, 0x00, 0x00, 0x00, 0x00, 0x00, 0x00, 0x00, 0xFF, 0xFF, 0x55, 0x55, 0x55, 0x55,
    0x00, 0x01, 0x00, 0x00, 0x00, 0x00, 0x00, 0x00, 0x00, 0x00, 0xFF, 0xFF, 0x55, 0x55, 0x55, 0x55,
    0x00, 0x01, 0x00, 0x00, 0x00, 0x00, 0x00, 0x00, 0x00, 0x00, 0xFF, 0xFF, 0x55, 0x55, 0x55, 0x55,
    0x00, 0x01, 0x00, 0x00, 0x00, 0x00, 0x00, 0x00, 0x00, 0x00, 0xFF, 0xFF, 0x55, 0x55, 0x55, 0x55,
    0x00, 0x01, 0x00, 0x00, 0x00, 0x00, 0x00, 0x00, 0x00, 0x00, 0xFF, 0xFF, 0x55, 0x55, 0x55, 0x55,
    0x00, 0x01, 0x00, 0x00, 0x00, 0x00, 0x00, 0x00, 0x00, 0x00, 0xFF, 0xFF, 0x55, 0x55, 0x55, 0x55,
    0x00, 0x01, 0x00, 0x00, 0x00, 0x00, 0x00, 0x00, 0x00, 0x00, 0xFF, 0xFF, 0x55, 0x55, 0x55, 0x55,
    0xFF, 0x00, 0x00, 0x00, 0x00, 0x00, 0x90, 0x24, 0x00, 0x00, 0xFF, 0xFF, 0x55, 0x55, 0x55, 0x55,
    0x00, 0x01, 0x00, 0x00, 0x00, 0x00, 0x00, 0x00, 0x00, 0x00, 0xFF, 0xFF, 0x55, 0x55, 0x55, 0x55,
    0x05, 0xF0, 0xC8, 0x6F, 0xFE, 0xD6, 0x6F, 0xDB, 0x00, 0x00, 0xFF, 0xFF, 0x55, 0x55, 0x55, 0x55,
    0x12, 0xFA, 0x97, 0x7D, 0xDA, 0x0F, 0x6C, 0xDB, 0x00, 0x00, 0xFF, 0xFF, 0x55, 0x55, 0x55, 0x55,
    0x1E, 0xF6, 0xC8, 0x6F, 0xE5, 0x36, 0x66, 0xDB, 0x00, 0x00, 0xFF, 0xFF, 0x55, 0x55, 0x55, 0x55,
    0xC9, 0xFD, 0xFF, 0xFF, 0xFF, 0x60, 0x62, 0xDB, 0x00, 0x00, 0xFF, 0xFF, 0x55, 0x55, 0x55, 0x55,
    0x22, 0xF1, 0xFF, 0xFF, 0x3F, 0xE9, 0x60, 0xDB, 0x00, 0x00, 0xFF, 0xFF, 0x55, 0x55, 0x55, 0x55,
    0x1B, 0xF3, 0x81, 0x2D, 0xDB, 0xB6, 0x6D, 0xDB, 0x00, 0x00, 0xFF, 0xFF, 0x55, 0x55, 0x55, 0x55,
    0xFF, 0x00, 0x01, 0x12, 0x20, 0x01, 0x12, 0x20, 0x00, 0x00, 0xFF, 0xFF, 0x55, 0x55, 0x55, 0x55,
    0x07, 0xEA, 0x36, 0x62, 0xEF, 0x76, 0x6F, 0xFD, 0x00, 0x00, 0xFF, 0xFF, 0x55, 0x55, 0x55, 0x55,
    0xFD, 0x02, 0x80, 0x03, 0x25, 0x68, 0x82, 0x24, 0x00, 0x00, 0xFF, 0xFF, 0x55, 0x55, 0x55, 0x55,
    0x00, 0x01, 0x00, 0x00, 0x00, 0x00, 0x00, 0x00, 0x00, 0x00, 0xFF, 0xFF, 0x55, 0x55, 0x55, 0x55,
    0xFF, 0x00, 0x01, 0x10, 0x00, 0x01, 0x10, 0x00, 0x00, 0x00, 0xFF, 0xFF, 0x55, 0x55, 0x55, 0x55,
    0x1F, 0x90, 0xB7, 0x7D, 0xDB, 0xB7, 0x71, 0x3B, 0x00, 0x00, 0xFF, 0xFF, 0x55, 0x55, 0x55, 0x55,
    0xB8, 0xFB, 0xB6, 0x6D, 0xDB, 0xF9, 0xFF, 0x1F, 0x00, 0x00, 0xFF, 0xFF, 0x55, 0x55, 0x55, 0x55,
    0x38, 0x00, 0x49, 0x92, 0x24, 0x48, 0x92, 0x24, 0x00, 0x00, 0xFF, 0xFF, 0x55, 0x55, 0x55, 0x55,
    0x16, 0xF5, 0xF9, 0xD7, 0xBF, 0xFB, 0x8F, 0xFC, 0x00, 0x00, 0xFF, 0xFF, 0x55, 0x55, 0x55, 0x55,
    0xFF, 0x04, 0x49, 0x9A, 0x5C, 0xBF, 0x20, 0x00, 0x00, 0x00, 0xFF, 0xFF, 0x55, 0x55, 0x55, 0x55,
    0x1D, 0xEF, 0x7F, 0xFC, 0xD3, 0x0F, 0x1C, 0xD9, 0x00, 0x00, 0xFF, 0xFF, 0x55, 0x55, 0x55, 0x55,
    0x00, 0x01, 0x00, 0x00, 0x00, 0x00, 0x00, 0x00, 0x00, 0x00, 0xFF, 0xFF, 0x55, 0x55, 0x55, 0x55,
    0xFF, 0x00, 0x09, 0x90, 0x04, 0x49, 0x90, 0x04, 0x00, 0x00, 0xFF, 0xFF, 0x55, 0x55, 0x55, 0x55,
    0x74, 0xFF, 0x49, 0x92, 0xC0, 0x09, 0x9C, 0xC0, 0x00, 0x00, 0xFF, 0xFF, 0x55, 0x55, 0x55, 0x55,
    0xFF, 0x00, 0x40, 0x92, 0x24, 0x49, 0x92, 0x24, 0x00, 0x00, 0xFF, 0xFF, 0x55, 0x55, 0x55, 0x55,
    0x81, 0xE9, 0xB6, 0x61, 0x3B, 0xB6, 0x6F, 0xFB, 0x00, 0x00, 0xFF, 0xFF, 0x55, 0x55, 0x55, 0x55,
    0x3E, 0xCB, 0x7F, 0xFD, 0xC3, 0x8F, 0xFD, 0xFF, 0x00, 0x00, 0xFF, 0xFF, 0x55, 0x55, 0x55, 0x55,
    0xFF, 0x00, 0x09, 0x90, 0x00, 0x09, 0x00, 0x00, 0x00, 0x00, 0xFF, 0xFF, 0x55, 0x55, 0x55, 0x55,
    0xFF, 0x00, 0x40, 0x02, 0x24, 0x40, 0x02, 0x00, 0x00, 0x00, 0xFF, 0xFF, 0x55, 0x55, 0x55, 0x55,
    0x00, 0x01, 0x00, 0x00, 0x00, 0x00, 0x00, 0x00, 0x00, 0x00, 0xFF, 0xFF, 0x55, 0x55, 0x55, 0x55,
    0x08, 0xFF, 0x76, 0x62, 0x1B, 0xB6, 0x6D, 0xDB, 0x00, 0x00, 0xFF, 0xFF, 0x55, 0x55, 0x55, 0x55,
    0x00, 0x96, 0xFF, 0x9F, 0xFF, 0xFA, 0x8F, 0xFF, 0x00, 0x00, 0xFF, 0xFF, 0x55, 0x55, 0x55, 0x55,
    0x76, 0xF8, 0xB0, 0x4D, 0xDB, 0xB1, 0x1D, 0xDB, 0x00, 0x00, 0xFF, 0xFF, 0x55, 0x55, 0x55, 0x55,
    0x00, 0x01, 0x00, 0x00, 0x00, 0x00, 0x00, 0x00, 0x00, 0x00, 0xFF, 0xFF, 0x55, 0x55, 0x55, 0x55,
    0x00, 0x01, 0x00, 0x00, 0x00, 0x00, 0x00, 0x00, 0x00, 0x00, 0xFF, 0xFF, 0x55, 0x55, 0x55, 0x55,
    0x00, 0x01, 0x00, 0x00, 0x00, 0x00, 0x00, 0x00, 0x00, 0x00, 0xFF, 0xFF, 0x55, 0x55, 0x55, 0x55,
    0x00, 0x01, 0x00, 0x00, 0x00, 0x00, 0x00, 0x00, 0x00, 0x00, 0xFF, 0xFF, 0x55, 0x55, 0x55, 0x55,
    0x00, 0x01, 0x00, 0x00, 0x00, 0x00, 0x00, 0x00, 0x00, 0x00, 0xFF, 0xFF, 0x55, 0x55, 0x55, 0x55,
    0x00, 0x01, 0x00, 0x00, 0x00, 0x00, 0x00, 0x00, 0x00, 0x00, 0xFF, 0xFF, 0x55, 0x55, 0x55, 0x55,
    0x00, 0x01, 0x00, 0x00, 0x00, 0x00, 0x00, 0x00, 0x00, 0x00, 0xFF, 0xFF, 0x55, 0x55, 0x55, 0x55,
    0x00, 0x01, 0x00, 0x00, 0x00, 0x00, 0x00, 0x00, 0x00, 0x00, 0xFF, 0xFF, 0x55, 0x55, 0x55, 0x55,
    0x00, 0x01, 0x00, 0x00, 0x00, 0x00, 0x00, 0x00, 0x00, 0x00, 0xFF, 0xFF, 0x55, 0x55, 0x55, 0x55,
    0x00, 0x01, 0x00, 0x00, 0x00, 0x00, 0x00, 0x00, 0x00, 0x00, 0xFF, 0xFF, 0x55, 0x55, 0x55, 0x55,
    0x00, 0x01, 0x00, 0x00, 0x00, 0x00, 0x00, 0x00, 0x00, 0x00, 0xFF, 0xFF, 0x55, 0x55, 0x55, 0x55,
    0x00, 0x01, 0x00, 0x00, 0x00, 0x00, 0x00, 0x00, 0x00, 0x00, 0xFF, 0xFF, 0x55, 0x55, 0x55, 0x55,
    0x00, 0x01, 0x00, 0x00, 0x00, 0x00, 0x00, 0x00, 0x00, 0x00, 0xFF, 0xFF, 0x55, 0x55, 0x55, 0x55,
    0x00, 0x01, 0x00, 0x00, 0x00, 0x00, 0x00, 0x00, 0x00, 0x00, 0xFF, 0xFF, 0x55, 0x55, 0x55, 0x55,
    0x00, 0x01, 0x00, 0x00, 0x00, 0x00, 0x00, 0x00, 0x00, 0x00, 0xFF, 0xFF, 0x55, 0x55, 0x55, 0x55,
    0x00, 0x01, 0x00, 0x00, 0x00, 0x00, 0x00, 0x00, 0x00, 0x00, 0xFF, 0xFF, 0x55, 0x55, 0x55, 0x55,
    0x00, 0x01, 0x00, 0x00, 0x00, 0x00, 0x00, 0x00, 0x00, 0x00, 0xFF, 0xFF, 0x55, 0x55, 0x55, 0x55,
    0x00, 0x01, 0x00, 0x00, 0x00, 0x00, 0x00, 0x00, 0x00, 0x00, 0xFF, 0xFF, 0x55, 0x55, 0x55, 0x55,
    0x00, 0x01, 0x00, 0x00, 0x00, 0x00, 0x00, 0x00, 0x00, 0x00, 0xFF, 0xFF, 0x55, 0x55, 0x55, 0x55,
    0x00, 0x01, 0x00, 0x00, 0x00, 0x00, 0x00, 0x00, 0x00, 0x00, 0xFF, 0xFF, 0x55, 0x55, 0x55, 0x55,
    0x00, 0x01, 0x00, 0x00, 0x00, 0x00, 0x00, 0x00, 0x00, 0x00, 0xFF, 0xFF, 0x55, 0x55, 0x55, 0x55,
    0x00, 0x01, 0x00, 0x00, 0x00, 0x00, 0x00, 0x00, 0x00, 0x00, 0xFF, 0xFF, 0x55, 0x55, 0x55, 0x55,
    0x00, 0x01, 0x00, 0x00, 0x00, 0x00, 0x00, 0x00, 0x00, 0x00, 0xFF, 0xFF, 0x55, 0x55, 0x55, 0x55,
    0x00, 0x01, 0x00, 0x00, 0x00, 0x00, 0x00, 0x00, 0x00, 0x00, 0xFF, 0xFF, 0x55, 0x55, 0x55, 0x55,
    0x00, 0x01, 0x00, 0x00, 0x00, 0x00, 0x00, 0x00, 0x00, 0x00, 0xFF, 0xFF, 0x55, 0x55, 0x55, 0x55,
    0x00, 0x01, 0x00, 0x00, 0x00, 0x00, 0x00, 0x00, 0x00, 0x00, 0xFF, 0xFF, 0x55, 0x55, 0x55, 0x55,
    0x00, 0x01, 0x00, 0x00, 0x00, 0x00, 0x00, 0x00, 0x00, 0x00, 0xFF, 0xFF, 0x55, 0x55, 0x55, 0x55,
    0x00, 0x01, 0x00, 0x00, 0x00, 0x00, 0x00, 0x00, 0x00, 0x00, 0xFF, 0xFF, 0x55, 0x55, 0x55, 0x55,
    0x00, 0x01, 0x00, 0x00, 0x00, 0x00, 0x00, 0x00, 0x00, 0x00, 0xFF, 0xFF, 0x55, 0x55, 0x55, 0x55,
    0x00, 0x01, 0x00, 0x00, 0x00, 0x00, 0x00, 0x00, 0x00, 0x00, 0xFF, 0xFF, 0x55, 0x55, 0x55, 0x55,
    0x00, 0x01, 0x00, 0x00, 0x00, 0x00, 0x00, 0x00, 0x00, 0x00, 0xFF, 0xFF, 0x55, 0x55, 0x55, 0x55,
    0x00, 0x01, 0x00, 0x00, 0x00, 0x00, 0x00, 0x00, 0x00, 0x00, 0xFF, 0xFF, 0x55, 0x55, 0x55, 0x55,
    0x00, 0x01, 0x00, 0x00, 0x00, 0x00, 0x00, 0x00, 0x00, 0x00, 0xFF, 0xFF, 0x55, 0x55, 0x55, 0x55,
    0xFE, 0xFF, 0x49, 0x92, 0x24, 0x49, 0x92, 0x24, 0x00, 0x00, 0xFF, 0xFF, 0x55, 0x55, 0x55, 0x55,
    0xFE, 0x06, 0x00, 0x00, 0x00, 0x00, 0x90, 0xC4, 0x00, 0x00, 0xFF, 0xFF, 0x55, 0x55, 0x55, 0x55,
    0x4B, 0xDE, 0x21, 0xFC, 0x9F, 0xFF, 0x9F, 0xFF, 0x00, 0x00, 0xFF, 0xFF, 0x55, 0x55, 0x55, 0x55,
    0x38, 0xD8, 0xB6, 0x63, 0xBB, 0xB2, 0x57, 0x1B, 0x00, 0x00, 0xFF, 0xFF, 0x55, 0x55, 0x55, 0x55,
    0x29, 0xD3, 0xFF, 0xF1, 0x7F, 0xFF, 0xF9, 0x3F, 0x00, 0x00, 0xFF, 0xFF, 0x55, 0x55, 0x55, 0x55,
    0x00, 0x01, 0x00, 0x00, 0x00, 0x00, 0x00, 0x00, 0x00, 0x00, 0xFF, 0xFF, 0x55, 0x55, 0x55, 0x55,
    0x00, 0xF5, 0xD8, 0x0F, 0xFE, 0xE8, 0x8F, 0xFC, 0x00, 0x00, 0xFF, 0xFF, 0x55, 0x55, 0x55, 0x55,
    0xFF, 0x02, 0x58, 0x82, 0x26, 0x70, 0x82, 0x24, 0x00, 0x00, 0xFF, 0xFF, 0x55, 0x55, 0x55, 0x55,
    0x0F, 0xFF, 0x4E, 0xEC, 0xC4, 0xB6, 0x6D, 0x1B, 0x00, 0x00, 0xFF, 0xFF, 0x55, 0x55, 0x55, 0x55,
    0x30, 0xFB, 0xE6, 0x8F, 0x3C, 0xFB, 0x99, 0x1F, 0x00, 0x00, 0xFF, 0xFF, 0x55, 0x55, 0x55, 0x55,
    0x16, 0xE1, 0xB4, 0x0D, 0xDB, 0x06, 0xE3, 0xFE, 0x00, 0x00, 0xFF, 0xFF, 0x55, 0x55, 0x55, 0x55,
    0x27, 0xF6, 0xB6, 0x6D, 0xDB, 0x09, 0xF1, 0xBF, 0x00, 0x00, 0xFF, 0xFF, 0x55, 0x55, 0x55, 0x55,
    0xFF, 0x00, 0x01, 0x10, 0x00, 0x01, 0x10, 0x00, 0x00, 0x00, 0xFF, 0xFF, 0x55, 0x55, 0x55, 0x55,
    0x10, 0xEF, 0x37, 0x72, 0xEF, 0x47, 0xFE, 0xFD, 0x00, 0x00, 0xFF, 0xFF, 0x55, 0x55, 0x55, 0x55,
    0x3A, 0xBA, 0xFF, 0xF1, 0xC7, 0x3F, 0xFC, 0xD8, 0x00, 0x00, 0xFF, 0xFF, 0x55, 0x55, 0x55, 0x55,
    0x0C, 0xE6, 0xB6, 0x6D, 0xDB, 0xB6, 0x65, 0x23, 0x00, 0x00, 0xFF, 0xFF, 0x55, 0x55, 0x55, 0x55,
    0x1E, 0xE1, 0xDE, 0x8F, 0xFE, 0xF9, 0xFF, 0x47, 0x00, 0x00, 0xFF, 0xFF, 0x55, 0x55, 0x55, 0x55,
    0xFE, 0x0F, 0x00, 0x04, 0x28, 0x00, 0x2C, 0x00, 0x00, 0x00, 0xFF, 0xFF, 0x55, 0x55, 0x55, 0x55,
    0x38, 0xFC, 0xB0, 0x6D, 0xFB, 0xB6, 0x03, 0x3B, 0x00, 0x00, 0xFF, 0xFF, 0x55, 0x55, 0x55, 0x55,
    0x04, 0x0D, 0xB6, 0xFD, 0xC3, 0x7F, 0xFC, 0xC7, 0x00, 0x00, 0xFF, 0xFF, 0x55, 0x55, 0x55, 0x55,
    0xFF, 0x00, 0x49, 0x90, 0x04, 0x49, 0x90, 0x04, 0x00, 0x00, 0xFF, 0xFF, 0x55, 0x55, 0x55, 0x55,
    0x74, 0xFF, 0x09, 0x9C, 0xC0, 0x09, 0x9C, 0xC0, 0x00, 0x00, 0xFF, 0xFF, 0x55, 0x55, 0x55, 0x55,
    0x00, 0x01, 0x00, 0x00, 0x00, 0x00, 0x00, 0x00, 0x00, 0x00, 0xFF, 0xFF, 0x55, 0x55, 0x55, 0x55,
    0xFF, 0x00, 0x49, 0x90, 0x04, 0x49, 0x92, 0x24, 0x00, 0x00, 0xFF, 0xFF, 0x55, 0x55, 0x55, 0x55,
    0xFF, 0x00, 0x00, 0x00, 0x00, 0x49, 0x92, 0x24, 0x00, 0x00, 0xFF, 0xFF, 0x55, 0x55, 0x55, 0x55,
    0xFF, 0x00, 0x00, 0x00, 0x00, 0x09, 0x90, 0x00, 0x00, 0x00, 0xFF, 0xFF, 0x55, 0x55, 0x55, 0x55,
    0xFF, 0x00, 0x00, 0x00, 0x00, 0x40, 0x02, 0x24, 0x00, 0x00, 0xFF, 0xFF, 0x55, 0x55, 0x55, 0x55,
    0xD7, 0xF6, 0xB6, 0x6D, 0xFF, 0x76, 0x6E, 0xE3, 0x00, 0x00, 0xFF, 0xFF, 0x55, 0x55, 0x55, 0x55,
    0x0A, 0x6D, 0xB6, 0xFD, 0xDB, 0x3F, 0xFC, 0x07, 0x00, 0x00, 0xFF, 0xFF, 0x55, 0x55, 0x55, 0x55,
    0x01, 0x8B, 0xFE, 0x8F, 0xFF, 0xFA, 0x9F, 0xFF, 0x00, 0x00, 0xFF, 0xFF, 0x55, 0x55, 0x55, 0x55,
    0xBA, 0xFE, 0xB1, 0x1D, 0xDB, 0xB5, 0x2D, 0xDB, 0x00, 0x00, 0xFF, 0xFF, 0x55, 0x55, 0x55, 0x55,
    0x00, 0x01, 0x00, 0x00, 0x00, 0x00, 0x00, 0x00, 0x00, 0x00, 0xFF, 0xFF, 0x55, 0x55, 0x55, 0x55,
    0x00, 0x01, 0x00, 0x00, 0x00, 0x00, 0x00, 0x00, 0x00, 0x00, 0xFF, 0xFF, 0x55, 0x55, 0x55, 0x55,
    0x00, 0x01, 0x00, 0x00, 0x00, 0x00, 0x00, 0x00, 0x00, 0x00, 0xFF, 0xFF, 0x55, 0x55, 0x55, 0x55,
    0x00, 0x01, 0x00, 0x00, 0x00, 0x00, 0x00, 0x00, 0x00, 0x00, 0xFF, 0xFF, 0x55, 0x55, 0x55, 0x55,
    0x00, 0x01, 0x00, 0x00, 0x00, 0x00, 0x00, 0x00, 0x00, 0x00, 0xFF, 0xFF, 0x55, 0x55, 0x55, 0x55,
    0x00, 0x01, 0x00, 0x00, 0x00, 0x00, 0x00, 0x00, 0x00, 0x00, 0xFF, 0xFF, 0x55, 0x55, 0x55, 0x55,
    0x00, 0x01, 0x00, 0x00, 0x00, 0x00, 0x00, 0x00, 0x00, 0x00, 0xFF, 0xFF, 0x55, 0x55, 0x55, 0x55,
    0x00, 0x01, 0x00, 0x00, 0x00, 0x00, 0x00, 0x00, 0x00, 0x00, 0xFF, 0xFF, 0x55, 0x55, 0x55, 0x55,
    0x00, 0x01, 0x00, 0x00, 0x00, 0x00, 0x00, 0x00, 0x00, 0x00, 0xFF, 0xFF, 0x55, 0x55, 0x55, 0x55,
    0x00, 0x01, 0x00, 0x00, 0x00, 0x00, 0x00, 0x00, 0x00, 0x00, 0xFF, 0xFF, 0x55, 0x55, 0x55, 0x55,
    0x00, 0x01, 0x00, 0x00, 0x00, 0x00, 0x00, 0x00, 0x00, 0x00, 0xFF, 0xFF, 0x55, 0x55, 0x55, 0x55,
    0x00, 0x01, 0x00, 0x00, 0x00, 0x00, 0x00, 0x00, 0x00, 0x00, 0xFF, 0xFF, 0x55, 0x55, 0x55, 0x55,
    0x00, 0x01, 0x00, 0x00, 0x00, 0x00, 0x00, 0x00, 0x00, 0x00, 0xFF, 0xFF, 0x55, 0x55, 0x55, 0x55,
    0x00, 0x01, 0x00, 0x00, 0x00, 0x00, 0x00, 0x00, 0x00, 0x00, 0xFF, 0xFF, 0x55, 0x55, 0x55, 0x55,
    0x00, 0x01, 0x00, 0x00, 0x00, 0x00, 0x00, 0x00, 0x00, 0x00, 0xFF, 0xFF, 0x55, 0x55, 0x55, 0x55,
    0x00, 0x01, 0x00, 0x00, 0x00, 0x00, 0x00, 0x00, 0x00, 0x00, 0xFF, 0xFF, 0x55, 0x55, 0x55, 0x55,
    0x00, 0x01, 0x00, 0x00, 0x00, 0x00, 0x00, 0x00, 0x00, 0x00, 0xFF, 0xFF, 0x55, 0x55, 0x55, 0x55,
    0x00, 0x01, 0x00, 0x00, 0x00, 0x00, 0x00, 0x00, 0x00, 0x00, 0xFF, 0xFF, 0x55, 0x55, 0x55, 0x55,
    0x00, 0x01, 0x00, 0x00, 0x00, 0x00, 0x00, 0x00, 0x00, 0x00, 0xFF, 0xFF, 0x55, 0x55, 0x55, 0x55,
    0x00, 0x01, 0x00, 0x00, 0x00, 0x00, 0x00, 0x00, 0x00, 0x00, 0xFF, 0xFF, 0x55, 0x55, 0x55, 0x55,
    0x00, 0x01, 0x00, 0x00, 0x00, 0x00, 0x00, 0x00, 0x00, 0x00, 0xFF, 0xFF, 0x55, 0x55, 0x55, 0x55,
    0x00, 0x01, 0x00, 0x00, 0x00, 0x00, 0x00, 0x00, 0x00, 0x00, 0xFF, 0xFF, 0x55, 0x55, 0x55, 0x55,
    0x00, 0x01, 0x00, 0x00, 0x00, 0x00, 0x00, 0x00, 0x00, 0x00, 0xFF, 0xFF, 0x55, 0x55, 0x55, 0x55,
    0x00, 0x01, 0x00, 0x00, 0x00, 0x00, 0x00, 0x00, 0x00, 0x00, 0xFF, 0xFF, 0x55, 0x55, 0x55, 0x55,
    0x00, 0x01, 0x00, 0x00, 0x00, 0x00, 0x00, 0x00, 0x00, 0x00, 0xFF, 0xFF, 0x55, 0x55, 0x55, 0x55,
    0x00, 0x01, 0x00, 0x00, 0x00, 0x00, 0x00, 0x00, 0x00, 0x00, 0xFF, 0xFF, 0x55, 0x55, 0x55, 0x55,
    0x00, 0x01, 0x00, 0x00, 0x00, 0x00, 0x00, 0x00, 0x00, 0x00, 0xFF, 0xFF, 0x55, 0x55, 0x55, 0x55,
    0x00, 0x01, 0x00, 0x00, 0x00, 0x00, 0x00, 0x00, 0x00, 0x00, 0xFF, 0xFF, 0x55, 0x55, 0x55, 0x55,
    0x00, 0x01, 0x00, 0x00, 0x00, 0x00, 0x00, 0x00, 0x00, 0x00, 0xFF, 0xFF, 0x55, 0x55, 0x55, 0x55,
    0x00, 0x01, 0x00, 0x00, 0x00, 0x00, 0x00, 0x00, 0x00, 0x00, 0xFF, 0xFF, 0x55, 0x55, 0x55, 0x55,
    0x00, 0x01, 0x00, 0x00, 0x00, 0x00, 0x00, 0x00, 0x00, 0x00, 0xFF, 0xFF, 0x55, 0x55, 0x55, 0x55,
    0x00, 0x01, 0x00, 0x00, 0x00, 0x00, 0x00, 0x00, 0x00, 0x00, 0xFF, 0xFF, 0x55, 0x55, 0x55, 0x55,
    0x00, 0x01, 0x00, 0x00, 0x00, 0x00, 0x00, 0x00, 0x00, 0x00, 0xFF, 0xFF, 0x55, 0x55, 0x55, 0x55,
    0xFE, 0xFF, 0x49, 0x92, 0x24, 0x49, 0x92, 0x24, 0x00, 0x00, 0xFF, 0xFF, 0x55, 0x55, 0x55, 0x55,
    0x00, 0x01, 0x00, 0x00, 0x00, 0x00, 0x00, 0x00, 0x00, 0x00, 0xFF, 0xFF, 0x55, 0x55, 0x55, 0x55,
    0x03, 0x4C, 0xF9, 0xAF, 0xFF, 0xF8, 0xAF, 0xFF, 0x00, 0x00, 0xFF, 0xFF, 0x55, 0x55, 0x55, 0x55,
    0xFF, 0x01, 0x4A, 0x82, 0x24, 0x48, 0xA2, 0x24, 0x00, 0x00, 0xFF, 0xFF, 0x55, 0x55, 0x55, 0x55,
    0xFF, 0x64, 0x00, 0x30, 0x00, 0x06, 0x10, 0x00, 0x00, 0x00, 0xFF, 0xFF, 0x55, 0x55, 0x55, 0x55,
    0xA9, 0x00, 0x49, 0xD2, 0x24, 0x4B, 0x82, 0x24, 0x00, 0x00, 0xFF, 0xFF, 0x55, 0x55, 0x55, 0x55,
    0xFF, 0x34, 0x01, 0x60, 0x00, 0x04, 0x20, 0x00, 0x00, 0x00, 0xFF, 0xFF, 0x55, 0x55, 0x55, 0x55,
    0x2F, 0xD8, 0xB1, 0x4D, 0xDB, 0xB3, 0x0D, 0xDB, 0x00, 0x00, 0xFF, 0xFF, 0x55, 0x55, 0x55, 0x55,
    0x02, 0xD3, 0xB6, 0x69, 0x23, 0xF6, 0x6E, 0xE7, 0x00, 0x00, 0xFF, 0xFF, 0x55, 0x55, 0x55, 0x55,
    0xFF, 0x02, 0xC0, 0x02, 0x38, 0x50, 0x82, 0x26, 0x00, 0x00, 0xFF, 0xFF, 0x55, 0x55, 0x55, 0x55,
    0xFD, 0x00, 0x01, 0x10, 0x00, 0x49, 0x92, 0xE4, 0x00, 0x00, 0xFF, 0xFF, 0x55, 0x55, 0x55, 0x55,
    0xFE, 0x13, 0x07, 0x10, 0x40, 0x05, 0x0A, 0x28, 0x00, 0x00, 0xFF, 0xFF, 0x55, 0x55, 0x55, 0x55,
    0xFF, 0x00, 0x01, 0x10, 0x00, 0x01, 0x10, 0x00, 0x00, 0x00, 0xFF, 0xFF, 0x55, 0x55, 0x55, 0x55,
    0xFF, 0x03, 0x10, 0x80, 0x01, 0x30, 0x80, 0x08, 0x00, 0x00, 0xFF, 0xFF, 0x55, 0x55, 0x55, 0x55,
    0x00, 0xE8, 0x1F, 0x70, 0x02, 0x0F, 0xF0, 0x0F, 0x00, 0x00, 0xFF, 0xFF, 0x55, 0x55, 0x55, 0x55,
    0x71, 0xF5, 0xB6, 0x6E, 0xF7, 0x76, 0x6E, 0xE7, 0x00, 0x00, 0xFF, 0xFF, 0x55, 0x55, 0x55, 0x55,
    0x17, 0xE6, 0x0F, 0x7C, 0xDA, 0x9F, 0xFD, 0xD9, 0x00, 0x00, 0xFF, 0xFF, 0x55, 0x55, 0x55, 0x55,
    0x27, 0xF6, 0xC8, 0x6F, 0xE5, 0xF6, 0x6E, 0x9B, 0x00, 0x00, 0xFF, 0xFF, 0x55, 0x55, 0x55, 0x55,
    0x1D, 0xF7, 0x81, 0xF3, 0xE2, 0x7F, 0xFF, 0xFF, 0x00, 0x00, 0xFF, 0xFF, 0x55, 0x55, 0x55, 0x55,
    0x07, 0xF8, 0x3F, 0xFC, 0xD8, 0xAF, 0x7D, 0xDA, 0x00, 0x00, 0xFF, 0xFF, 0x55, 0x55, 0x55, 0x55,
    0x5C, 0xFF, 0x46, 0x62, 0x24, 0x46, 0x62, 0xDB, 0x00, 0x00, 0xFF, 0xFF, 0x55, 0x55, 0x55, 0x55,
    0xF1, 0xFD, 0x7F, 0xF0, 0xFF, 0xFF, 0x6F, 0xDB, 0x00, 0x00, 0xFF, 0xFF, 0x55, 0x55, 0x55, 0x55,
    0xBB, 0xFF, 0x9C, 0x90, 0x24, 0x49, 0x62, 0xDB, 0x00, 0x00, 0xFF, 0xFF, 0x55, 0x55, 0x55, 0x55,
    0xAE, 0xFF, 0xB0, 0x1D, 0xDB, 0xB1, 0x6D, 0xDB, 0x00, 0x00, 0xFF, 0xFF, 0x55, 0x55, 0x55, 0x55,
    0x00, 0x01, 0x00, 0x00, 0x00, 0x00, 0x00, 0x00, 0x00, 0x00, 0xFF, 0xFF, 0x55, 0x55, 0x55, 0x55,
    0xFF, 0x00, 0x09, 0x90, 0x00, 0x09, 0x90, 0x24, 0x00, 0x00, 0xFF, 0xFF, 0x55, 0x55, 0x55, 0x55,
    0xFF, 0x00, 0x40, 0x02, 0x24, 0x40, 0x92, 0x24, 0x00, 0x00, 0xFF, 0xFF, 0x55, 0x55, 0x55, 0x55,
    0x14, 0xE1, 0x36, 0x6F, 0x23, 0xB6, 0x61, 0xDB, 0x00, 0x00, 0xFF, 0xFF, 0x55, 0x55, 0x55, 0x55,
    0x86, 0xF8, 0xFF, 0xFF, 0xFF, 0x60, 0x62, 0xDB, 0x00, 0x00, 0xFF, 0xFF, 0x55, 0x55, 0x55, 0x55,
    0x10, 0xF7, 0xFF, 0xFF, 0xBF, 0xE9, 0x60, 0xDB, 0x00, 0x00, 0xFF, 0xFF, 0x55, 0x55, 0x55, 0x55,
    0x09, 0x76, 0xB1, 0x0D, 0xDB, 0xB6, 0x6D, 0xDB, 0x00, 0x00, 0xFF, 0xFF, 0x55, 0x55, 0x55, 0x55,
    0x00, 0x01, 0x00, 0x00, 0x00, 0x00, 0x00, 0x00, 0x00, 0x00, 0xFF, 0xFF, 0x55, 0x55, 0x55, 0x55,
    0x00, 0x01, 0x00, 0x00, 0x00, 0x00, 0x00, 0x00, 0x00, 0x00, 0xFF, 0xFF, 0x55, 0x55, 0x55, 0x55,
    0x00, 0x01, 0x00, 0x00, 0x00, 0x00, 0x00, 0x00, 0x00, 0x00, 0xFF, 0xFF, 0x55, 0x55, 0x55, 0x55,
    0x00, 0x01, 0x00, 0x00, 0x00, 0x00, 0x00, 0x00, 0x00, 0x00, 0xFF, 0xFF, 0x55, 0x55, 0x55, 0x55,
    0x00, 0x01, 0x00, 0x00, 0x00, 0x00, 0x00, 0x00, 0x00, 0x00, 0xFF, 0xFF, 0x55, 0x55, 0x55, 0x55,
    0x00, 0x01, 0x00, 0x00, 0x00, 0x00, 0x00, 0x00, 0x00, 0x00, 0xFF, 0xFF, 0x55, 0x55, 0x55, 0x55,
    0x00, 0x01, 0x00, 0x00, 0x00, 0x00, 0x00, 0x00, 0x00, 0x00, 0xFF, 0xFF, 0x55, 0x55, 0x55, 0x55,
    0x00, 0x01, 0x00, 0x00, 0x00, 0x00, 0x00, 0x00, 0x00, 0x00, 0xFF, 0xFF, 0x55, 0x55, 0x55, 0x55,
    0x00, 0x01, 0x00, 0x00, 0x00, 0x00, 0x00, 0x00, 0x00, 0x00, 0xFF, 0xFF, 0x55, 0x55, 0x55, 0x55,
    0x00, 0x01, 0x00, 0x00, 0x00, 0x00, 0x00, 0x00, 0x00, 0x00, 0xFF, 0xFF, 0x55, 0x55, 0x55, 0x55,
    0x00, 0x01, 0x00, 0x00, 0x00, 0x00, 0x00, 0x00, 0x00, 0x00, 0xFF, 0xFF, 0x55, 0x55, 0x55, 0x55,
    0x00, 0x01, 0x00, 0x00, 0x00, 0x00, 0x00, 0x00, 0x00, 0x00, 0xFF, 0xFF, 0x55, 0x55, 0x55, 0x55,
    0x00, 0x01, 0x00, 0x00, 0x00, 0x00, 0x00, 0x00, 0x00, 0x00, 0xFF, 0xFF, 0x55, 0x55, 0x55, 0x55,
    0x00, 0x01, 0x00, 0x00, 0x00, 0x00, 0x00, 0x00, 0x00, 0x00, 0xFF, 0xFF, 0x55, 0x55, 0x55, 0x55,
    0x00, 0x01, 0x00, 0x00, 0x00, 0x00, 0x00, 0x00, 0x00, 0x00, 0xFF, 0xFF, 0x55, 0x55, 0x55, 0x55,
    0x00, 0x01, 0x00, 0x00, 0x00, 0x00, 0x00, 0x00, 0x00, 0x00, 0xFF, 0xFF, 0x55, 0x55, 0x55, 0x55,
    0x00, 0x01, 0x00, 0x00, 0x00, 0x00, 0x00, 0x00, 0x00, 0x00, 0xFF, 0xFF, 0x55, 0x55, 0x55, 0x55,
    0x00, 0x01, 0x00, 0x00, 0x00, 0x00, 0x00, 0x00, 0x00, 0x00, 0xFF, 0xFF, 0x55, 0x55, 0x55, 0x55,
    0x00, 0x01, 0x00, 0x00, 0x00, 0x00, 0x00, 0x00, 0x00, 0x00, 0xFF, 0xFF, 0x55, 0x55, 0x55, 0x55,
    0x00, 0x01, 0x00, 0x00, 0x00, 0x00, 0x00, 0x00, 0x00, 0x00, 0xFF, 0xFF, 0x55, 0x55, 0x55, 0x55,
    0x00, 0x01, 0x00, 0x00, 0x00, 0x00, 0x00, 0x00, 0x00, 0x00, 0xFF, 0xFF, 0x55, 0x55, 0x55, 0x55,
    0x00, 0x01, 0x00, 0x00, 0x00, 0x00, 0x00, 0x00, 0x00, 0x00, 0xFF, 0xFF, 0x55, 0x55, 0x55, 0x55,
    0x00, 0x01, 0x00, 0x00, 0x00, 0x00, 0x00, 0x00, 0x00, 0x00, 0xFF, 0xFF, 0x55, 0x55, 0x55, 0x55,
    0x00, 0x01, 0x00, 0x00, 0x00, 0x00, 0x00, 0x00, 0x00, 0x00, 0xFF, 0xFF, 0x55, 0x55, 0x55, 0x55,
    0x00, 0x01, 0x00, 0x00, 0x00, 0x00, 0x00, 0x00, 0x00, 0x00, 0xFF, 0xFF, 0x55, 0x55, 0x55, 0x55,
    0x00, 0x01, 0x00, 0x00, 0x00, 0x00, 0x00, 0x00, 0x00, 0x00, 0xFF, 0xFF, 0x55, 0x55, 0x55, 0x55,
    0x00, 0x01, 0x00, 0x00, 0x00, 0x00, 0x00, 0x00, 0x00, 0x00, 0xFF, 0xFF, 0x55, 0x55, 0x55, 0x55,
    0x00, 0x01, 0x00, 0x00, 0x00, 0x00, 0x00, 0x00, 0x00, 0x00, 0xFF, 0xFF, 0x55, 0x55, 0x55, 0x55,
    0x00, 0x01, 0x00, 0x00, 0x00, 0x00, 0x00, 0x00, 0x00, 0x00, 0xFF, 0xFF, 0x55, 0x55, 0x55, 0x55,
    0x00, 0x01, 0x00, 0x00, 0x00, 0x00, 0x00, 0x00, 0x00, 0x00, 0xFF, 0xFF, 0x55, 0x55, 0x55, 0x55,
    0x00, 0x01, 0x00, 0x00, 0x00, 0x00, 0x00, 0x00, 0x00, 0x00, 0xFF, 0xFF, 0x55, 0x55, 0x55, 0x55,
    0x00, 0x01, 0x00, 0x00, 0x00, 0x00, 0x00, 0x00, 0x00, 0x00, 0xFF, 0xFF, 0x55, 0x55, 0x55, 0x55,
    0x00, 0x01, 0x00, 0x00, 0x00, 0x00, 0x00, 0x00, 0x00, 0x00, 0xFF, 0xFF, 0x55, 0x55, 0x55, 0x55,
    0xFE, 0xFF, 0x49, 0x92, 0x24, 0x49, 0x92, 0x24, 0x00, 0x00, 0xFF, 0xFF, 0x55, 0x55, 0x55, 0x55,
    0x01, 0x46, 0xB6, 0x6D, 0x28, 0xFF, 0xFF, 0xFF, 0x00, 0x00, 0xFF, 0xFF, 0x55, 0x55, 0x55, 0x55,
    0xFF, 0x06, 0x06, 0x20, 0x00, 0x00, 0x0A, 0x35, 0x00, 0x00, 0xFF, 0xFF, 0x55, 0x55, 0x55, 0x55,
    0x49, 0xAD, 0xB1, 0x0D, 0xDB, 0xB6, 0x6D, 0xDB, 0x00, 0x00, 0xFF, 0xFF, 0x55, 0x55, 0x55, 0x55,
    0x00, 0xE9, 0xFA, 0x8F, 0xFC, 0xE8, 0x0F, 0xFE, 0x00, 0x00, 0xFF, 0xFF, 0x55, 0x55, 0x55, 0x55,
    0x1D, 0xDF, 0xB1, 0x71, 0x58, 0x97, 0x79, 0xBA, 0x00, 0x00, 0xFF, 0xFF, 0x55, 0x55, 0x55, 0x55,
    0x50, 0xEB, 0xFF, 0xF3, 0xBF, 0xFF, 0xF7, 0x1F, 0x00, 0x00, 0xFF, 0xFF, 0x55, 0x55, 0x55, 0x55,
    0x04, 0x00, 0x48, 0x92, 0x24, 0x49, 0x92, 0x24, 0x00, 0x00, 0xFF, 0xFF, 0x55, 0x55, 0x55, 0x55,
    0xFC, 0x00, 0x31, 0x90, 0x01, 0x07, 0x40, 0x60, 0x00, 0x00, 0xFF, 0xFF, 0x55, 0x55, 0x55, 0x55,
    0xEF, 0x01, 0x48, 0xC2, 0x24, 0x4F, 0x92, 0x24, 0x00, 0x00, 0xFF, 0xFF, 0x55, 0x55, 0x55, 0x55,
    0xFF, 0x00, 0x49, 0x96, 0x10, 0x29, 0x14, 0x00, 0x00, 0x00, 0xFF, 0xFF, 0x55, 0x55, 0x55, 0x55,
    0x24, 0xE6, 0x0F, 0x1C, 0xD8, 0xB0, 0xFD, 0xFF, 0x00, 0x00, 0xFF, 0xFF, 0x55, 0x55, 0x55, 0x55,
    0xFF, 0x00, 0x01, 0x10, 0x00, 0x01, 0x10, 0x00, 0x00, 0x00, 0xFF, 0xFF, 0x55, 0x55, 0x55, 0x55,
    0x2B, 0xFF, 0xF1, 0x12, 0x23, 0xB1, 0x19, 0x5B, 0x00, 0x00, 0xFF, 0xFF, 0x55, 0x55, 0x55, 0x55,
    0xFF, 0x03, 0xC0, 0x02, 0xE0, 0x00, 0x0A, 0x40, 0x00, 0x00, 0xFF, 0xFF, 0x55, 0x55, 0x55, 0x55,
    0x00, 0xCE, 0x40, 0x0E, 0xF0, 0x00, 0x02, 0x40, 0x00, 0x00, 0xFF, 0xFF, 0x55, 0x55, 0x55, 0x55,
    0x00, 0xFF, 0x29, 0x90, 0x10, 0x49, 0xDA, 0x24, 0x00, 0x00, 0xFF, 0xFF, 0x55, 0x55, 0x55, 0x55,
    0x11, 0xF1, 0xB6, 0x61, 0x1B, 0x1C, 0xF3, 0xFF, 0x00, 0x00, 0xFF, 0xFF, 0x55, 0x55, 0x55, 0x55,
    0xFF, 0x91, 0x05, 0x50, 0x00, 0x00, 0x80, 0x04, 0x00, 0x00, 0xFF, 0xFF, 0x55, 0x55, 0x55, 0x55,
    0x04, 0xC8, 0x9F, 0x7D, 0xD9, 0x0F, 0xFC, 0x17, 0x00, 0x00, 0xFF, 0xFF, 0x55, 0x55, 0x55, 0x55,
    0xFB, 0x00, 0x49, 0x92, 0xA4, 0x89, 0x91, 0x02, 0x00, 0x00, 0xFF, 0xFF, 0x55, 0x55, 0x55, 0x55,
    0xFF, 0xDB, 0x01, 0x00, 0x00, 0x00, 0x00, 0x00, 0x00, 0x00, 0xFF, 0xFF, 0x55, 0x55, 0x55, 0x55,
    0xFC, 0x00, 0x49, 0x9E, 0x5C, 0xC9, 0x90, 0x00, 0x00, 0x00, 0xFF, 0xFF, 0x55, 0x55, 0x55, 0x55,
    0x03, 0xF4, 0x6C, 0xF2, 0xFF, 0xFF, 0xFF, 0x0F, 0x00, 0x00, 0xFF, 0xFF, 0x55, 0x55, 0x55, 0x55,
    0x16, 0xFB, 0xE9, 0xF0, 0xBF, 0xFF, 0xBF, 0xFF, 0x00, 0x00, 0xFF, 0xFF, 0x55, 0x55, 0x55, 0x55,
    0x0F, 0xD1, 0xF6, 0x0F, 0xFF, 0xF4, 0x1F, 0xFF, 0x00, 0x00, 0xFF, 0xFF, 0x55, 0x55, 0x55, 0x55,
    0xFF, 0x00, 0x40, 0x02, 0x24, 0x40, 0x02, 0x24, 0x00, 0x00, 0xFF, 0xFF, 0x55, 0x55, 0x55, 0x55,
    0xFF, 0x00, 0x49, 0x90, 0x04, 0x49, 0x90, 0x04, 0x00, 0x00, 0xFF, 0xFF, 0x55, 0x55, 0x55, 0x55,
    0xFF, 0x00, 0x00, 0x02, 0x20, 0x00, 0x02, 0x20, 0x00, 0x00, 0xFF, 0xFF, 0x55, 0x55, 0x55, 0x55,
    0x00, 0x01, 0x00, 0x00, 0x00, 0x00, 0x00, 0x00, 0x00, 0x00, 0xFF, 0xFF, 0x55, 0x55, 0x55, 0x55,
    0x00, 0x01, 0x00, 0x00, 0x00, 0x00, 0x00, 0x00, 0x00, 0x00, 0xFF, 0xFF, 0x55, 0x55, 0x55, 0x55,
    0x00, 0x01, 0x00, 0x00, 0x00, 0x00, 0x00, 0x00, 0x00, 0x00, 0xFF, 0xFF, 0x55, 0x55, 0x55, 0x55,
    0x00, 0x01, 0x00, 0x00, 0x00, 0x00, 0x00, 0x00, 0x00, 0x00, 0xFF, 0xFF, 0x55, 0x55, 0x55, 0x55,
    0x00, 0x01, 0x00, 0x00, 0x00, 0x00, 0x00, 0x00, 0x00, 0x00, 0xFF, 0xFF, 0x55, 0x55, 0x55, 0x55,
    0x00, 0x01, 0x00, 0x00, 0x00, 0x00, 0x00, 0x00, 0x00, 0x00, 0xFF, 0xFF, 0x55, 0x55, 0x55, 0x55,
    0x00, 0x01, 0x00, 0x00, 0x00, 0x00, 0x00, 0x00, 0x00, 0x00, 0xFF, 0xFF, 0x55, 0x55, 0x55, 0x55,
    0x00, 0x01, 0x00, 0x00, 0x00, 0x00, 0x00, 0x00, 0x00, 0x00, 0xFF, 0xFF, 0x55, 0x55, 0x55, 0x55,
    0x00, 0x01, 0x00, 0x00, 0x00, 0x00, 0x00, 0x00, 0x00, 0x00, 0xFF, 0xFF, 0x55, 0x55, 0x55, 0x55,
    0x00, 0x01, 0x00, 0x00, 0x00, 0x00, 0x00, 0x00, 0x00, 0x00, 0xFF, 0xFF, 0x55, 0x55, 0x55, 0x55,
    0x00, 0x01, 0x00, 0x00, 0x00, 0x00, 0x00, 0x00, 0x00, 0x00, 0xFF, 0xFF, 0x55, 0x55, 0x55, 0x55,
    0x00, 0x01, 0x00, 0x00, 0x00, 0x00, 0x00, 0x00, 0x00, 0x00, 0xFF, 0xFF, 0x55, 0x55, 0x55, 0x55,
    0x00, 0x01, 0x00, 0x00, 0x00, 0x00, 0x00, 0x00, 0x00, 0x00, 0xFF, 0xFF, 0x55, 0x55, 0x55, 0x55,
    0x00, 0x01, 0x00, 0x00, 0x00, 0x00, 0x00, 0x00, 0x00, 0x00, 0xFF, 0xFF, 0x55, 0x55, 0x55, 0x55,
    0x00, 0x01, 0x00, 0x00, 0x00, 0x00, 0x00, 0x00, 0x00, 0x00, 0xFF, 0xFF, 0x55, 0x55, 0x55, 0x55,
    0x00, 0x01, 0x00, 0x00, 0x00, 0x00, 0x00, 0x00, 0x00, 0x00, 0xFF, 0xFF, 0x55, 0x55, 0x55, 0x55,
    0x00, 0x01, 0x00, 0x00, 0x00, 0x00, 0x00, 0x00, 0x00, 0x00, 0xFF, 0xFF, 0x55, 0x55, 0x55, 0x55,
    0x00, 0x01, 0x00, 0x00, 0x00, 0x00, 0x00, 0x00, 0x00, 0x00, 0xFF, 0xFF, 0x55, 0x55, 0x55, 0x55,
    0x00, 0x01, 0x00, 0x00, 0x00, 0x00, 0x00, 0x00, 0x00, 0x00, 0xFF, 0xFF, 0x55, 0x55, 0x55, 0x55,
    0x00, 0x01, 0x00, 0x00, 0x00, 0x00, 0x00, 0x00, 0x00, 0x00, 0xFF, 0xFF, 0x55, 0x55, 0x55, 0x55,
    0x00, 0x01, 0x00, 0x00, 0x00, 0x00, 0x00, 0x00, 0x00, 0x00, 0xFF, 0xFF, 0x55, 0x55, 0x55, 0x55,
    0x00, 0x01, 0x00, 0x00, 0x00, 0x00, 0x00, 0x00, 0x00, 0x00, 0xFF, 0xFF, 0x55, 0x55, 0x55, 0x55,
    0x00, 0x01, 0x00, 0x00, 0x00, 0x00, 0x00, 0x00, 0x00, 0x00, 0xFF, 0xFF, 0x55, 0x55, 0x55, 0x55,
    0x00, 0x01, 0x00, 0x00, 0x00, 0x00, 0x00, 0x00, 0x00, 0x00, 0xFF, 0xFF, 0x55, 0x55, 0x55, 0x55,
    0x00, 0x01, 0x00, 0x00, 0x00, 0x00, 0x00, 0x00, 0x00, 0x00, 0xFF, 0xFF, 0x55, 0x55, 0x55, 0x55,
    0x00, 0x01, 0x00, 0x00, 0x00, 0x00, 0x00, 0x00, 0x00, 0x00, 0xFF, 0xFF, 0x55, 0x55, 0x55, 0x55,
    0x00, 0x01, 0x00, 0x00, 0x00, 0x00, 0x00, 0x00, 0x00, 0x00, 0xFF, 0xFF, 0x55, 0x55, 0x55, 0x55,
    0x00, 0x01, 0x00, 0x00, 0x00, 0x00, 0x00, 0x00, 0x00, 0x00, 0xFF, 0xFF, 0x55, 0x55, 0x55, 0x55,
    0x00, 0x01, 0x00, 0x00, 0x00, 0x00, 0x00, 0x00, 0x00, 0x00, 0xFF, 0xFF, 0x55, 0x55, 0x55, 0x55,
    0x00, 0x01, 0x00, 0x00, 0x00, 0x00, 0x00, 0x00, 0x00, 0x00, 0xFF, 0xFF, 0x55, 0x55, 0x55, 0x55,
    0x00, 0x01, 0x00, 0x00, 0x00, 0x00, 0x00, 0x00, 0x00, 0x00, 0xFF, 0xFF, 0x55, 0x55, 0x55, 0x55,
    0x00, 0x01, 0x00, 0x00, 0x00, 0x00, 0x00, 0x00, 0x00, 0x00, 0xFF, 0xFF, 0x55, 0x55, 0x55, 0x55,
    0x00, 0x01, 0x00, 0x00, 0x00, 0x00, 0x00, 0x00, 0x00, 0x00, 0xFF, 0xFF, 0x55, 0x55, 0x55, 0x55,
    0x00, 0x01, 0x00, 0x00, 0x00, 0x00, 0x00, 0x00, 0x00, 0x00, 0xFF, 0xFF, 0x55, 0x55, 0x55, 0x55,
    0x00, 0x01, 0x00, 0x00, 0x00, 0x00, 0x00, 0x00, 0x00, 0x00, 0xFF, 0xFF, 0x55, 0x55, 0x55, 0x55,
    0xFE, 0xFF, 0x49, 0x92, 0x24, 0x49, 0x92, 0x24, 0x00, 0x00, 0xFF, 0xFF, 0x55, 0x55, 0x55, 0x55,
    0x0F, 0x47, 0xFF, 0x6F, 0x23, 0xB6, 0x6D, 0xDB, 0x00, 0x00, 0xFF, 0xFF, 0x55, 0x55, 0x55, 0x55,
    0x0D, 0xD6, 0xFF, 0x93, 0xFF, 0xFA, 0x8F, 0xFF, 0x00, 0x00, 0xFF, 0xFF, 0x55, 0x55, 0x55, 0x55,
    0x11, 0xEC, 0xB0, 0x4D, 0xDB, 0xB1, 0x1D, 0xDB, 0x00, 0x00, 0xFF, 0xFF, 0x55, 0x55, 0x55, 0x55,
    0x1A, 0xFF, 0x56, 0x62, 0x24, 0x76, 0x63, 0x33, 0x00, 0x00, 0xFF, 0xFF, 0x55, 0x55, 0x55, 0x55,
    0x00, 0xF3, 0x2F, 0xF2, 0xE8, 0x3F, 0xFF, 0xFF, 0x00, 0x00, 0xFF, 0xFF, 0x55, 0x55, 0x55, 0x55,
    0x1F, 0xE0, 0xFF, 0xF1, 0xC7, 0x7F, 0xFD, 0xCF, 0x00, 0x00, 0xFF, 0xFF, 0x55, 0x55, 0x55, 0x55,
    0x0E, 0xE1, 0xB6, 0x61, 0xDB, 0xB6, 0x63, 0xBB, 0x00, 0x00, 0xFF, 0xFF, 0x55, 0x55, 0x55, 0x55,
    0x16, 0xF0, 0xF9, 0x65, 0xDB, 0xFF, 0xF1, 0x5F, 0x00, 0x00, 0xFF, 0xFF, 0x55, 0x55, 0x55, 0x55,
    0x0D, 0xFC, 0xB6, 0x6D, 0xDB, 0x36, 0x62, 0xEB, 0x00, 0x00, 0xFF, 0xFF, 0x55, 0x55, 0x55, 0x55,
    0xD4, 0xFF, 0x4E, 0x62, 0xDB, 0x49, 0x90, 0x24, 0x00, 0x00, 0xFF, 0xFF, 0x55, 0x55, 0x55, 0x55,
    0x1D, 0xFF, 0x49, 0x62, 0xDB, 0xB6, 0x0D, 0xDB, 0x00, 0x00, 0xFF, 0xFF, 0x55, 0x55, 0x55, 0x55,
    0xA8, 0xFF, 0x4E, 0x62, 0xDB, 0x4A, 0xC2, 0x24, 0x00, 0x00, 0xFF, 0xFF, 0x55, 0x55, 0x55, 0x55,
    0x07, 0x4E, 0xB7, 0x61, 0xDB, 0xB1, 0x2D, 0x3B, 0x00, 0x00, 0xFF, 0xFF, 0x55, 0x55, 0x55, 0x55,
    0x2C, 0xF2, 0xF9, 0x6F, 0xDB, 0x60, 0x93, 0xFF, 0x00, 0x00, 0xFF, 0xFF, 0x55, 0x55, 0x55, 0x55,
    0x48, 0xF9, 0xB0, 0x6D, 0xDB, 0x49, 0xF7, 0xFF, 0x00, 0x00, 0xFF, 0xFF, 0x55, 0x55, 0x55, 0x55,
    0xE7, 0x00, 0xE9, 0x90, 0x24, 0x4F, 0x82, 0x27, 0x00, 0x00, 0xFF, 0xFF, 0x55, 0x55, 0x55, 0x55,
    0x11, 0xF9, 0x49, 0x69, 0xDB, 0xB6, 0x6D, 0x1B, 0x00, 0x00, 0xFF, 0xFF, 0x55, 0x55, 0x55, 0x55,
    0x07, 0xEB, 0x32, 0x62, 0xDB, 0x3C, 0x9D, 0x07, 0x00, 0x00, 0xFF, 0xFF, 0x55, 0x55, 0x55, 0x55,
    0x8E, 0xFF, 0x49, 0x60, 0xDB, 0xB6, 0x6D, 0xDB, 0x00, 0x00, 0xFF, 0xFF, 0x55, 0x55, 0x55, 0x55,
    0xFB, 0x00, 0x01, 0x10, 0xC0, 0xD9, 0x93, 0x24, 0x00, 0x00, 0xFF, 0xFF, 0x55, 0x55, 0x55, 0x55,
    0xFE, 0xFF, 0x49, 0x92, 0x24, 0x49, 0x92, 0x24, 0x00, 0x00, 0xFF, 0xFF, 0x55, 0x55, 0x55, 0x55,
    0x08, 0xFF, 0x46, 0x62, 0x27, 0xB6, 0x6D, 0xDB, 0x00, 0x00, 0xFF, 0xFF, 0x55, 0x55, 0x55, 0x55,
    0x02, 0xFD, 0x0F, 0xFC, 0xD8, 0xB6, 0x6D, 0xDB, 0x00, 0x00, 0xFF, 0xFF, 0x55, 0x55, 0x55, 0x55,
    0xFF, 0x0C, 0x01, 0x10, 0x00, 0x07, 0x50, 0x00, 0x00, 0x00, 0xFF, 0xFF, 0x55, 0x55, 0x55, 0x55,
    0xB6, 0xFF, 0x75, 0x12, 0x27, 0x74, 0x02, 0x27, 0x00, 0x00, 0xFF, 0xFF, 0x55, 0x55, 0x55, 0x55,
    0xFF, 0x00, 0x40, 0x02, 0x24, 0x40, 0x02, 0x24, 0x00, 0x00, 0xFF, 0xFF, 0x55, 0x55, 0x55, 0x55,
    0xFF, 0x00, 0x49, 0x90, 0x04, 0x49, 0x90, 0x04, 0x00, 0x00, 0xFF, 0xFF, 0x55, 0x55, 0x55, 0x55,
    0xFF, 0x00, 0x00, 0x02, 0x20, 0x00, 0x02, 0x20, 0x00, 0x00, 0xFF, 0xFF, 0x55, 0x55, 0x55, 0x55,
    0x00, 0x01, 0x00, 0x00, 0x00, 0x00, 0x00, 0x00, 0x00, 0x00, 0xFF, 0xFF, 0x55, 0x55, 0x55, 0x55,
    0x00, 0x01, 0x00, 0x00, 0x00, 0x00, 0x00, 0x00, 0x00, 0x00, 0xFF, 0xFF, 0x55, 0x55, 0x55, 0x55,
    0x00, 0x01, 0x00, 0x00, 0x00, 0x00, 0x00, 0x00, 0x00, 0x00, 0xFF, 0xFF, 0x55, 0x55, 0x55, 0x55,
    0x00, 0x01, 0x00, 0x00, 0x00, 0x00, 0x00, 0x00, 0x00, 0x00, 0xFF, 0xFF, 0x55, 0x55, 0x55, 0x55,
    0x00, 0x01, 0x00, 0x00, 0x00, 0x00, 0x00, 0x00, 0x00, 0x00, 0xFF, 0xFF, 0x55, 0x55, 0x55, 0x55,
    0x00, 0x01, 0x00, 0x00, 0x00, 0x00, 0x00, 0x00, 0x00, 0x00, 0xFF, 0xFF, 0x55, 0x55, 0x55, 0x55,
    0x00, 0x01, 0x00, 0x00, 0x00, 0x00, 0x00, 0x00, 0x00, 0x00, 0xFF, 0xFF, 0x55, 0x55, 0x55, 0x55,
    0x00, 0x01, 0x00, 0x00, 0x00, 0x00, 0x00, 0x00, 0x00, 0x00, 0xFF, 0xFF, 0x55, 0x55, 0x55, 0x55,
    0x00, 0x01, 0x00, 0x00, 0x00, 0x00, 0x00, 0x00, 0x00, 0x00, 0xFF, 0xFF, 0x55, 0x55, 0x55, 0x55,
    0x00, 0x01, 0x00, 0x00, 0x00, 0x00, 0x00, 0x00, 0x00, 0x00, 0xFF, 0xFF, 0x55, 0x55, 0x55, 0x55,
    0x00, 0x01, 0x00, 0x00, 0x00, 0x00, 0x00, 0x00, 0x00, 0x00, 0xFF, 0xFF, 0x55, 0x55, 0x55, 0x55,
    0x00, 0x01, 0x00, 0x00, 0x00, 0x00, 0x00, 0x00, 0x00, 0x00, 0xFF, 0xFF, 0x55, 0x55, 0x55, 0x55,
    0x00, 0x01, 0x00, 0x00, 0x00, 0x00, 0x00, 0x00, 0x00, 0x00, 0xFF, 0xFF, 0x55, 0x55, 0x55, 0x55,
    0x00, 0x01, 0x00, 0x00, 0x00, 0x00, 0x00, 0x00, 0x00, 0x00, 0xFF, 0xFF, 0x55, 0x55, 0x55, 0x55,
    0x00, 0x01, 0x00, 0x00, 0x00, 0x00, 0x00, 0x00, 0x00, 0x00, 0xFF, 0xFF, 0x55, 0x55, 0x55, 0x55,
    0x00, 0x01, 0x00, 0x00, 0x00, 0x00, 0x00, 0x00, 0x00, 0x00, 0xFF, 0xFF, 0x55, 0x55, 0x55, 0x55,
    0x00, 0x01, 0x00, 0x00, 0x00, 0x00, 0x00, 0x00, 0x00, 0x00, 0xFF, 0xFF, 0x55, 0x55, 0x55, 0x55,
    0x00, 0x01, 0x00, 0x00, 0x00, 0x00, 0x00, 0x00, 0x00, 0x00, 0xFF, 0xFF, 0x55, 0x55, 0x55, 0x55,
    0x00, 0x01, 0x00, 0x00, 0x00, 0x00, 0x00, 0x00, 0x00, 0x00, 0xFF, 0xFF, 0x55, 0x55, 0x55, 0x55,
    0x00, 0x01, 0x00, 0x00, 0x00, 0x00, 0x00, 0x00, 0x00, 0x00, 0xFF, 0xFF, 0x55, 0x55, 0x55, 0x55,
    0x00, 0x01, 0x00, 0x00, 0x00, 0x00, 0x00, 0x00, 0x00, 0x00, 0xFF, 0xFF, 0x55, 0x55, 0x55, 0x55,
    0x00, 0x01, 0x00, 0x00, 0x00, 0x00, 0x00, 0x00, 0x00, 0x00, 0xFF, 0xFF, 0x55, 0x55, 0x55, 0x55,
    0x00, 0x01, 0x00, 0x00, 0x00, 0x00, 0x00, 0x00, 0x00, 0x00, 0xFF, 0xFF, 0x55, 0x55, 0x55, 0x55,
    0x00, 0x01, 0x00, 0x00, 0x00, 0x00, 0x00, 0x00, 0x00, 0x00, 0xFF, 0xFF, 0x55, 0x55, 0x55, 0x55,
    0x00, 0x01, 0x00, 0x00, 0x00, 0x00, 0x00, 0x00, 0x00, 0x00, 0xFF, 0xFF, 0x55, 0x55, 0x55, 0x55,
    0x00, 0x01, 0x00, 0x00, 0x00, 0x00, 0x00, 0x00, 0x00, 0x00, 0xFF, 0xFF, 0x55, 0x55, 0x55, 0x55,
    0x00, 0x01, 0x00, 0x00, 0x00, 0x00, 0x00, 0x00, 0x00, 0x00, 0xFF, 0xFF, 0x55, 0x55, 0x55, 0x55,
    0x00, 0x01, 0x00, 0x00, 0x00, 0x00, 0x00, 0x00, 0x00, 0x00, 0xFF, 0xFF, 0x55, 0x55, 0x55, 0x55,
    0x00, 0x01, 0x00, 0x00, 0x00, 0x00, 0x00, 0x00, 0x00, 0x00, 0xFF, 0xFF, 0x55, 0x55, 0x55, 0x55,
    0x00, 0x01, 0x00, 0x00, 0x00, 0x00, 0x00, 0x00, 0x00, 0x00, 0xFF, 0xFF, 0x55, 0x55, 0x55, 0x55,
    0x00, 0x01, 0x00, 0x00, 0x00, 0x00, 0x00, 0x00, 0x00, 0x00, 0xFF, 0xFF, 0x55, 0x55, 0x55, 0x55,
    0x00, 0x01, 0x00, 0x00, 0x00, 0x00, 0x00, 0x00, 0x00, 0x00, 0xFF, 0xFF, 0x55, 0x55, 0x55, 0x55,
    0x00, 0x01, 0x00, 0x00, 0x00, 0x00, 0x00, 0x00, 0x00, 0x00, 0xFF, 0xFF, 0x55, 0x55, 0x55, 0x55,
    0x00, 0x01, 0x00, 0x00, 0x00, 0x00, 0x00, 0x00, 0x00, 0x00, 0xFF, 0xFF, 0x55, 0x55, 0x55, 0x55,
    0x00, 0x01, 0x00, 0x00, 0x00, 0x00, 0x00, 0x00, 0x00, 0x00, 0xFF, 0xFF, 0x55, 0x55, 0x55, 0x55,
    0xFE, 0xFF, 0x49, 0x92, 0x24, 0x49, 0x92, 0x24, 0x00, 0x00, 0xFF, 0xFF, 0x55, 0x55, 0x55, 0x55,
    0x00, 0x01, 0x00, 0x00, 0x00, 0x00, 0x00, 0x00, 0x00, 0x00, 0xFF, 0xFF, 0x55, 0x55, 0x55, 0x55,
    0x00, 0x07, 0xFA, 0xCF, 0xFF, 0xF9, 0x9F, 0xFF, 0x00, 0x00, 0xFF, 0xFF, 0x55, 0x55, 0x55, 0x55,
    0xF4, 0xF9, 0xB1, 0x0D, 0xDB, 0xB0, 0x1D, 0xDB, 0x00, 0x00, 0xFF, 0xFF, 0x55, 0x55, 0x55, 0x55,
    0x07, 0xF9, 0xF6, 0x6E, 0xEB, 0x36, 0x62, 0xBB, 0x00, 0x00, 0xFF, 0xFF, 0x55, 0x55, 0x55, 0x55,
    0xFE, 0xFF, 0x49, 0x92, 0x24, 0x49, 0x92, 0x24, 0x00, 0x00, 0xFF, 0xFF, 0x55, 0x55, 0x55, 0x55,
    0x0C, 0xFD, 0xBF, 0xFC, 0xC0, 0xAF, 0x7D, 0xDA, 0x00, 0x00, 0xFF, 0xFF, 0x55, 0x55, 0x55, 0x55,
    0x14, 0x97, 0xB6, 0x6B, 0x7B, 0xB6, 0x61, 0xDB, 0x00, 0x00, 0xFF, 0xFF, 0x55, 0x55, 0x55, 0x55,
    0x68, 0xFF, 0x49, 0x90, 0x44, 0x49, 0xD6, 0x84, 0x00, 0x00, 0xFF, 0xFF, 0x55, 0x55, 0x55, 0x55,
    0x00, 0xE7, 0x00, 0x0F, 0xF4, 0x40, 0x0E, 0xFD, 0x00, 0x00, 0xFF, 0xFF, 0x55, 0x55, 0x55, 0x55,
    0xFE, 0xFF, 0x49, 0x92, 0x24, 0x49, 0x92, 0x24, 0x00, 0x00, 0xFF, 0xFF, 0x55, 0x55, 0x55, 0x55,
    0xF6, 0x00, 0x4D, 0xB2, 0xE4, 0x48, 0x0C, 0xA7, 0x00, 0x00, 0xFF, 0xFF, 0x55, 0x55, 0x55, 0x55,
    0xFF, 0x47, 0x00, 0x04, 0x80, 0x00, 0x0C, 0x20, 0x00, 0x00, 0xFF, 0xFF, 0x55, 0x55, 0x55, 0x55,
    0xD6, 0xFC, 0xB6, 0x61, 0x3B, 0xB6, 0x6D, 0xDB, 0x00, 0x00, 0xFF, 0xFF, 0x55, 0x55, 0x55, 0x55,
    0x02, 0x6E, 0xFF, 0xF3, 0x1F, 0xB6, 0x6D, 0xDB, 0x00, 0x00, 0xFF, 0xFF, 0x55, 0x55, 0x55, 0x55,
    0x09, 0x59, 0xC8, 0x6F, 0xFC, 0xF6, 0x6F, 0xFF, 0x00, 0x00, 0xFF, 0xFF, 0x55, 0x55, 0x55, 0x55,
    0x8E, 0xFD, 0x97, 0xFD, 0xDA, 0x8F, 0xFD, 0xDB, 0x00, 0x00, 0xFF, 0xFF, 0x55, 0x55, 0x55, 0x55,
    0xFD, 0x03, 0x49, 0x98, 0x1C, 0x89, 0x90, 0x01, 0x00, 0x00, 0xFF, 0xFF, 0x55, 0x55, 0x55, 0x55,
    0x5B, 0xF9, 0xFF, 0xF5, 0x3F, 0xE1, 0x0F, 0x2B, 0x00, 0x00, 0xFF, 0xFF, 0x55, 0x55, 0x55, 0x55,
    0x03, 0xCE, 0xB6, 0x2D, 0xDB, 0x81, 0xFD, 0xC2, 0x00, 0x00, 0xFF, 0xFF, 0x55, 0x55, 0x55, 0x55,
    0x00, 0x01, 0x00, 0x00, 0x00, 0x00, 0x00, 0x00, 0x00, 0x00, 0xFF, 0xFF, 0x55, 0x55, 0x55, 0x55,
    0xFE, 0xFF, 0x49, 0x92, 0x24, 0x49, 0x92, 0x24, 0x00, 0x00, 0xFF, 0xFF, 0x55, 0x55, 0x55, 0x55,
    0x00, 0x01, 0x00, 0x00, 0x00, 0x00, 0x00, 0x00, 0x00, 0x00, 0xFF, 0xFF, 0x55, 0x55, 0x55, 0x55,
    0x08, 0xE5, 0xB6, 0x61, 0x7B, 0x36, 0x62, 0xF3, 0x00, 0x00, 0xFF, 0xFF, 0x55, 0x55, 0x55, 0x55,
    0xFD, 0x09, 0x02, 0x00, 0x00, 0x00, 0x0A, 0x28, 0x00, 0x00, 0xFF, 0xFF, 0x55, 0x55, 0x55, 0x55,
    0x0E, 0x67, 0xF1, 0x0F, 0xFF, 0xF6, 0x6F, 0xFF, 0x00, 0x00, 0xFF, 0xFF, 0x55, 0x55, 0x55, 0x55,
    0xFF, 0x00, 0x40, 0x02, 0x00, 0x00, 0x00, 0x00, 0x00, 0x00, 0xFF, 0xFF, 0x55, 0x55, 0x55, 0x55,
    0xFF, 0x00, 0x49, 0x00, 0x00, 0x00, 0x00, 0x00, 0x00, 0x00, 0xFF, 0xFF, 0x55, 0x55, 0x55, 0x55,
    0xFF, 0x00, 0x00, 0x02, 0x20, 0x00, 0x02, 0x20, 0x00, 0x00, 0xFF, 0xFF, 0x55, 0x55, 0x55, 0x55,
    0x00, 0x01, 0x00, 0x00, 0x00, 0x00, 0x00, 0x00, 0x00, 0x00, 0xFF, 0xFF, 0x55, 0x55, 0x55, 0x55,
    0x00, 0x01, 0x00, 0x00, 0x00, 0x00, 0x00, 0x00, 0x00, 0x00, 0xFF, 0xFF, 0x55, 0x55, 0x55, 0x55,
    0x00, 0x01, 0x00, 0x00, 0x00, 0x00, 0x00, 0x00, 0x00, 0x00, 0xFF, 0xFF, 0x55, 0x55, 0x55, 0x55,
    0x00, 0x01, 0x00, 0x00, 0x00, 0x00, 0x00, 0x00, 0x00, 0x00, 0xFF, 0xFF, 0x55, 0x55, 0x55, 0x55,
    0x00, 0x01, 0x00, 0x00, 0x00, 0x00, 0x00, 0x00, 0x00, 0x00, 0xFF, 0xFF, 0x55, 0x55, 0x55, 0x55,
    0x00, 0x01, 0x00, 0x00, 0x00, 0x00, 0x00, 0x00, 0x00, 0x00, 0xFF, 0xFF, 0x55, 0x55, 0x55, 0x55,
    0x00, 0x01, 0x00, 0x00, 0x00, 0x00, 0x00, 0x00, 0x00, 0x00, 0xFF, 0xFF, 0x55, 0x55, 0x55, 0x55,
    0x00, 0x01, 0x00, 0x00, 0x00, 0x00, 0x00, 0x00, 0x00, 0x00, 0xFF, 0xFF, 0x55, 0x55, 0x55, 0x55,
    0x00, 0x01, 0x00, 0x00, 0x00, 0x00, 0x00, 0x00, 0x00, 0x00, 0xFF, 0xFF, 0x55, 0x55, 0x55, 0x55,
    0x00, 0x01, 0x00, 0x00, 0x00, 0x00, 0x00, 0x00, 0x00, 0x00, 0xFF, 0xFF, 0x55, 0x55, 0x55, 0x55,
    0x00, 0x01, 0x00, 0x00, 0x00, 0x00, 0x00, 0x00, 0x00, 0x00, 0xFF, 0xFF, 0x55, 0x55, 0x55, 0x55,
    0x00, 0x01, 0x00, 0x00, 0x00, 0x00, 0x00, 0x00, 0x00, 0x00, 0xFF, 0xFF, 0x55, 0x55, 0x55, 0x55,
    0x00, 0x01, 0x00, 0x00, 0x00, 0x00, 0x00, 0x00, 0x00, 0x00, 0xFF, 0xFF, 0x55, 0x55, 0x55, 0x55,
    0x00, 0x01, 0x00, 0x00, 0x00, 0x00, 0x00, 0x00, 0x00, 0x00, 0xFF, 0xFF, 0x55, 0x55, 0x55, 0x55,
    0x00, 0x01, 0x00, 0x00, 0x00, 0x00, 0x00, 0x00, 0x00, 0x00, 0xFF, 0xFF, 0x55, 0x55, 0x55, 0x55,
    0x00, 0x01, 0x00, 0x00, 0x00, 0x00, 0x00, 0x00, 0x00, 0x00, 0xFF, 0xFF, 0x55, 0x55, 0x55, 0x55,
    0x00, 0x01, 0x00, 0x00, 0x00, 0x00, 0x00, 0x00, 0x00, 0x00, 0xFF, 0xFF, 0x55, 0x55, 0x55, 0x55,
    0x00, 0x01, 0x00, 0x00, 0x00, 0x00, 0x00, 0x00, 0x00, 0x00, 0xFF, 0xFF, 0x55, 0x55, 0x55, 0x55,
    0x00, 0x01, 0x00, 0x00, 0x00, 0x00, 0x00, 0x00, 0x00, 0x00, 0xFF, 0xFF, 0x55, 0x55, 0x55, 0x55,
    0x00, 0x01, 0x00, 0x00, 0x00, 0x00, 0x00, 0x00, 0x00, 0x00, 0xFF, 0xFF, 0x55, 0x55, 0x55, 0x55,
    0x00, 0x01, 0x00, 0x00, 0x00, 0x00, 0x00, 0x00, 0x00, 0x00, 0xFF, 0xFF, 0x55, 0x55, 0x55, 0x55,
    0x00, 0x01, 0x00, 0x00, 0x00, 0x00, 0x00, 0x00, 0x00, 0x00, 0xFF, 0xFF, 0x55, 0x55, 0x55, 0x55,
    0x00, 0x01, 0x00, 0x00, 0x00, 0x00, 0x00, 0x00, 0x00, 0x00, 0xFF, 0xFF, 0x55, 0x55, 0x55, 0x55,
    0x00, 0x01, 0x00, 0x00, 0x00, 0x00, 0x00, 0x00, 0x00, 0x00, 0xFF, 0xFF, 0x55, 0x55, 0x55, 0x55,
    0x00, 0x01, 0x00, 0x00, 0x00, 0x00, 0x00, 0x00, 0x00, 0x00, 0xFF, 0xFF, 0x55, 0x55, 0x55, 0x55,
    0x00, 0x01, 0x00, 0x00, 0x00, 0x00, 0x00, 0x00, 0x00, 0x00, 0xFF, 0xFF, 0x55, 0x55, 0x55, 0x55,
    0x00, 0x01, 0x00, 0x00, 0x00, 0x00, 0x00, 0x00, 0x00, 0x00, 0xFF, 0xFF, 0x55, 0x55, 0x55, 0x55,
    0x00, 0x01, 0x00, 0x00, 0x00, 0x00, 0x00, 0x00, 0x00, 0x00, 0xFF, 0xFF, 0x55, 0x55, 0x55, 0x55,
    0x00, 0x01, 0x00, 0x00, 0x00, 0x00, 0x00, 0x00, 0x00, 0x00, 0xFF, 0xFF, 0x55, 0x55, 0x55, 0x55,
    0x00, 0x01, 0x00, 0x00, 0x00, 0x00, 0x00, 0x00, 0x00, 0x00, 0xFF, 0xFF, 0x55, 0x55, 0x55, 0x55,
    0x00, 0x01, 0x00, 0x00, 0x00, 0x00, 0x00, 0x00, 0x00, 0x00, 0xFF, 0xFF, 0x55, 0x55, 0x55, 0x55,
    0x00, 0x01, 0x00, 0x00, 0x00, 0x00, 0x00, 0x00, 0x00, 0x00, 0xFF, 0xFF, 0x55, 0x55, 0x55, 0x55,
    0x00, 0x01, 0x00, 0x00, 0x00, 0x00, 0x00, 0x00, 0x00, 0x00, 0xFF, 0xFF, 0x55, 0x55, 0x55, 0x55,
    0x00, 0x01, 0x00, 0x00, 0x00, 0x00, 0x00, 0x00, 0x00, 0x00, 0xFF, 0xFF, 0x55, 0x55, 0x55, 0x55,
    0x00, 0x01, 0x00, 0x00, 0x00, 0x00, 0x00, 0x00, 0x00, 0x00, 0xFF, 0xFF, 0x55, 0x55, 0x55, 0x55,
    0x0E, 0x8C, 0xFF, 0xFF, 0xFF, 0xB6, 0x6D, 0x23, 0x00, 0x00, 0xFF, 0xFF, 0x55, 0x55, 0x55, 0x55,
    0xC4, 0xFC, 0xB6, 0x6D, 0xDB, 0xB6, 0xCD, 0x10, 0x00, 0x00, 0xFF, 0xFF, 0x55, 0x55, 0x55, 0x55,
    0xFF, 0x00, 0x01, 0x10, 0x01, 0x49, 0x42, 0x27, 0x00, 0x00, 0xFF, 0xFF, 0x55, 0x55, 0x55, 0x55,
    0x05, 0x21, 0x87, 0xFD, 0xD8, 0xB6, 0x6D, 0xDB, 0x00, 0x00, 0xFF, 0xFF, 0x55, 0x55, 0x55, 0x55,
    0x00, 0x94, 0x00, 0x02, 0x80, 0x00, 0x00, 0x28, 0x00, 0x00, 0xFF, 0xFF, 0x55, 0x55, 0x55, 0x55,
    0xFF, 0x00, 0x00, 0x00, 0x00, 0x49, 0x92, 0x24, 0x00, 0x00, 0xFF, 0xFF, 0x55, 0x55, 0x55, 0x55,
    0x2B, 0x62, 0x8F, 0x7D, 0xD8, 0xB6, 0x6D, 0xDB, 0x00, 0x00, 0xFF, 0xFF, 0x55, 0x55, 0x55, 0x55,
    0x00, 0x01, 0x00, 0x00, 0x00, 0x00, 0x00, 0x00, 0x00, 0x00, 0xFF, 0xFF, 0x55, 0x55, 0x55, 0x55,
    0x16, 0xFA, 0xFC, 0xB3, 0xFF, 0xFA, 0x8F, 0xFC, 0x00, 0x00, 0xFF, 0xFF, 0x55, 0x55, 0x55, 0x55,
    0xFF, 0x09, 0x29, 0x10, 0x02, 0x17, 0x50, 0x00, 0x00, 0x00, 0xFF, 0xFF, 0x55, 0x55, 0x55, 0x55,
    0xFF, 0x06, 0x28, 0xA0, 0x08, 0x4C, 0xE1, 0x1C, 0x00, 0x00, 0xFF, 0xFF, 0x55, 0x55, 0x55, 0x55,
    0xFA, 0x00, 0x60, 0x08, 0x65, 0xC0, 0x05, 0x14, 0x00, 0x00, 0xFF, 0xFF, 0x55, 0x55, 0x55, 0x55,
    0x0F, 0xD8, 0xFF, 0xF1, 0xC7, 0x7F, 0xFD, 0xD3, 0x00, 0x00, 0xFF, 0xFF, 0x55, 0x55, 0x55, 0x55,
    0x00, 0xE6, 0x00, 0x00, 0x40, 0x00, 0x0A, 0x20, 0x00, 0x00, 0xFF, 0xFF, 0x55, 0x55, 0x55, 0x55,
    0x21, 0xF0, 0x60, 0x93, 0xFF, 0xFF, 0xFF, 0x7F, 0x00, 0x00, 0xFF, 0xFF, 0x55, 0x55, 0x55, 0x55,
    0x0A, 0xFC, 0xF9, 0xFF, 0xFF, 0xFF, 0x0F, 0xFC, 0x00, 0x00, 0xFF, 0xFF, 0x55, 0x55, 0x55, 0x55,
    0x15, 0xE2, 0xBF, 0xF1, 0x3B, 0xBF, 0xFB, 0xDB, 0x00, 0x00, 0xFF, 0xFF, 0x55, 0x55, 0x55, 0x55,
    0x07, 0xFF, 0x4D, 0x15, 0xC2, 0xB2, 0x6D, 0xDB, 0x00, 0x00, 0xFF, 0xFF, 0x55, 0x55, 0x55, 0x55,
    0x53, 0x00, 0x49, 0x90, 0x24, 0x49, 0x92, 0x24, 0x00, 0x00, 0xFF, 0xFF, 0x55, 0x55, 0x55, 0x55,
    0xFA, 0x00, 0xC0, 0xF2, 0x41, 0x89, 0x97, 0x24, 0x00, 0x00, 0xFF, 0xFF, 0x55, 0x55, 0x55, 0x55,
    0x00, 0x01, 0x00, 0x00, 0x00, 0x00, 0x00, 0x00, 0x00, 0x00, 0xFF, 0xFF, 0x55, 0x55, 0x55, 0x55,
    0xFE, 0xFF, 0x49, 0x92, 0x24, 0x49, 0x92, 0x24, 0x00, 0x00, 0xFF, 0xFF, 0x55, 0x55, 0x55, 0x55,
    0x06, 0x9B, 0xB6, 0x6D, 0xDB, 0xB6, 0x61, 0x3B, 0x00, 0x00, 0xFF, 0xFF, 0x55, 0x55, 0x55, 0x55,
    0x17, 0xF0, 0x56, 0x8E, 0xFC, 0xFD, 0xFF, 0x9F, 0x00, 0x00, 0xFF, 0xFF, 0x55, 0x55, 0x55, 0x55,
    0x25, 0xF7, 0x0F, 0x1C, 0xD9, 0xB3, 0x6D, 0xDB, 0x00, 0x00, 0xFF, 0xFF, 0x55, 0x55, 0x55, 0x55,
    0xFF, 0x00, 0x09, 0x90, 0x00, 0x09, 0x90, 0x00, 0x00, 0x00, 0xFF, 0xFF, 0x55, 0x55, 0x55, 0x55,
    0xFF, 0x00, 0x40, 0x02, 0x24, 0x40, 0x02, 0x24, 0x00, 0x00, 0xFF, 0xFF, 0x55, 0x55, 0x55, 0x55,
    0xFF, 0x00, 0x49, 0x90, 0x04, 0x49, 0x90, 0x04, 0x00, 0x00, 0xFF, 0xFF, 0x55, 0x55, 0x55, 0x55,
    0xFF, 0x00, 0x00, 0x02, 0x20, 0x00, 0x02, 0x20, 0x00, 0x00, 0xFF, 0xFF, 0x55, 0x55, 0x55, 0x55,
    0x00, 0x01, 0x00, 0x00, 0x00, 0x00, 0x00, 0x00, 0x00, 0x00, 0xFF, 0xFF, 0x55, 0x55, 0x55, 0x55,
    0x00, 0x01, 0x00, 0x00, 0x00, 0x00, 0x00, 0x00, 0x00, 0x00, 0xFF, 0xFF, 0x55, 0x55, 0x55, 0x55,
    0x00, 0x01, 0x00, 0x00, 0x00, 0x00, 0x00, 0x00, 0x00, 0x00, 0xFF, 0xFF, 0x55, 0x55, 0x55, 0x55,
    0x00, 0x01, 0x00, 0x00, 0x00, 0x00, 0x00, 0x00, 0x00, 0x00, 0xFF, 0xFF, 0x55, 0x55, 0x55, 0x55,
    0x00, 0x01, 0x00, 0x00, 0x00, 0x00, 0x00, 0x00, 0x00, 0x00, 0xFF, 0xFF, 0x55, 0x55, 0x55, 0x55,
    0x00, 0x01, 0x00, 0x00, 0x00, 0x00, 0x00, 0x00, 0x00, 0x00, 0xFF, 0xFF, 0x55, 0x55, 0x55, 0x55,
    0x00, 0x01, 0x00, 0x00, 0x00, 0x00, 0x00, 0x00, 0x00, 0x00, 0xFF, 0xFF, 0x55, 0x55, 0x55, 0x55,
    0x00, 0x01, 0x00, 0x00, 0x00, 0x00, 0x00, 0x00, 0x00, 0x00, 0xFF, 0xFF, 0x55, 0x55, 0x55, 0x55,
    0x00, 0x01, 0x00, 0x00, 0x00, 0x00, 0x00, 0x00, 0x00, 0x00, 0xFF, 0xFF, 0x55, 0x55, 0x55, 0x55,
    0x00, 0x01, 0x00, 0x00, 0x00, 0x00, 0x00, 0x00, 0x00, 0x00, 0xFF, 0xFF, 0x55, 0x55, 0x55, 0x55,
    0x00, 0x01, 0x00, 0x00, 0x00, 0x00, 0x00, 0x00, 0x00, 0x00, 0xFF, 0xFF, 0x55, 0x55, 0x55, 0x55,
    0x00, 0x01, 0x00, 0x00, 0x00, 0x00, 0x00, 0x00, 0x00, 0x00, 0xFF, 0xFF, 0x55, 0x55, 0x55, 0x55,
    0x00, 0x01, 0x00, 0x00, 0x00, 0x00, 0x00, 0x00, 0x00, 0x00, 0xFF, 0xFF, 0x55, 0x55, 0x55, 0x55,
    0x00, 0x01, 0x00, 0x00, 0x00, 0x00, 0x00, 0x00, 0x00, 0x00, 0xFF, 0xFF, 0x55, 0x55, 0x55, 0x55,
    0x00, 0x01, 0x00, 0x00, 0x00, 0x00, 0x00, 0x00, 0x00, 0x00, 0xFF, 0xFF, 0x55, 0x55, 0x55, 0x55,
    0x00, 0x01, 0x00, 0x00, 0x00, 0x00, 0x00, 0x00, 0x00, 0x00, 0xFF, 0xFF, 0x55, 0x55, 0x55, 0x55,
    0x00, 0x01, 0x00, 0x00, 0x00, 0x00, 0x00, 0x00, 0x00, 0x00, 0xFF, 0xFF, 0x55, 0x55, 0x55, 0x55,
    0x00, 0x01, 0x00, 0x00, 0x00, 0x00, 0x00, 0x00, 0x00, 0x00, 0xFF, 0xFF, 0x55, 0x55, 0x55, 0x55,
    0x00, 0x01, 0x00, 0x00, 0x00, 0x00, 0x00, 0x00, 0x00, 0x00, 0xFF, 0xFF, 0x55, 0x55, 0x55, 0x55,
    0x00, 0x01, 0x00, 0x00, 0x00, 0x00, 0x00, 0x00, 0x00, 0x00, 0xFF, 0xFF, 0x55, 0x55, 0x55, 0x55,
    0x00, 0x01, 0x00, 0x00, 0x00, 0x00, 0x00, 0x00, 0x00, 0x00, 0xFF, 0xFF, 0x55, 0x55, 0x55, 0x55,
    0x00, 0x01, 0x00, 0x00, 0x00, 0x00, 0x00, 0x00, 0x00, 0x00, 0xFF, 0xFF, 0x55, 0x55, 0x55, 0x55,
    0x00, 0x01, 0x00, 0x00, 0x00, 0x00, 0x00, 0x00, 0x00, 0x00, 0xFF, 0xFF, 0x55, 0x55, 0x55, 0x55,
    0x00, 0x01, 0x00, 0x00, 0x00, 0x00, 0x00, 0x00, 0x00, 0x00, 0xFF, 0xFF, 0x55, 0x55, 0x55, 0x55,
    0x00, 0x01, 0x00, 0x00, 0x00, 0x00, 0x00, 0x00, 0x00, 0x00, 0xFF, 0xFF, 0x55, 0x55, 0x55, 0x55,
    0x00, 0x01, 0x00, 0x00, 0x00, 0x00, 0x00, 0x00, 0x00, 0x00, 0xFF, 0xFF, 0x55, 0x55, 0x55, 0x55,
    0x00, 0x01, 0x00, 0x00, 0x00, 0x00, 0x00, 0x00, 0x00, 0x00, 0xFF, 0xFF, 0x55, 0x55, 0x55, 0x55,
    0x00, 0x01, 0x00, 0x00, 0x00, 0x00, 0x00, 0x00, 0x00, 0x00, 0xFF, 0xFF, 0x55, 0x55, 0x55, 0x55,
    0x00, 0x01, 0x00, 0x00, 0x00, 0x00, 0x00, 0x00, 0x00, 0x00, 0xFF, 0xFF, 0x55, 0x55, 0x55, 0x55,
    0x00, 0x01, 0x00, 0x00, 0x00, 0x00, 0x00, 0x00, 0x00, 0x00, 0xFF, 0xFF, 0x55, 0x55, 0x55, 0x55,
    0x00, 0x01, 0x00, 0x00, 0x00, 0x00, 0x00, 0x00, 0x00, 0x00, 0xFF, 0xFF, 0x55, 0x55, 0x55, 0x55,
    0x00, 0x01, 0x00, 0x00, 0x00, 0x00, 0x00, 0x00, 0x00, 0x00, 0xFF, 0xFF, 0x55, 0x55, 0x55, 0x55,
    0x00, 0x01, 0x00, 0x00, 0x00, 0x00, 0x00, 0x00, 0x00, 0x00, 0xFF, 0xFF, 0x55, 0x55, 0x55, 0x55,
    0x00, 0x01, 0x00, 0x00, 0x00, 0x00, 0x00, 0x00, 0x00, 0x00, 0xFF, 0xFF, 0x55, 0x55, 0x55, 0x55,
    0x00, 0x01, 0x00, 0x00, 0x00, 0x00, 0x00, 0x00, 0x00, 0x00, 0xFF, 0xFF, 0x55, 0x55, 0x55, 0x55,
    0x25, 0xE7, 0x46, 0x8E, 0xFC, 0xCD, 0x40, 0xD8, 0x00, 0x00, 0xFF, 0xFF, 0x55, 0x55, 0x55, 0x55,
    0x00, 0x6C, 0xFF, 0xFF, 0xFF, 0x10, 0x03, 0x00, 0x00, 0x00, 0xFF, 0xFF, 0x55, 0x55, 0x55, 0x55,
    0xFF, 0x05, 0x80, 0x08, 0x00, 0x13, 0x90, 0xBC, 0x00, 0x00, 0xFF, 0xFF, 0x55, 0x55, 0x55, 0x55,
    0xFD, 0x0D, 0x7E, 0x02, 0x00, 0x00, 0x30, 0x01, 0x00, 0x00, 0xFF, 0xFF, 0x55, 0x55, 0x55, 0x55,
    0x31, 0xF6, 0x58, 0xFA, 0x07, 0x8F, 0x4C, 0xD8, 0x00, 0x00, 0xFF, 0xFF, 0x55, 0x55, 0x55, 0x55,
    0x00, 0x01, 0x00, 0x00, 0x00, 0x00, 0x00, 0x00, 0x00, 0x00, 0xFF, 0xFF, 0x55, 0x55, 0x55, 0x55,
    0x00, 0x01, 0x00, 0x00, 0x00, 0x00, 0x00, 0x00, 0x00, 0x00, 0xFF, 0xFF, 0x55, 0x55, 0x55, 0x55,
    0x00, 0x01, 0x00, 0x00, 0x00, 0x00, 0x00, 0x00, 0x00, 0x00, 0xFF, 0xFF, 0x55, 0x55, 0x55, 0x55,
    0x39, 0xDB, 0xCE, 0x6F, 0xFE, 0xDE, 0x6F, 0xFC, 0x00, 0x00, 0xFF, 0xFF, 0x55, 0x55, 0x55, 0x55,
    0x1B, 0xF1, 0xFD, 0xF3, 0xBF, 0xFF, 0xF7, 0x1F, 0x00, 0x00, 0xFF, 0xFF, 0x55, 0x55, 0x55, 0x55,
    0xC9, 0x01, 0x49, 0x90, 0x84, 0x49, 0x9E, 0x24, 0x00, 0x00, 0xFF, 0xFF, 0x55, 0x55, 0x55, 0x55,
    0xFF, 0xBC, 0xC0, 0x01, 0x00, 0x00, 0x10, 0x00, 0x00, 0x00, 0xFF, 0xFF, 0x55, 0x55, 0x55, 0x55,
    0x18, 0xDB, 0xBF, 0xFC, 0xC3, 0x8F, 0xFD, 0xDA, 0x00, 0x00, 0xFF, 0xFF, 0x55, 0x55, 0x55, 0x55,
    0xFD, 0x00, 0x49, 0x90, 0x04, 0x49, 0x94, 0xA4, 0x00, 0x00, 0xFF, 0xFF, 0x55, 0x55, 0x55, 0x55,
    0x04, 0x3C, 0xFF, 0xF1, 0x3F, 0xFF, 0xFF, 0xFF, 0x00, 0x00, 0xFF, 0xFF, 0x55, 0x55, 0x55, 0x55,
    0x0F, 0xEF, 0xC6, 0x8F, 0xFD, 0xFF, 0xFF, 0xE4, 0x00, 0x00, 0xFF, 0xFF, 0x55, 0x55, 0x55, 0x55,
    0xFF, 0x00, 0x40, 0x02, 0x24, 0x40, 0x02, 0x24, 0x00, 0x00, 0xFF, 0xFF, 0x55, 0x55, 0x55, 0x55,
    0x0B, 0xE0, 0xE6, 0xEF, 0xFC, 0xFA, 0xCF, 0xFF, 0x00, 0x00, 0xFF, 0xFF, 0x55, 0x55, 0x55, 0x55,
    0xD7, 0x00, 0x48, 0xA2, 0x24, 0x4B, 0xCC, 0x84, 0x00, 0x00, 0xFF, 0xFF, 0x55, 0x55, 0x55, 0x55,
    0x7F, 0xE1, 0xFA, 0x9B, 0x9F, 0xFF, 0xF5, 0x1F, 0x00, 0x00, 0xFF, 0xFF, 0x55, 0x55, 0x55, 0x55,
    0x00, 0x01, 0x00, 0x00, 0x00, 0x00, 0x00, 0x00, 0x00, 0x00, 0xFF, 0xFF, 0x55, 0x55, 0x55, 0x55,
    0xFE, 0xFF, 0x49, 0x92, 0x24, 0x49, 0x92, 0x24, 0x00, 0x00, 0xFF, 0xFF, 0x55, 0x55, 0x55, 0x55,
    0x52, 0xFA, 0xB6, 0x6E, 0xE4, 0xCE, 0xEF, 0xFF, 0x00, 0x00, 0xFF, 0xFF, 0x55, 0x55, 0x55, 0x55,
    0x03, 0xA0, 0x7F, 0xFC, 0xC0, 0x81, 0xFD, 0xFF, 0x00, 0x00, 0xFF, 0xFF, 0x55, 0x55, 0x55, 0x55,
    0xFF, 0x00, 0x49, 0x92, 0x24, 0x49, 0x02, 0x00, 0x00, 0x00, 0xFF, 0xFF, 0x55, 0x55, 0x55, 0x55,
    0xFF, 0x00, 0x09, 0x90, 0x00, 0x09, 0x80, 0x00, 0x00, 0x00, 0xFF, 0xFF, 0x55, 0x55, 0x55, 0x55,
    0xFF, 0x00, 0x40, 0x02, 0x24, 0x40, 0x02, 0x24, 0x00, 0x00, 0xFF, 0xFF, 0x55, 0x55, 0x55, 0x55,
    0xFF, 0x00, 0x49, 0x90, 0x04, 0x49, 0x90, 0x04, 0x00, 0x00, 0xFF, 0xFF, 0x55, 0x55, 0x55, 0x55,
    0xFF, 0x00, 0x00, 0x02, 0x20, 0x00, 0x02, 0x20, 0x00, 0x00, 0xFF, 0xFF, 0x55, 0x55, 0x55, 0x55,
    0x00, 0x01, 0x00, 0x00, 0x00, 0x00, 0x00, 0x00, 0x00, 0x00, 0xFF, 0xFF, 0x55, 0x55, 0x55, 0x55,
    0x00, 0x01, 0x00, 0x00, 0x00, 0x00, 0x00, 0x00, 0x00, 0x00, 0xFF, 0xFF, 0x55, 0x55, 0x55, 0x55,
    0x00, 0x01, 0x00, 0x00, 0x00, 0x00, 0x00, 0x00, 0x00, 0x00, 0xFF, 0xFF, 0x55, 0x55, 0x55, 0x55,
    0x00, 0x01, 0x00, 0x00, 0x00, 0x00, 0x00, 0x00, 0x00, 0x00, 0xFF, 0xFF, 0x55, 0x55, 0x55, 0x55,
    0x00, 0x01, 0x00, 0x00, 0x00, 0x00, 0x00, 0x00, 0x00, 0x00, 0xFF, 0xFF, 0x55, 0x55, 0x55, 0x55,
    0x00, 0x01, 0x00, 0x00, 0x00, 0x00, 0x00, 0x00, 0x00, 0x00, 0xFF, 0xFF, 0x55, 0x55, 0x55, 0x55,
    0x00, 0x01, 0x00, 0x00, 0x00, 0x00, 0x00, 0x00, 0x00, 0x00, 0xFF, 0xFF, 0x55, 0x55, 0x55, 0x55,
    0x00, 0x01, 0x00, 0x00, 0x00, 0x00, 0x00, 0x00, 0x00, 0x00, 0xFF, 0xFF, 0x55, 0x55, 0x55, 0x55,
    0x00, 0x01, 0x00, 0x00, 0x00, 0x00, 0x00, 0x00, 0x00, 0x00, 0xFF, 0xFF, 0x55, 0x55, 0x55, 0x55,
    0x00, 0x01, 0x00, 0x00, 0x00, 0x00, 0x00, 0x00, 0x00, 0x00, 0xFF, 0xFF, 0x55, 0x55, 0x55, 0x55,
    0x00, 0x01, 0x00, 0x00, 0x00, 0x00, 0x00, 0x00, 0x00, 0x00, 0xFF, 0xFF, 0x55, 0x55, 0x55, 0x55,
    0x00, 0x01, 0x00, 0x00, 0x00, 0x00, 0x00, 0x00, 0x00, 0x00, 0xFF, 0xFF, 0x55, 0x55, 0x55, 0x55,
    0x00, 0x01, 0x00, 0x00, 0x00, 0x00, 0x00, 0x00, 0x00, 0x00, 0xFF, 0xFF, 0x55, 0x55, 0x55, 0x55,
    0x00, 0x01, 0x00, 0x00, 0x00, 0x00, 0x00, 0x00, 0x00, 0x00, 0xFF, 0xFF, 0x55, 0x55, 0x55, 0x55,
    0x00, 0x01, 0x00, 0x00, 0x00, 0x00, 0x00, 0x00, 0x00, 0x00, 0xFF, 0xFF, 0x55, 0x55, 0x55, 0x55,
    0x00, 0x01, 0x00, 0x00, 0x00, 0x00, 0x00, 0x00, 0x00, 0x00, 0xFF, 0xFF, 0x55, 0x55, 0x55, 0x55,
    0x00, 0x01, 0x00, 0x00, 0x00, 0x00, 0x00, 0x00, 0x00, 0x00, 0xFF, 0xFF, 0x55, 0x55, 0x55, 0x55,
    0x00, 0x01, 0x00, 0x00, 0x00, 0x00, 0x00, 0x00, 0x00, 0x00, 0xFF, 0xFF, 0x55, 0x55, 0x55, 0x55,
    0x00, 0x01, 0x00, 0x00, 0x00, 0x00, 0x00, 0x00, 0x00, 0x00, 0xFF, 0xFF, 0x55, 0x55, 0x55, 0x55,
    0x00, 0x01, 0x00, 0x00, 0x00, 0x00, 0x00, 0x00, 0x00, 0x00, 0xFF, 0xFF, 0x55, 0x55, 0x55, 0x55,
    0x00, 0x01, 0x00, 0x00, 0x00, 0x00, 0x00, 0x00, 0x00, 0x00, 0xFF, 0xFF, 0x55, 0x55, 0x55, 0x55,
    0x00, 0x01, 0x00, 0x00, 0x00, 0x00, 0x00, 0x00, 0x00, 0x00, 0xFF, 0xFF, 0x55, 0x55, 0x55, 0x55,
    0x00, 0x01, 0x00, 0x00, 0x00, 0x00, 0x00, 0x00, 0x00, 0x00, 0xFF, 0xFF, 0x55, 0x55, 0x55, 0x55,
    0x00, 0x01, 0x00, 0x00, 0x00, 0x00, 0x00, 0x00, 0x00, 0x00, 0xFF, 0xFF, 0x55, 0x55, 0x55, 0x55,
    0x00, 0x01, 0x00, 0x00, 0x00, 0x00, 0x00, 0x00, 0x00, 0x00, 0xFF, 0xFF, 0x55, 0x55, 0x55, 0x55,
    0x00, 0x01, 0x00, 0x00, 0x00, 0x00, 0x00, 0x00, 0x00, 0x00, 0xFF, 0xFF, 0x55, 0x55, 0x55, 0x55,
    0x00, 0x01, 0x00, 0x00, 0x00, 0x00, 0x00, 0x00, 0x00, 0x00, 0xFF, 0xFF, 0x55, 0x55, 0x55, 0x55,
    0x00, 0x01, 0x00, 0x00, 0x00, 0x00, 0x00, 0x00, 0x00, 0x00, 0xFF, 0xFF, 0x55, 0x55, 0x55, 0x55,
    0x00, 0x01, 0x00, 0x00, 0x00, 0x00, 0x00, 0x00, 0x00, 0x00, 0xFF, 0xFF, 0x55, 0x55, 0x55, 0x55,
    0x00, 0x01, 0x00, 0x00, 0x00, 0x00, 0x00, 0x00, 0x00, 0x00, 0xFF, 0xFF, 0x55, 0x55, 0x55, 0x55,
    0x00, 0x01, 0x00, 0x00, 0x00, 0x00, 0x00, 0x00, 0x00, 0x00, 0xFF, 0xFF, 0x55, 0x55, 0x55, 0x55,
    0x00, 0x01, 0x00, 0x00, 0x00, 0x00, 0x00, 0x00, 0x00, 0x00, 0xFF, 0xFF, 0x55, 0x55, 0x55, 0x55,
    0x00, 0x01, 0x00, 0x00, 0x00, 0x00, 0x00, 0x00, 0x00, 0x00, 0xFF, 0xFF, 0x55, 0x55, 0x55, 0x55,
    0x00, 0x01, 0x00, 0x00, 0x00, 0x00, 0x00, 0x00, 0x00, 0x00, 0xFF, 0xFF, 0x55, 0x55, 0x55, 0x55,
    0x00, 0x01, 0x00, 0x00, 0x00, 0x00, 0x00, 0x00, 0x00, 0x00, 0xFF, 0xFF, 0x55, 0x55, 0x55, 0x55,
    0xFF, 0x00, 0x49, 0x02, 0x00, 0x00, 0x00, 0x00, 0x00, 0x00, 0xFF, 0xFF, 0x55, 0x55, 0x55, 0x55,
    0xFF, 0x00, 0x49, 0x92, 0x04, 0x49, 0x90, 0x04, 0x00, 0x00, 0xFF, 0xFF, 0x55, 0x55, 0x55, 0x55,
    0xFF, 0x00, 0x49, 0x02, 0x20, 0x00, 0x02, 0x20, 0x00, 0x00, 0xFF, 0xFF, 0x55, 0x55, 0x55, 0x55,
    0xFF, 0x00, 0x49, 0x92, 0x00, 0x09, 0x90, 0x00, 0x00, 0x00, 0xFF, 0xFF, 0x55, 0x55, 0x55, 0x55,
    0xFF, 0x00, 0x49, 0x02, 0x24, 0x40, 0x00, 0x04, 0x00, 0x00, 0xFF, 0xFF, 0x55, 0x55, 0x55, 0x55,
    0xFF, 0x00, 0x49, 0x92, 0x24, 0x00, 0x00, 0x00, 0x00, 0x00, 0xFF, 0xFF, 0x55, 0x55, 0x55, 0x55,
    0xFF, 0x00, 0x49, 0x92, 0x24, 0x00, 0x00, 0x00, 0x00, 0x00, 0xFF, 0xFF, 0x55, 0x55, 0x55, 0x55,
    0xFF, 0x00, 0x49, 0x92, 0x24, 0x00, 0x00, 0x00, 0x00, 0x00, 0xFF, 0xFF, 0x55, 0x55, 0x55, 0x55,
    0x0A, 0xFC, 0x46, 0x6E, 0xDB, 0xFF, 0xFD, 0xDF, 0x00, 0x00, 0xFF, 0xFF, 0x55, 0x55, 0x55, 0x55,
    0xD2, 0xFF, 0x09, 0x6C, 0xDB, 0xB6, 0x6D, 0xDB, 0x00, 0x00, 0xFF, 0xFF, 0x55, 0x55, 0x55, 0x55,
    0x00, 0x01, 0x00, 0x00, 0x00, 0x00, 0x00, 0x00, 0x00, 0x00, 0xFF, 0xFF, 0x55, 0x55, 0x55, 0x55,
    0x65, 0xFF, 0x48, 0x62, 0xDB, 0xB6, 0x6D, 0xDB, 0x00, 0x00, 0xFF, 0xFF, 0x55, 0x55, 0x55, 0x55,
    0x79, 0xFF, 0x81, 0x6D, 0xDB, 0xB6, 0x6D, 0xDB, 0x00, 0x00, 0xFF, 0xFF, 0x55, 0x55, 0x55, 0x55,
    0x00, 0x01, 0x00, 0x00, 0x00, 0x00, 0x00, 0x00, 0x00, 0x00, 0xFF, 0xFF, 0x55, 0x55, 0x55, 0x55,
    0x6E, 0xF4, 0x68, 0x62, 0xDB, 0xB6, 0x6D, 0xDB, 0x00, 0x00, 0xFF, 0xFF, 0x55, 0x55, 0x55, 0x55,
    0x22, 0xFF, 0x44, 0x63, 0xDB, 0xB6, 0x6D, 0xDB, 0x00, 0x00, 0xFF, 0xFF, 0x55, 0x55, 0x55, 0x55,
    0x05, 0xD6, 0xBF, 0x6D, 0x5B, 0xB6, 0x69, 0x3B, 0x00, 0x00, 0xFF, 0xFF, 0x55, 0x55, 0x55, 0x55,
    0xFF, 0xDB, 0x01, 0x00, 0x00, 0x00, 0x00, 0x00, 0x00, 0x00, 0xFF, 0xFF, 0x55, 0x55, 0x55, 0x55,
    0x0D, 0xD8, 0xB3, 0x23, 0xEB, 0x32, 0x0F, 0xE7, 0x00, 0x00, 0xFF, 0xFF, 0x55, 0x55, 0x55, 0x55,
    0x0D, 0x63, 0xFF, 0xF3, 0x9F, 0xFF, 0xF7, 0x1F, 0x00, 0x00, 0xFF, 0xFF, 0x55, 0x55, 0x55, 0x55,
    0x00, 0x01, 0x00, 0x00, 0x00, 0x00, 0x00, 0x00, 0x00, 0x00, 0xFF, 0xFF, 0x55, 0x55, 0x55, 0x55,
    0xFF, 0x00, 0x00, 0x00, 0x00, 0x49, 0x92, 0x24, 0x00, 0x00, 0xFF, 0xFF, 0x55, 0x55, 0x55, 0x55,
    0xFF, 0x00, 0x01, 0x10, 0x00, 0x49, 0x92, 0x24, 0x00, 0x00, 0xFF, 0xFF, 0x55, 0x55, 0x55, 0x55,
    0xFF, 0x00, 0x00, 0x00, 0x00, 0x49, 0x92, 0x24, 0x00, 0x00, 0xFF, 0xFF, 0x55, 0x55, 0x55, 0x55,
    0xFF, 0x00, 0x00, 0x00, 0x00, 0x49, 0x92, 0x24, 0x00, 0x00, 0xFF, 0xFF, 0x55, 0x55, 0x55, 0x55,
    0xFF, 0x00, 0x08, 0x80, 0x00, 0x49, 0x92, 0x24, 0x00, 0x00, 0xFF, 0xFF, 0x55, 0x55, 0x55, 0x55,
    0xFF, 0x00, 0x40, 0x02, 0x24, 0x49, 0x92, 0x24, 0x00, 0x00, 0xFF, 0xFF, 0x55, 0x55, 0x55, 0x55,
    0xFF, 0x00, 0x49, 0x90, 0x04, 0x49, 0x92, 0x24, 0x00, 0x00, 0xFF, 0xFF, 0x55, 0x55, 0x55, 0x55,
    0xFF, 0x00, 0x00, 0x02, 0x20, 0x49, 0x92, 0x24, 0x00, 0x00, 0xFF, 0xFF, 0x55, 0x55, 0x55, 0x55,
    0x00, 0x01, 0x00, 0x00, 0x00, 0x00, 0x00, 0x00, 0x00, 0x00, 0xFF, 0xFF, 0x55, 0x55, 0x55, 0x55,
    0x00, 0x01, 0x00, 0x00, 0x00, 0x00, 0x00, 0x00, 0x00, 0x00, 0xFF, 0xFF, 0x55, 0x55, 0x55, 0x55,
    0x00, 0x01, 0x00, 0x00, 0x00, 0x00, 0x00, 0x00, 0x00, 0x00, 0xFF, 0xFF, 0x55, 0x55, 0x55, 0x55,
    0x00, 0x01, 0x00, 0x00, 0x00, 0x00, 0x00, 0x00, 0x00, 0x00, 0xFF, 0xFF, 0x55, 0x55, 0x55, 0x55,
    0x00, 0x01, 0x00, 0x00, 0x00, 0x00, 0x00, 0x00, 0x00, 0x00, 0xFF, 0xFF, 0x55, 0x55, 0x55, 0x55,
    0x00, 0x01, 0x00, 0x00, 0x00, 0x00, 0x00, 0x00, 0x00, 0x00, 0xFF, 0xFF, 0x55, 0x55, 0x55, 0x55,
    0x00, 0x01, 0x00, 0x00, 0x00, 0x00, 0x00, 0x00, 0x00, 0x00, 0xFF, 0xFF, 0x55, 0x55, 0x55, 0x55,
    0x00, 0x01, 0x00, 0x00, 0x00, 0x00, 0x00, 0x00, 0x00, 0x00, 0xFF, 0xFF, 0x55, 0x55, 0x55, 0x55,
    0x00, 0x01, 0x00, 0x00, 0x00, 0x00, 0x00, 0x00, 0x00, 0x00, 0xFF, 0xFF, 0x55, 0x55, 0x55, 0x55,
    0x00, 0x01, 0x00, 0x00, 0x00, 0x00, 0x00, 0x00, 0x00, 0x00, 0xFF, 0xFF, 0x55, 0x55, 0x55, 0x55,
    0x00, 0x01, 0x00, 0x00, 0x00, 0x00, 0x00, 0x00, 0x00, 0x00, 0xFF, 0xFF, 0x55, 0x55, 0x55, 0x55,
    0x00, 0x01, 0x00, 0x00, 0x00, 0x00, 0x00, 0x00, 0x00, 0x00, 0xFF, 0xFF, 0x55, 0x55, 0x55, 0x55,
    0x00, 0x01, 0x00, 0x00, 0x00, 0x00, 0x00, 0x00, 0x00, 0x00, 0xFF, 0xFF, 0x55, 0x55, 0x55, 0x55,
    0x00, 0x01, 0x00, 0x00, 0x00, 0x00, 0x00, 0x00, 0x00, 0x00, 0xFF, 0xFF, 0x55, 0x55, 0x55, 0x55,
    0x00, 0x01, 0x00, 0x00, 0x00, 0x00, 0x00, 0x00, 0x00, 0x00, 0xFF, 0xFF, 0x55, 0x55, 0x55, 0x55,
    0x00, 0x01, 0x00, 0x00, 0x00, 0x00, 0x00, 0x00, 0x00, 0x00, 0xFF, 0xFF, 0x55, 0x55, 0x55, 0x55,
    0x00, 0x01, 0x00, 0x00, 0x00, 0x00, 0x00, 0x00, 0x00, 0x00, 0xFF, 0xFF, 0x55, 0x55, 0x55, 0x55,
    0x00, 0x01, 0x00, 0x00, 0x00, 0x00, 0x00, 0x00, 0x00, 0x00, 0xFF, 0xFF, 0x55, 0x55, 0x55, 0x55,
    0x00, 0x01, 0x00, 0x00, 0x00, 0x00, 0x00, 0x00, 0x00, 0x00, 0xFF, 0xFF, 0x55, 0x55, 0x55, 0x55,
    0x00, 0x01, 0x00, 0x00, 0x00, 0x00, 0x00, 0x00, 0x00, 0x00, 0xFF, 0xFF, 0x55, 0x55, 0x55, 0x55,
    0x00, 0x01, 0x00, 0x00, 0x00, 0x00, 0x00, 0x00, 0x00, 0x00, 0xFF, 0xFF, 0x55, 0x55, 0x55, 0x55,
    0x00, 0x01, 0x00, 0x00, 0x00, 0x00, 0x00, 0x00, 0x00, 0x00, 0xFF, 0xFF, 0x55, 0x55, 0x55, 0x55,
    0x00, 0x01, 0x00, 0x00, 0x00, 0x00, 0x00, 0x00, 0x00, 0x00, 0xFF, 0xFF, 0x55, 0x55, 0x55, 0x55,
    0x00, 0x01, 0x00, 0x00, 0x00, 0x00, 0x00, 0x00, 0x00, 0x00, 0xFF, 0xFF, 0x55, 0x55, 0x55, 0x55,
    0x00, 0x01, 0x00, 0x00, 0x00, 0x00, 0x00, 0x00, 0x00, 0x00, 0xFF, 0xFF, 0x55, 0x55, 0x55, 0x55,
    0x00, 0x01, 0x00, 0x00, 0x00, 0x00, 0x00, 0x00, 0x00, 0x00, 0xFF, 0xFF, 0x55, 0x55, 0x55, 0x55,
    0x00, 0x01, 0x00, 0x00, 0x00, 0x00, 0x00, 0x00, 0x00, 0x00, 0xFF, 0xFF, 0x55, 0x55, 0x55, 0x55,
    0x00, 0x01, 0x00, 0x00, 0x00, 0x00, 0x00, 0x00, 0x00, 0x00, 0xFF, 0xFF, 0x55, 0x55, 0x55, 0x55,
    0x00, 0x01, 0x00, 0x00, 0x00, 0x00, 0x00, 0x00, 0x00, 0x00, 0xFF, 0xFF, 0x55, 0x55, 0x55, 0x55,
    0x00, 0x01, 0x00, 0x00, 0x00, 0x00, 0x00, 0x00, 0x00, 0x00, 0xFF, 0xFF, 0x55, 0x55, 0x55, 0x55,
    0x00, 0x01, 0x00, 0x00, 0x00, 0x00, 0x00, 0x00, 0x00, 0x00, 0xFF, 0xFF, 0x55, 0x55, 0x55, 0x55,
    0x00, 0x01, 0x00, 0x00, 0x00, 0x00, 0x00, 0x00, 0x00, 0x00, 0xFF, 0xFF, 0x55, 0x55, 0x55, 0x55,
    0x00, 0x01, 0x00, 0x00, 0x00, 0x00, 0x00, 0x00, 0x00, 0x00, 0xFF, 0xFF, 0x55, 0x55, 0x55, 0x55,
    0x00, 0x01, 0x00, 0x00, 0x00, 0x00, 0x00, 0x00, 0x00, 0x00, 0xFF, 0xFF, 0x55, 0x55, 0x55, 0x55,
    0x00, 0x01, 0x00, 0x00, 0x00, 0x00, 0x00, 0x00, 0x00, 0x00, 0xFF, 0xFF, 0x55, 0x55, 0x55, 0x55,
    0xFF, 0x00, 0x00, 0x90, 0x24, 0x49, 0x92, 0x24, 0x00, 0x00, 0xFF, 0xFF, 0x55, 0x55, 0x55, 0x55,
    0xFF, 0x00, 0x49, 0x90, 0x24, 0x49, 0x92, 0x24, 0x00, 0x00, 0xFF, 0xFF, 0x55, 0x55, 0x55, 0x55,
    0xFF, 0x00, 0x00, 0x92, 0x24, 0x49, 0x92, 0x24, 0x00, 0x00, 0xFF, 0xFF, 0x55, 0x55, 0x55, 0x55,
    0xFF, 0x00, 0x09, 0x90, 0x24, 0x49, 0x92, 0x24, 0x00, 0x00, 0xFF, 0xFF, 0x55, 0x55, 0x55, 0x55,
    0xFF, 0x00, 0x40, 0x92, 0x24, 0x49, 0x92, 0x24, 0x00, 0x00, 0xFF, 0xFF, 0x55, 0x55, 0x55, 0x55,
    0x00, 0x01, 0x00, 0x00, 0x00, 0x00, 0x00, 0x00, 0x00, 0x00, 0xFF, 0xFF, 0x55, 0x55, 0x55, 0x55,
    0x00, 0x01, 0x00, 0x00, 0x00, 0x00, 0x00, 0x00, 0x00, 0x00, 0xFF, 0xFF, 0x55, 0x55, 0x55, 0x55,
    0x00, 0x01, 0x00, 0x00, 0x00, 0x00, 0x00, 0x00, 0x00, 0x00, 0xFF, 0xFF, 0x55, 0x55, 0x55, 0x55,
    0x00, 0x01, 0x00, 0x00, 0x00, 0x00, 0x00, 0x00, 0x00, 0x00, 0xFF, 0xFF, 0x55, 0x55, 0x55, 0x55,
    0x00, 0x01, 0x00, 0x00, 0x00, 0x00, 0x00, 0x00, 0x00, 0x00, 0xFF, 0xFF, 0x55, 0x55, 0x55, 0x55,
    0x00, 0x01, 0x00, 0x00, 0x00, 0x00, 0x00, 0x00, 0x00, 0x00, 0xFF, 0xFF, 0x55, 0x55, 0x55, 0x55,
    0x00, 0x01, 0x00, 0x00, 0x00, 0x00, 0x00, 0x00, 0x00, 0x00, 0xFF, 0xFF, 0x55, 0x55, 0x55, 0x55,
    0x00, 0x01, 0x00, 0x00, 0x00, 0x00, 0x00, 0x00, 0x00, 0x00, 0xFF, 0xFF, 0x55, 0x55, 0x55, 0x55,
    0x00, 0x01, 0x00, 0x00, 0x00, 0x00, 0x00, 0x00, 0x00, 0x00, 0xFF, 0xFF, 0x55, 0x55, 0x55, 0x55,
    0x00, 0x01, 0x00, 0x00, 0x00, 0x00, 0x00, 0x00, 0x00, 0x00, 0xFF, 0xFF, 0x55, 0x55, 0x55, 0x55,
    0x00, 0x01, 0x00, 0x00, 0x00, 0x00, 0x00, 0x00, 0x00, 0x00, 0xFF, 0xFF, 0x55, 0x55, 0x55, 0x55,
    0x00, 0x01, 0x00, 0x00, 0x00, 0x00, 0x00, 0x00, 0x00, 0x00, 0xFF, 0xFF, 0x55, 0x55, 0x55, 0x55,
    0x00, 0x01, 0x00, 0x00, 0x00, 0x00, 0x00, 0x00, 0x00, 0x00, 0xFF, 0xFF, 0x55, 0x55, 0x55, 0x55,
    0x00, 0x01, 0x00, 0x00, 0x00, 0x00, 0x00, 0x00, 0x00, 0x00, 0xFF, 0xFF, 0x55, 0x55, 0x55, 0x55,
    0x00, 0x01, 0x00, 0x00, 0x00, 0x00, 0x00, 0x00, 0x00, 0x00, 0xFF, 0xFF, 0x55, 0x55, 0x55, 0x55,
    0x00, 0x01, 0x00, 0x00, 0x00, 0x00, 0x00, 0x00, 0x00, 0x00, 0xFF, 0xFF, 0x55, 0x55, 0x55, 0x55,
    0x00, 0x01, 0x00, 0x00, 0x00, 0x00, 0x00, 0x00, 0x00, 0x00, 0xFF, 0xFF, 0x55, 0x55, 0x55, 0x55,
    0x00, 0x01, 0x00, 0x00, 0x00, 0x00, 0x00, 0x00, 0x00, 0x00, 0xFF, 0xFF, 0x55, 0x55, 0x55, 0x55,
    0x00, 0x01, 0x00, 0x00, 0x00, 0x00, 0x00, 0x00, 0x00, 0x00, 0xFF, 0xFF, 0x55, 0x55, 0x55, 0x55,
    0x00, 0x01, 0x00, 0x00, 0x00, 0x00, 0x00, 0x00, 0x00, 0x00, 0xFF, 0xFF, 0x55, 0x55, 0x55, 0x55,
    0x00, 0x01, 0x00, 0x00, 0x00, 0x00, 0x00, 0x00, 0x00, 0x00, 0xFF, 0xFF, 0x55, 0x55, 0x55, 0x55,
    0x00, 0x01, 0x00, 0x00, 0x00, 0x00, 0x00, 0x00, 0x00, 0x00, 0xFF, 0xFF, 0x55, 0x55, 0x55, 0x55,
    0x00, 0x01, 0x00, 0x00, 0x00, 0x00, 0x00, 0x00, 0x00, 0x00, 0xFF, 0xFF, 0x55, 0x55, 0x55, 0x55,
    0x00, 0x01, 0x00, 0x00, 0x00, 0x00, 0x00, 0x00, 0x00, 0x00, 0xFF, 0xFF, 0x55, 0x55, 0x55, 0x55,
    0x00, 0x01, 0x00, 0x00, 0x00, 0x00, 0x00, 0x00, 0x00, 0x00, 0xFF, 0xFF, 0x55, 0x55, 0x55, 0x55,
    0x00, 0x01, 0x00, 0x00, 0x00, 0x00, 0x00, 0x00, 0x00, 0x00, 0xFF, 0xFF, 0x55, 0x55, 0x55, 0x55,
    0x00, 0x01, 0x00, 0x00, 0x00, 0x00, 0x00, 0x00, 0x00, 0x00, 0xFF, 0xFF, 0x55, 0x55, 0x55, 0x55,
    0x00, 0x01, 0x00, 0x00, 0x00, 0x00, 0x00, 0x00, 0x00, 0x00, 0xFF, 0xFF, 0x55, 0x55, 0x55, 0x55,
    0x00, 0x01, 0x00, 0x00, 0x00, 0x00, 0x00, 0x00, 0x00, 0x00, 0xFF, 0xFF, 0x55, 0x55, 0x55, 0x55,
    0x00, 0x01, 0x00, 0x00, 0x00, 0x00, 0x00, 0x00, 0x00, 0x00, 0xFF, 0xFF, 0x55, 0x55, 0x55, 0x55,
    0x00, 0x01, 0x00, 0x00, 0x00, 0x00, 0x00, 0x00, 0x00, 0x00, 0xFF, 0xFF, 0x55, 0x55, 0x55, 0x55,
    0x00, 0x01, 0x00, 0x00, 0x00, 0x00, 0x00, 0x00, 0x00, 0x00, 0xFF, 0xFF, 0x55, 0x55, 0x55, 0x55,
    0x00, 0x01, 0x00, 0x00, 0x00, 0x00, 0x00, 0x00, 0x00, 0x00, 0xFF, 0xFF, 0x55, 0x55, 0x55, 0x55,
    0x00, 0x01, 0x00, 0x00, 0x00, 0x00, 0x00, 0x00, 0x00, 0x00, 0xFF, 0xFF, 0x55, 0x55, 0x55, 0x55,
    0x00, 0x01, 0x00, 0x00, 0x00, 0x00, 0x00, 0x00, 0x00, 0x00, 0xFF, 0xFF, 0x55, 0x55, 0x55, 0x55,
    0x00, 0x01, 0x00, 0x00, 0x00, 0x00, 0x00, 0x00, 0x00, 0x00, 0xFF, 0xFF, 0x55, 0x55, 0x55, 0x55,
    0x00, 0x01, 0x00, 0x00, 0x00, 0x00, 0x00, 0x00, 0x00, 0x00, 0xFF, 0xFF, 0x55, 0x55, 0x55, 0x55,
    0x00, 0x01, 0x00, 0x00, 0x00, 0x00, 0x00, 0x00, 0x00, 0x00, 0xFF, 0xFF, 0x55, 0x55, 0x55, 0x55,
    0x00, 0x01, 0x00, 0x00, 0x00, 0x00, 0x00, 0x00, 0x00, 0x00, 0xFF, 0xFF, 0x55, 0x55, 0x55, 0x55,
    0x00, 0x01, 0x00, 0x00, 0x00, 0x00, 0x00, 0x00, 0x00, 0x00, 0xFF, 0xFF, 0x55, 0x55, 0x55, 0x55,
    0x00, 0x01, 0x00, 0x00, 0x00, 0x00, 0x00, 0x00, 0x00, 0x00, 0xFF, 0xFF, 0x55, 0x55, 0x55, 0x55,
    0x00, 0x01, 0x00, 0x00, 0x00, 0x00, 0x00, 0x00, 0x00, 0x00, 0xFF, 0xFF, 0x55, 0x55, 0x55, 0x55,
    0x00, 0x01, 0x00, 0x00, 0x00, 0x00, 0x00, 0x00, 0x00, 0x00, 0xFF, 0xFF, 0x55, 0x55, 0x55, 0x55,
    0x00, 0x01, 0x00, 0x00, 0x00, 0x00, 0x00, 0x00, 0x00, 0x00, 0xFF, 0xFF, 0x55, 0x55, 0x55, 0x55,
    0x00, 0x01, 0x00, 0x00, 0x00, 0x00, 0x00, 0x00, 0x00, 0x00, 0xFF, 0xFF, 0x55, 0x55, 0x55, 0x55,
    0x00, 0x01, 0x00, 0x00, 0x00, 0x00, 0x00, 0x00, 0x00, 0x00, 0xFF, 0xFF, 0x55, 0x55, 0x55, 0x55,
    0x00, 0x01, 0x00, 0x00, 0x00, 0x00, 0x00, 0x00, 0x00, 0x00, 0xFF, 0xFF, 0x55, 0x55, 0x55, 0x55,
    0x00, 0x01, 0x00, 0x00, 0x00, 0x00, 0x00, 0x00, 0x00, 0x00, 0xFF, 0xFF, 0x55, 0x55, 0x55, 0x55,
    0x00, 0x01, 0x00, 0x00, 0x00, 0x00, 0x00, 0x00, 0x00, 0x00, 0xFF, 0xFF, 0x55, 0x55, 0x55, 0x55,
    0x00, 0x01, 0x00, 0x00, 0x00, 0x00, 0x00, 0x00, 0x00, 0x00, 0xFF, 0xFF, 0x55, 0x55, 0x55, 0x55,
    0x00, 0x01, 0x00, 0x00, 0x00, 0x00, 0x00, 0x00, 0x00, 0x00, 0xFF, 0xFF, 0x55, 0x55, 0x55, 0x55,
    0x00, 0x01, 0x00, 0x00, 0x00, 0x00, 0x00, 0x00, 0x00, 0x00, 0xFF, 0xFF, 0x55, 0x55, 0x55, 0x55,
    0x00, 0x01, 0x00, 0x00, 0x00, 0x00, 0x00, 0x00, 0x00, 0x00, 0xFF, 0xFF, 0x55, 0x55, 0x55, 0x55,
    0x00, 0x01, 0x00, 0x00, 0x00, 0x00, 0x00, 0x00, 0x00, 0x00, 0xFF, 0xFF, 0x55, 0x55, 0x55, 0x55,
    0x00, 0x01, 0x00, 0x00, 0x00, 0x00, 0x00, 0x00, 0x00, 0x00, 0xFF, 0xFF, 0x55, 0x55, 0x55, 0x55,
    0x00, 0x01, 0x00, 0x00, 0x00, 0x00, 0x00, 0x00, 0x00, 0x00, 0xFF, 0xFF, 0x55, 0x55, 0x55, 0x55,
    0x00, 0x01, 0x00, 0x00, 0x00, 0x00, 0x00, 0x00, 0x00, 0x00, 0xFF, 0xFF, 0x55, 0x55, 0x55, 0x55,
    0x00, 0x01, 0x00, 0x00, 0x00, 0x00, 0x00, 0x00, 0x00, 0x00, 0xFF, 0xFF, 0x55, 0x55, 0x55, 0x55,
    0x00, 0x01, 0x00, 0x00, 0x00, 0x00, 0x00, 0x00, 0x00, 0x00, 0xFF, 0xFF, 0x55, 0x55, 0x55, 0x55,
};
